uid,registrationDataName,productImage,dataContentIntroduction,industryClassification,dataProvisionMethod,Negotiable,sjType
2fd51ecc06e14ea887fc963571ab50e3,河北省衡水市-其他金融业-衡水市“银行房企信贷”产品和服务,defaultProductThumbnail,该产品基于衡水市建筑工程施工许可证等数据源开发形成，具备提高银行获客效率，降低数据采集和安全合规成本的功能，可支撑银行缩短相应授信初审时间。,5135600b31a811f0a22c0242ac120012,0,面议,预上架
74f4aaceb19242f39a19c6edb00b1240,保定市涿州市-国家机构-涿州市企业融资需求数据场景公共数据,defaultProductThumbnail,覆盖中小微、科技型等企业，形成多维度、高效率的融资服务场景。,51d6a2ab31a811f0a22c0242ac120012,1,面议,预上架
03de40bcb0474a4a823d1af394196610,保定市高阳县-水的生产和供应业-润阳水务公司用户用水量数据产品,defaultProductThumbnail,数据涵盖【润阳水务公司用户用水量信息】，具备用户核验、用水分析等功能，可支撑家庭用水户用水健康及安全监测场景。,5093c5bc31a811f0a22c0242ac120012,2,面议,预上架
a32a076b637845b38f3e2b20c7ec9259,河北省张家口市-社会保障-临时救助对象信息数据集,defaultProductThumbnail,该数据资源为张家口市宣化区民政局进行临时救助对象工作时产生的信息数据，包含序号、地区等。,51e4be6d31a811f0a22c0242ac120012,0,面议,预上架
9b03cf08b7384a8290142329141f4e5f,河北省张家口市-社会保障-农村老年人基本信息数据集,defaultProductThumbnail,该数据资源为张家口市宣化区民政局关于收集农村老年人基本信息时产生的数据，包含所属城市、姓名、民族等。,51e4be6d31a811f0a22c0242ac120012,0,面议,预上架
d28bf743bed645fc9660e8b74a9ed3c2,河北省张家口市-社会保障-农村特困最低生活保障对象信息查询清单数据集,defaultProductThumbnail,该数据资源为张家口市宣化区民政局进行农村特困最低生活保障对象工作时产生的信息数据，包含序号、地区等。,51e4be6d31a811f0a22c0242ac120012,0,面议,预上架
f40171b22944495a9ddd8f92560197f8,保定市顺平县-道路运输业-公交车车辆信息产品,defaultProductThumbnail,该数据产品和服务基于顺平县公交车车辆信息产品数据源开发形成，具有序号、车牌号等功能，可服务与开发智慧公交场景建设工作。,50c4baad31a811f0a22c0242ac120012,0,面议,预上架
9b5cef3577fa48829ff866a710b78f34,保定市顺平县-道路运输业-公交车运行实时位置信息产品,defaultProductThumbnail,该数据产品和服务基于顺平县公交车运行实时位置信息源开发形成，具有车牌编号、车牌号、告警时间、实时位置功能，可服务与开发智慧公交场景建设工作。,50cbc1bd31a811f0a22c0242ac120012,0,面议,预上架
4c66ef89649c4392b4f06b9f1417dc01,河北省邢台市-保险业-中标贷,defaultProductThumbnail,中标后的企业常面临项目启动阶段的资金压力，但中小企业普遍存在资金周转困难，传统贷款难以满足其及时的资金需求，银行难以全面掌握企业经营状况和项目实际进展。为此，银行基于“中标积分”，实现信贷决策的标准化,512e7c6931a811f0a22c0242ac120012,0,面议,预上架
0da90d0280db4bca9c2b66fcee419bcf,保定市易县-农业-易县土壤质量数据产品,defaultProductThumbnail,该数据产品基于易县农业局耕地质量监测数据资源开发形成，具备测土配方从源头提升原料红薯的淀粉含量与品质稳定性等功能，可支撑土壤适配、种植指导、原料预测、品质溯源等服务。,5e9e70c51b3b4ff2b66abca470f2590b,2,面议,预上架
164e23831d9c459aa168746d8d20f0b2,保定市-居民服务业-保定市婚姻状况评估单人场景化服务产品,defaultProductThumbnail,数据涵盖【婚姻登记信息、离婚登记信息、家庭关系数据、社保缴费信息、信用记录】,5182539c31a811f0a22c0242ac120012,0,面议,预上架
811c611d6a134bdbb7a33f1ceb4ce458,保定市-居民服务业-保定市婚姻状况评估双人场景化服务产品,defaultProductThumbnail,数据涵盖【婚姻登记信息、离婚登记信息、家庭关系数据、社保缴费信息、信用记录】,5182539c31a811f0a22c0242ac120012,0,面议,预上架
731d8f1bd98e4b7a9a0f647b0b75a76c,保定市-信息技术咨询-保定市拥军爱民评估场景投保核验服务产品,defaultProductThumbnail,数据涵盖【退役军人领域的退役军人优抚政策、就业创业政策等数据，医保领域的医疗保障等数据，社保领域的社会保险、就业等数据，民政领域的优抚、婚姻等数据，卫健领域的医疗资源、健康档案等数据】。,511970e431a811f0a22c0242ac120012,0,面议,预上架
8c299d58925d4d3aaa889eb06980d522,保定市-信息技术咨询-保定市拥军爱民评估场景理赔核验服务产品,defaultProductThumbnail,数据涵盖【退役军人领域的退役军人优抚政策、就业创业政策等数据，医保领域的医疗保障等数据，社保领域的社会保险、就业等数据，民政领域的优抚、婚姻等数据，卫健领域的医疗资源、健康档案等数据】。,511970e431a811f0a22c0242ac120012,0,面议,预上架
b85bfb2ce73c4ccca71d54f5998840fc,保定市-信息技术咨询-保定市科技信贷评估场景贷前评估服务产品,defaultProductThumbnail,定制企业画像，风险评估报告,511970e431a811f0a22c0242ac120012,0,面议,预上架
661eb7ab70704542abc28af91a65bb69,保定市-信息技术咨询-保定市科技信贷评估场景贷中监控服务产品,defaultProductThumbnail,定制企业画像，风险评估报告,511970e431a811f0a22c0242ac120012,0,面议,预上架
dbf12f9180ab45c59b060572ce4a05d8,保定市-信息技术咨询-保定市科技信贷评估场景贷后分析服务产品,defaultProductThumbnail,贷后分析报告：关注信息追踪，执行标的权属、开庭、法拍、知识产权侵权授权等信息梳理等定制话报告服务。,511970e431a811f0a22c0242ac120012,0,面议,预上架
68ae616ad5314c89a39d89c09654c850,保定市-信息技术咨询-保定市拥军爱民评估场景客群分析服务产品,defaultProductThumbnail,数据涵盖【退役军人领域的退役军人优抚政策、就业创业政策等数据，医保领域的医疗保障等数据，社保领域的社会保险、就业等数据，民政领域的优抚、婚姻等数据，卫健领域的医疗资源、健康档案等数据】。,511970e431a811f0a22c0242ac120012,0,面议,预上架
bb822018ab704ee1802a5e375feaee9c,保定市-专业技术服务业-地下管道管网缺陷数据集,defaultProductThumbnail,该数据产品为河北九华勘查测绘有限责任公司在项目生产过程中，利用高分辨率卫星遥感影像数据，将地表划分为建筑、耕地等地物数据集。为国土空间规划、生态保护及可持续城市发展提供精准的地表覆盖信息基础。,5158270831a811f0a22c0242ac120012,2,面议,预上架
85c6777cd350414fbbca4b63c7209d4f,保定市-专业技术服务业- 遥感土地利用分类数据集,defaultProductThumbnail,该数据产品为河北九华勘查测绘有限责任公司在项目生产过程中，利用高分辨率卫星遥感影像数据，将地表划分为建筑、耕地等地物数据集。为国土空间规划、生态保护及可持续城市发展提供精准的地表覆盖信息基础。,5158270831a811f0a22c0242ac120012,2,面议,预上架
788e227eeaa44b7784802835c634c8c0,河北省邢台市柏乡县-道路运输业 -停车数量信息查询,bca93886a18f491c9d5380690b8cb09f,本产品整合了柏乡县全域公共停车场及路侧停车位的基础数据与动态信息。数据维度包含停车场的名称、位置坐标、总泊位数、收费标准及营业时间。同时提供实时剩余车位数量、入场/出场车辆流水记录等动态指标，覆盖柏乡县主要政务中心、商业区及交通枢纽周边停车资源。,50cbc1bd31a811f0a22c0242ac120012,2,面议,预上架
57903cac2d64444eb3bbb6b94639b674,河北省邢台市沙河市-科技推广和应用服务业-deepseek使用情况调查数据集,9e9890cc319c452da0d01b4490df2260,本数据集收录了沙河市deepseek使用情况调查问卷的相关数据，主要内容包括年龄段、学历、大模型知晓情况、AI工具使用情况等。,515f1d0531a811f0a22c0242ac120012,2,面议,预上架
1ce9528bf41f42c8ab599c5a5a14dc76,辛集市-商务服务业-企业信用评级信息接口,defaultProductThumbnail,通过脱敏处理保留“企业-信用等级-评级指标”核心关联信息，结构化整合信用评级结果关键数据，为银行、金融机构、投融资机构及涉企金融服务平台提供多维数据支撑。,514a530f31a811f0a22c0242ac120012,0,面议,预上架
3a6879e73fdd4226a816a20cb8b99a9d,辛集市-道路运输业-道路运输证件查询接口,defaultProductThumbnail,"本数据产品涵盖道路运输证书结构化信息，经合规脱敏处理后，完整保留资质核验所需的关键字段。
",50cbc1bd31a811f0a22c0242ac120012,0,面议,预上架
ee2d494bbeae4dffad4414f18104dc07,邢台市广宗县-金属制品、机械和设备修理业-特种设备涉及企事业单位台账查询,4749f520723a4299b62f0364c91e2fde,本数据主要涉及集中管理146家使用单位的特种设备信息，实时跟踪2295台在用设备和146台停用设备，包括各维护使用单位的基本信息和社会信用代码。,0dcb62a3317811f0a22c0242ac120012,2,面议,预上架
67ce74772f2d48d286fb36cc885bd6b4,河北省邢台市宁晋县-互联网和相关服务-宁晋创新平台信息查询,492b0e25e10f482d88b0c4bbe619449f,可用于了解宁晋县企业技术中心、工程研究中心、工程实验室等创新平台情况。,5112b17f31a811f0a22c0242ac120012,2,面议,预上架
ed5b13506a38433d965b9f2cd5496750,河北省邢台市隆尧县-专业技术服务业-充电基础设施信息查询,257358f2ed144e90b24fe699b63824cb,该数据产品基于邢台市隆尧县全县范围内已建成的公共及专用充电站（桩）的关键信息，涵盖充电设施具体位置、充电桩数量、建设单位等核心字段。公众服务与智慧交通场景，助力智慧城市与绿色出行体系建设。,5158270831a811f0a22c0242ac120012,2,面议,预上架
3d74eb9bbc404eed924cd677fad92acc,河北省廊坊市经济技术开发区-软件和信息技术服务业-热线分析报告,b86c9750502e48b1a5ed7df17272baa2,本产品全面整合廊坊经济技术开发区长期积累的各类民生服务工单记录，运用智能语义分析技术对群众诉求进行自动识别与精准流转，构建起多机构高效联动的处置机制。面向物业服务企业与社区运营单位，该系统能够基于历史案例智能推送同类问题的处理策略，持续优化服务规范与操作流程。同时，也为相关企业开展社会化服务场景中AI大模型的训练与迭代，提供了丰富、真实的语言交互样本与社会化情境数据支持。,511970e431a811f0a22c0242ac120012,0,面议,预上架
32f204b36fb8473289066c3136cb15b3,河北省廊坊市安次区-教育-食安智控,97734bc5cc7d4e34ab7efa93bed0b567,是面向学校后勤管理部门、食药监监督机构的膳食安全监管数据产品。产品依托全链路膳食采集数据，构建从食材采购入库到加工留样的闭环追溯体系，实时监测加工关键指标是否达标，自动生成食安风险预警报告。管理人员可通过可视化看板快速定位风险环节，监管部门可在线核验食安落实情况，从源头保障校园膳食安全。,51978a8231a811f0a22c0242ac120012,0,面议,预上架
7091e07f805747388da4d5349be383c1,邢台市襄都区-生态保护和环境治理业-油烟在线监测平台项目信息查询,99ef55e7ef5145569fbb761231395ec1,油烟在线监测系统的功能主要包括：数据采集与管理、数据统计查询与报表、系统设置与管理、企业信息管理、WEB数据实时发布、系统提供数据库接口、智能手机访问接口功能。餐饮油烟在线监测系统，通过在餐饮企业现场部署监测终端设备，实时监控其油烟排放情况，并将数据同步上传至云端监控平台；打通了监控中心与各个餐饮企业油烟排放监控点之间的网络通道，实现油烟排放超标自动预警。,516cf6b231a811f0a22c0242ac120012,2,面议,预上架
1318cc6fb218476fa03c44f9b36ab2c3,河北省廊坊市三河市-卫生-门诊常见病种-药品消耗关联看板,46e4026af9ed4471a69bccbb59f00829,本产品面向医院门诊药房、医务科、采购部的轻量化数据可视化工具，依托门诊诊断数据与处方发药数据的关联分析，打通“病种-用药”的对应链路，为门诊药品精准备货、库存优化、用药规范管理提供直观的数据支撑。,519ea78231a811f0a22c0242ac120012,0,面议,预上架
8483e97aaaa84556b491420a648e7760,河北省廊坊市大城县-生态保护和环境治理业-环责数据集分表计电数据分析报告,6c3d5c079a584968bdcd7a92a91cd678,根据区域内各个分表显示的企业电量提供保险金融分析报告，为保险公司提供准确客户服务,516cf6b231a811f0a22c0242ac120012,0,面议,预上架
0c48fdff558043cb80f3fe34e4cfa7c2,河北省廊坊市大城县-生态保护和环境治理业-环责数据集环境监测数据分析报告,8c3bcba7529541da801e1d47dd446984,根据区域内企业监测时间、各种污染物质的浓度、氧含量瞬时值提供保险金融分析报告，为保险公司提供准确客户服务,516cf6b231a811f0a22c0242ac120012,0,面议,预上架
a337805731434238a7c5504b00ec9cb8,河北省邢台市清河县-专业技术服务业-充电基础设施信息查询,c1f49df401314c1093e1dd114389f635,用于第三方企业查询当前公共充电桩按照数量、分布位置、日常使用等情况，便于对新建充电桩项目合理分配安装数量与位置，避免资源浪费。,5158270831a811f0a22c0242ac120012,2,面议,预上架
36ade77c456049b1891d047d62a6a20b,河北省邢台市南和县-专业技术服务业-公共充电桩项目信息查询,6124582dadbe49a2a0028453001864a8,对全区建成区和各乡镇、村建设公共充电桩设施，可以对全区充电桩分布情况和使用情况进行查询。,5158270831a811f0a22c0242ac120012,2,面议,预上架
fc4a52e5adb5423a8f25cd8e3b8420c4,河北省廊坊市-居民服务业-燃气网点查询,4f218af9676c49e0b9e161e21d6c0e4b,显示廊坊市燃气公司的营业网点分布信息，包括地址、需求用途、联系电话等，方便用户前往办理燃气相关业务。,5182539c31a811f0a22c0242ac120012,0,面议,预上架
35ab7022047647dbb0f565f296013da9,河北省廊坊市-其他金融业-信鉴智核风控引擎,408a6868ca7e45aab9c525d5850d5911,整合多源数据，构建开放共享的企业信用数据生态，确保数据真实权威覆盖贷前审查、贷中监控、贷后管理等业务场景，满足金融机构全生命周期需求内置信鉴·智核风控引擎，提供清晰的评分依据和风险洞察,5135600b31a811f0a22c0242ac120012,0,面议,预上架
6b615c929fe4423982dc6e26d6fe9dba,河北省廊坊市-居民服务业-驾驶人考试场地查询,d8d8732ec4e94de7ad0774eb6e6e37bf,帮助驾驶人查找廊坊市范围内的机动车驾驶人考试场地的相关信息，包括场地地址、联系电话等，方便考生提前了解考试场地情况，做好考试准备。,5182539c31a811f0a22c0242ac120012,0,面议,预上架
52024553b3d3414380a5caeb87fb4ccd,河北省廊坊市-居民服务业-救助站查询,e1785bf81de04d6593ffb21a6996ceff,提供廊坊市救助站地址、联系电话及救助站床位显示，为有需要的人提供帮助指引。,5182539c31a811f0a22c0242ac120012,0,面议,预上架
207d85b8018f4dc89c8545a477bc8588,河北省廊坊市-居民服务业-市级新闻媒体机构查询,b25da6e6b04c4870a4e5abd88f98e640,提供廊坊市市级新闻媒体机构的相关信息，如报社、广播电视台等媒体的地址、电话等，方便用户了解本地新闻媒体资源，也便于媒体机构与公众之间的沟通和联系。,5182539c31a811f0a22c0242ac120012,0,面议,预上架
40a2c228f825456aa9b080049f420cb7,河北省廊坊市临空经济区-其他金融业-停车推荐服务产品,2c6a262d7d554fcaa97e0f752d1b57f1,对周边公共停车地点、停车频率、停车时长、停车费用、是否有充电桩、充电费用等信息进行综合分析，根据不同需求（例如费用最低、充电最便宜、停车最方便、车位空闲时间段等）为车主提供最优停车方案，提供停车推荐分析报告，为车主停车推荐最优停车方案，提高停车效率，降低停车费用。,5135600b31a811f0a22c0242ac120012,0,面议,预上架
7942937b8b384179b092c995b34b34da,河北省廊坊市-居民服务业-公墓查询,3a38bcdae6d74edda3eaa664078da85b,公墓查询为用户提供廊坊市各公墓的相关信息，如公墓地址、单位简介等，帮助有购墓需求的用户了解公墓情况，选择合适的墓地。,5182539c31a811f0a22c0242ac120012,0,面议,预上架
27488fa8bf2c4383ba95d05a884b95ae,河北省廊坊市-居民服务业-司法鉴定机构查询,60bf36cc24de49bab39403b9b941e501,司法鉴定机构显示廊坊市及各区县的所有的鉴定中心，包括具体位置、联系方式、业务范围等信息，方便用户依据自己所需，选择合适的鉴定中心。,5182539c31a811f0a22c0242ac120012,0,面议,预上架
a22821c56d824ac2ac081a39ced62292,河北省廊坊市文安县-电力、热力生产和供应业-第二产业用电量明细数据集,d666460729e54500855db9d3dd7385a3,企业贷后风险监测数据产品：在取得对应地市电力部门的用电量数据产品运营准入和授权后，聚焦企业贷后关键风险点，依托企业用电数据量异动数据如月度用电量较往期下滑幅度及原因、异常用电的频次增长等，经过脱敏、建模、加工，形成标签化的企业贷后监测数据产品，推送给金融机构应用于企业贷款发放后的风险动态监测、预警信号识别、风险处置辅助决策等业务场景和流程，助力机构及时掌握企业经营恶化信号，提前采取风控措施。,5085be8e31a811f0a22c0242ac120012,0,面议,预上架
bb63547ec8214d0cbaa68b544b133837,河北省廊坊市-居民服务业-服务机构查询,f4c7153cecd4486ba7554ae641d39402,提供廊坊市内退役军人服务中心查询服务，包含地理位置、联系方式和工作时间等内容展示。,5182539c31a811f0a22c0242ac120012,0,面议,预上架
b3800a3967cc44aea7c6ee9e78cd3af9,河北省廊坊市-居民服务业-菜市场查询,d42f9049ba7c46cbacbec9cfb2b944f0,提供廊坊市各菜市场的位置及导航服务，方便居民了解附近的菜市场情况，选择合适的菜市场购买新鲜的食材。,5182539c31a811f0a22c0242ac120012,0,面议,预上架
1a9d0c976fa74beaacfc755bd7a35fde,河北省廊坊市-其他金融业-医保智能风控速核保,2160d455653041d8bc3e7a3d0a90e7dc,"破解核保“黑箱”难题构建可信风控闭环“速核保”是基于医保大数据的智能核保与风险识别系统，连接医保数据端与商保应用端的“智能中枢”。帮助保司管控风险及业务经营稳定性，有效管控保单预期风险、降低出险率及减少预期赔付支出
",5135600b31a811f0a22c0242ac120012,0,面议,预上架
9c6bd229334d4c0a9863283350a7126c,河北省廊坊市-居民服务业-收养登记机关查询,762f380b0cf140e6927165e985fa90e8,收养登记机关查询提供廊坊市收养登记机关的相关信息，包括地址、电话等，为有收养意愿的家庭提供指导和帮助，确保收养行为合法合规。,5182539c31a811f0a22c0242ac120012,0,面议,预上架
db010755e62f4fd787be4b41924f5e77,河北省廊坊市-居民服务业-烈士纪念设施查询,932176cfc47047e3a2e8844eb25d1537,以地图形式展示廊坊市烈士陵园分布，并介绍陵园名称、具体位置、保护管理单位情况等信息。,5182539c31a811f0a22c0242ac120012,0,面议,预上架
ee85129b964d4319b308c44b9355ace2,河北省廊坊市-居民服务业-旅行社查询,06db4471ef884a1899bf3e7e984a2b63,旅行社查询收录廊坊市各旅行社的信息，如旅行社名称、地址、电话、经营范围等，方便游客选择合适的旅行社，为出行提供便利。,5182539c31a811f0a22c0242ac120012,0,面议,预上架
1d3b8e97efa046f9a32fa944b8dd98e8,河北省廊坊市-居民服务业-停车场查询,724829dc7312487998eb73af2f1877c1,停车场功能展示廊坊市内停车场分布，提供用户查找廊坊市内停车场信息功能。,5182539c31a811f0a22c0242ac120012,0,面议,预上架
57e11af7e5af450193f43e60d567e3e1,河北省定州市-教育-教师资格证照信息核验接口,defaultProductThumbnail,该数据产品和服务基于定州市数据和政务服务局权威数据开发形成，具备教师资格证姓名与证书编号精准核验功能，可快速判定信息匹配有效性。,51978a8231a811f0a22c0242ac120012,0,面议,预上架
4d94ca2593354108b764755f67e12cc0,河北省定州市-卫生-护士执业注册证照信息核验接口,2bf16e07a3ef4229a3402f7a5135cc6d,本产品基于定州市数据和政务服务局权威数据开发，提供护士 “姓名 + 执业证书编号” 核验服务，精准校验执业资质有效性，支撑医疗机构、政务平台资质审核，提升医疗用工与政务办理效率。,519ea78231a811f0a22c0242ac120012,0,面议,预上架
ab2e761d2dfa4c408939069efc230e4d,河北省廊坊市-居民服务业-机动车登记服务站查询,443571ad82714143bb7786d1d32016b9,为车主提供机动车登记服务站查询服务，同时提供服务时间和联系方式，方便车主办理车辆登记手续。,5182539c31a811f0a22c0242ac120012,0,面议,预上架
1ee89bdf3b65461ba948838b202cc7b9,河北省廊坊市-居民服务业-文化馆查询,6efcd9bb07864d3fa2bfa2cd09da8659,展示廊坊市内艺术馆和文化馆的相关信息，如地理位置和电话等信息，方便廊坊市内各区县群众对文化和艺术进行了解。,5182539c31a811f0a22c0242ac120012,0,面议,预上架
87fb23f62e8a4767ad35f2a740218a9d,河北省廊坊市临空经济区-其他金融业-车贷服务产品,ecbf73f3ac394345b930680173d4dcf4,根据车辆公共停车地点、停车频率、停车时长等信息，综合判断该车辆的活动范围、活动频率以及车主偏好等情况，输出针对该车辆车险的综合分析报告，为保险公司车险业务拓展提供数据支撑，识别优质或高危车险客户，合理规避车险理赔风险。,5135600b31a811f0a22c0242ac120012,0,面议,预上架
4dbf94fe729845cd858b5a12f811fd0a,河北省廊坊市-居民服务业-医保门诊查询,66e4c882c3e84be6b4e32d075c36dc28,医保门诊提供廊坊市各区县的中医门诊，口腔诊所，社区卫生服务站等地理位置信息，方便用户就是就诊，合理利用医保资源。,5182539c31a811f0a22c0242ac120012,0,面议,预上架
78b769e4e230445ab6f2858ef7a95bc1,河北省廊坊市-居民服务业-出入境网点查询,ca583286c81c48d19ab8a455af885ee8,出入境显示廊坊市内各区县的出入境接待大厅的地理位置信息，为居民提供出入境接待大厅的联系电话和营业时间等功能，方便居民办理出入境相关手续。,5182539c31a811f0a22c0242ac120012,0,面议,预上架
fa11ff4e40ca4d1bb1ce1be301170e84,河北省廊坊市-居民服务业-医保住院机构查询,0a96a2d9da3b4a3b983877c6e218ddf4,医保住院显示廊坊市内享受医保服务的医院和社区卫生服务中心位置信息、联系电话等信息，为用户咨询和就医提供便捷。,5182539c31a811f0a22c0242ac120012,0,面议,预上架
0f767e139b2c45c692d87b17de80bf29,河北省廊坊市-居民服务业-婚姻登记机关查询,9c552f165633453abae8164cdd9b1bac,婚姻登记机关查询帮助用户查找廊坊市各婚姻登记机关的地址、电话，方便准备结婚或离婚的当事人了解相关事宜，顺利办理婚姻登记手续。,5182539c31a811f0a22c0242ac120012,0,面议,预上架
fd6af50c18494eaab5784a95c637c27c,河北省廊坊市-居民服务业-开锁企业查询,2e369c6ad5124720ab811f147042f68b,提供廊坊市正规开锁企业的信息，包括企业名称、地址、联系电话等，方便用户在遇到开锁需求时能找到可靠的开锁服务。,5182539c31a811f0a22c0242ac120012,0,面议,预上架
27105fe8af8e4bdd87d6841903d71f3c,河北省廊坊市-居民服务业-医院查询,51141d9ce46349feaf684344b379f80e,医院查询帮助用户查找廊坊市各类医院的信息，包括医院名称、地址等，方便患者根据自己的病情和需求选择合适的医院就医。,5182539c31a811f0a22c0242ac120012,0,面议,预上架
7ddd948c8d8042de94c4d46fac774d58,河北省廊坊市-居民服务业-公积金网点查询,4b4148e2ce104925a7a213254b2d30e9,显示廊坊市住房公积金管理中心的网点分布信息，包括地址、联系电话等，方便群众前往办理公积金相关业务。,5182539c31a811f0a22c0242ac120012,0,面议,预上架
27e6d497560749639a93df75b9ac1563,河北省廊坊市-居民服务业-犬伤处置门诊查询,9fe300be53c84a49bfed31f6bfbe8d68,提供廊坊市犬伤处置门诊的分布信息，包括门诊地址、联系电话等，方便被犬只咬伤或抓伤的患者及时找到专业的医疗机构进行伤口处理和预防接种。,5182539c31a811f0a22c0242ac120012,0,面议,预上架
0c2867744a56400d87f0b07a83dee0d2,河北省廊坊市-居民服务业-图书馆查询,ed16e82dc1bc40598892754e302a2d67,图书馆查询功能帮助用户查找廊坊市内各区县的图书馆位置信息，提供位置查找、在线电话咨询等服务,5182539c31a811f0a22c0242ac120012,0,面议,预上架
6a99f80c6d3a4055a095a56e4f86d99c,河北省廊坊市-居民服务业-献血站点查询,c01dd6a7f83e412fb8fe430363c1d2aa,献血站点显示廊坊市献血站点的分布信息，包括献血屋地理位置信息、营业时间、联系电话等，方便爱心人士前往献血，为医疗用血提供保障。,5182539c31a811f0a22c0242ac120012,0,面议,预上架
c56cd36c4ee5420ea232439cff9ef445,河北省廊坊市-居民服务业-车管所查询,08f07efdc70f4f49a192244221239805,提供廊坊市及各区县的车管所地理位置信息，及电话咨询和导航服务。,5182539c31a811f0a22c0242ac120012,0,面议,预上架
28994a4207e343c39a9f4e7c42bdc88c,河北省廊坊市-居民服务业-供热网点查询,1627ffab7e224d3abcffbbc6bc539823,显示廊坊市供热公司的供热网点分布信息，包括地址、咨询电话等，方便用户在供热期间遇到问题时能及时联系到相关部门。,5182539c31a811f0a22c0242ac120012,0,面议,预上架
3e385a7cf6764423b82b4b082e19aebe,河北省廊坊市-居民服务业-廊坊不动产网点查询,89fcfe6754e14987b25b9d24ba366595,廊坊不动产提供办事引导、便民服务、互动交流等相关服务模块，方便廊坊市内用户对不动产相关事宜办理。,5182539c31a811f0a22c0242ac120012,0,面议,预上架
3bb29d1c806d488586eeb46015af5f6b,河北省廊坊市临空经济区-其他金融业-停车场选址服务产品,fe8ca04a728f49b7bdce3cdc2f50efde,对周边公共停车地点、停车频率、停车时长、停车费用、是否有充电桩、充电费用等信息进行综合分析，根据不同需求（例如费用最低、充电最便宜、停车最方便、车位空闲时间段等）为车主提供最优停车方案，提供停车推荐分析报告，为车主停车推荐最优停车方案，提高停车效率，降低停车费用。,5135600b31a811f0a22c0242ac120012,0,面议,预上架
a19f5b06edef4bd19ed9d6df4567ada5,河北省廊坊市-居民服务业-景点查询,c87290fb5bef4fedad75dd6386f46923,景点查询帮助用户查找廊坊市的各类旅游景点信息，包括景点名称、地理位置等，方便游客规划旅游行程，选择感兴趣的景点进行游览。,5182539c31a811f0a22c0242ac120012,0,面议,预上架
80f4019efc164cce8c0e1ef392bacf3c,河北省廊坊市-居民服务业-AED位置查询,75b508c3c1c74950a6a5ca877274472d,AED 位置查询帮助用户查找廊坊市公共场所自动体外除颤仪（AED）的放置位置，以便在紧急情况下能够快速获取 AED 进行心脏骤停急救。,5182539c31a811f0a22c0242ac120012,0,面议,预上架
bf16afe44a2d4b7dbb08a889b8e030fb,河北省廊坊市-居民服务业-法律援助中心查询,1e0e0feaad7148f7b4df78b35d10d580,法律援助中心展示廊坊所有的法律援助中心的地理位置、联系电话等信息。,5182539c31a811f0a22c0242ac120012,0,面议,预上架
0260aff454164a279f4aa937235b4503,河北省廊坊市-居民服务业-社会团体查询,c30b6b5420a54bb5a6d65a2a71dfba54,社会团体是展示廊坊市各类社会团体的相关信息，如社团名称、成立时间、宗旨、业务范围、联系方式等，方便公众了解和参与社会团体活动，也便于社团之间的交流与合作。,5182539c31a811f0a22c0242ac120012,0,面议,预上架
44f9142ae8944175bc8701e26d7d8269,河北省廊坊市-居民服务业-养老机构查询,1ab03942837f4b5eb8b2f8cb36418c42,养老机构提供廊坊市各类养老机构的信息，如养老院、老年公寓等地址、服务对象、收费标准、服务内容等，帮助有养老需求的家庭选择合适的养老机构。,5182539c31a811f0a22c0242ac120012,0,面议,预上架
4934408b84604ae5bc67f7e4f498af7f,河北省廊坊市-居民服务业-星级饭店查询,ff624d1fa78345ef994e09fc6ff84654,收录廊坊市各星级饭店的信息，包括饭店名称、酒店名称、地址、电话等，方便用户根据自己的需求选择合适的住宿和餐饮场所。,5182539c31a811f0a22c0242ac120012,0,面议,预上架
d140d3e061064fc4a370af5800fd5689,河北省廊坊市-居民服务业-公厕查询,1ae6906149d04013bc2b0632300cfe62,帮助用户查找廊坊市公共厕所的位置信息，包括具体地址及导航等，方便市民和游客在外出时能快速找到公厕，解决如厕问题。,5182539c31a811f0a22c0242ac120012,0,面议,预上架
977d0b588b12401298228e6e7c2c5cd9,河北省廊坊市-居民服务业-运动健身场所查询,6ad6abb9056841fc84bc1b0a1f0cfd4e,运动健身功能为用户提供廊坊市区健身房地理位置及导航功能，为用户找到合适的健身房带来了便利。,5182539c31a811f0a22c0242ac120012,0,面议,预上架
44ff92cdbb9a4ccabfecaa20ef0ccccb,河北省廊坊市-居民服务业-公交查询,690c3972cf55474eb1b823b1fde1cac0,公交查询功能提供廊坊市公交线路实时信息查询服务。,5182539c31a811f0a22c0242ac120012,0,面议,预上架
32785934d4d249f7b88b68bab506521c,河北省廊坊市-居民服务业-司法所查询,9efe2f406adc4651ae04c56133961d62,司法所查询廊坊市及各区县所有的司法所的位置信息和联系电话。,5182539c31a811f0a22c0242ac120012,0,面议,预上架
db9c8d5561ad45eaa0b056072bfb9db9,河北省廊坊市-居民服务业-公园查询,9b7e4c41f0784b8bbb1fdc56f2655433,公园查询功能帮助用户查找廊坊市内公园信息。,5182539c31a811f0a22c0242ac120012,0,面议,预上架
b9ae6361a2b14a90a228c04ca876f06d,河北省廊坊市-居民服务业-机动车核验机构查询,6b21e886518f4b7b837f92ad735d06e7,机动车核验机构功能提供廊坊市机动车安全技术检测机构查询服务，包括展示营业时间、地理位置信息等。,5182539c31a811f0a22c0242ac120012,0,面议,预上架
465ed17f827844c799cfd4b10f70443c,河北省廊坊市-居民服务业-燃气加气站查询,918f348712cc49e28ca6a1d415717d57,燃气加气站查询显示廊坊市燃气加气站的分布位置、加气类型（如天然气、液化石油气等）、营业时间、联系电话等信息，方便燃气车辆用户及时找到加气站进行加气。,5182539c31a811f0a22c0242ac120012,0,面议,预上架
1bf5229a4d8645ee82b5e887f66af80e,河北省廊坊市-居民服务业-社保卡网点查询,c64cdb026f9d4cdeb37292ca544eefe8,社保卡网点查询帮助用户查找廊坊市内社保卡服务网点的地址、联系电话等信息，方便参保人员办理社保卡相关业务。,5182539c31a811f0a22c0242ac120012,0,面议,预上架
8e02ea46e5b94413b48bb1a5f393cfeb,河北省廊坊市-居民服务业-殡仪馆查询,40b70e516a6f49369b40f06d3d7f255c,帮助用户查找廊坊当地殡仪馆的相关信息，如地址、联系电话等，方便用户在有丧葬事宜需求时能快速获取信息并进行咨询和安排。,5182539c31a811f0a22c0242ac120012,0,面议,预上架
9c670a9e859147bf975762798986c437,河北省廊坊市-居民服务业-医保定点药店查询,1930c7c0da7d485a82e355134a85da62,医保定点药店显示廊坊市经医保部门认定的定点药店名单，包括药店地址、联系电话等信息，方便参保人员凭医保卡在定点药店购买药品，享受医保报销待遇。,5182539c31a811f0a22c0242ac120012,0,面议,预上架
c4e41b78e7a3430883fef90c128c058d,河北省廊坊市-其他金融业-商业保险极速理赔服务产品,6ea6dcdf35534f898ac01cb736489ee9,以投保人医保数据为支撑，场景运营机构在获得医保数据资源授权后，经投保人确认授权，按照商业保险公司的理赔算法，依据投保人相关的参保信息、缴费信息、诊疗记录等数据，进行理赔计算，以数据接口的形式将理赔结果反馈给商业保险公司，达到帮助商业保险公司极速理赔的目标。,5135600b31a811f0a22c0242ac120012,0,面议,预上架
403fcf20be48439ea7f39fdebd14410d,保定市竞秀区-专业技术服务业-城市道路病害检测和分类数据集,defaultProductThumbnail,该数据产品为河北九华勘查测绘有限责任公司在项目生产过程中，利用三维探地雷达系统采集高分辨率雷达图谱数据，建立涵盖空洞、脱落等道路病害数据集，赋能城市道路预防性养护、地下塌陷风险预警、智慧管网管理等,5158270831a811f0a22c0242ac120012,2,面议,预上架
7c348d3720374180b3ebd16774c5102e,河北省廊坊市-其他金融业-商业保险监管审核服务产品,2040ace912a544fa831d3878150f68a2,以投保人医保数据为支撑，场景运营机构在获得医保数据资源授权后，对医保数据进行清洗、转换、脱敏、整合和分析，形成监管审核报告，将报告反馈给商业保险公司参考，达到帮助商业保险公司进行监管预警，合理规避骗保等风险的目标。,5135600b31a811f0a22c0242ac120012,0,面议,预上架
97c80fa2d0234e9fb7ca87db0cd2a35f,河北省廊坊市-其他金融业-商业保险直赔服务产品,223d08f8327e42e78044dcba79da038c,以投保人医保数据为支撑，场景运营机构在获得医保数据资源授权后，经投保人确认授权，按照商业保险公司的理赔算法，依据投保人相关的参保信息、缴费信息、诊疗记录等数据，进行理赔计算，以数据接口的形式将理赔结果反馈给商业保险公司，达到帮助商业保险公司直赔目标。,5135600b31a811f0a22c0242ac120012,0,面议,预上架
7351c9268c4744e3a2a61fb31b1974e2,河北省承德市-其他金融业-承德市融资信用服务平台,defaultProductThumbnail,企业融资信用平台内企业信用数据,5135600b31a811f0a22c0242ac120012,0,面议,预上架
0374a483100d4770a4ab064563ce9c6b,河北省廊坊市-其他金融业-商业保险投保核保服务产品,34aaa8ea28e74dbc98693068009ccb0f,以投保人医保数据为支撑，在获得医保数据资源授权后，经投保人确认授权，将投保人相关的参保信息、缴费信息、诊疗记录等医保数据进行清洗、转换、脱敏、整合和分析，形成核查报告，将报告反馈给商业保险公司参考，达到帮助商业保险公司对投保人信息进行详细核查，合理规避投保风险的目标。,5135600b31a811f0a22c0242ac120012,0,面议,预上架
4a2908f871a0470a94ccf08fde181f69,河北省廊坊市-其他金融业-商业保险出险识别服务产品,24f43678da0b4538aef3da4c45529d7e,以医保数据为支撑，获得医保数据资源授权，就医患者完成住院登记后，由服务平台通过接口向商业保险公司发起投保人员识别的通知，由商业保险公司核实确认，服务平台向商业保险公司提供该投保人员本次就医情况，辅助商保公司提供客户关怀、报案提醒等服务，实现帮助商业保险公司提升服务质量的目标。,5135600b31a811f0a22c0242ac120012,0,面议,预上架
7f176b6f3c82451fb117475e45cb1637,河北省廊坊市-其他金融业-商业保险出险调查服务产品,c8f7e73beff5442497f996ee5a90a0cc,以投保人医保数据为支撑，场景运营机构获得医保数据资源授权，商业保险公司可以通过出险调查服务，实现对投保人员案件的实时核查以及对医疗信息的真实性核查，以出险调查报告的形式提供给商业保险公司，可帮助商业保险公司降低理赔调查的信息采集成本、提升核赔效率，有效降低骗保风险及运营成本。,5135600b31a811f0a22c0242ac120012,0,面议,预上架
d85f0ccf29f74229aff4103888053d78,河北省廊坊市大厂县-电力热力燃气及水生产和供应业-大厂回族自治县夏垫镇域电动汽车充电基础设施数据集,547f0ad74a8e449699b6f3ef2a4461bb,"""核心逻辑：整合已明确的祁福佳苑、路劲阳光城等5个核心站点数据（位置、运营方、桩型、公开桩数），对接国家电网、特来电、依威能源的实时后台数据，开发微信小程序、公众号功能模块，以世茂·萨拉曼卡（特来电超级充电站）、东方丽城（特来电站点）为核心，打包夏垫镇充电基建数据，与新能源车企（比亚迪、等）、汽车经销商企业（廊坊百裕汽车服务有限公司、大厂县聚京汽车销售有限公司）合作，打造“购车+本地补能”一站式服务。
用户体验：居民打开工具可直接查看“距离最近的空闲充电桩”“充电桩功率（快充、慢充）”“停车是否免费”，支持导航直达、预约充电（避免排队），同步推送“飞线充电安全警示”及小区内充电棚使用指引（如祁福佳苑300㎡停车棚位置）。
落地关键：新能源车企“夏垫区域补能配套合作”场景
- 合作模式：车企向夏垫镇购车用户赠送“本地充电优惠券”（定向用于镇内站点），同时联合运营方在车企4S店（可选址路劲、世茂底商）增设“小型补能点”，补充现有站点覆盖盲区，实现“车企引流+居民受益+充电站点增收”三方共赢。""",5085be8e31a811f0a22c0242ac120012#@#5093c5bc31a811f0a22c0242ac120012,0,面议,预上架
c7114705d292412aa301b78b1750f3b4,河北省廊坊市固安县-其他金融业-企业招商选址服务产品,908a63b3f39e4f0487cd3ba68d577484,"""本产品聚焦企业招商选址核心痛点，依托区域产业布局、市场潜力、资源禀赋、配套设施、政策红利等多维度数据，结合目标企业行业特性与发展需求，构建科学选址评估模型。通过量化分析区域产业链匹配度、人才供给、交通物流、营商环境等关键指标，精准筛选高适配选址区域，为企业提供选址可行性报告、风险评估及优化建议。
同时为政府招商部门、企业选址输出企业选址偏好分析、招商方向指引，助力政企精准对接，降低企业选址成本与经营风险，提升政府招商效率与匹配度，实现产业资源高效整合与区域经济高质量发展。""",5135600b31a811f0a22c0242ac120012,0,面议,预上架
fdde03675227429cbedd9877d959a380,河北省定州市-商务服务业-A级纳税人核验接口,189d59301c374f38adbdab65c4cb7a7b,本产品是基于定州市数据和政务服务局A级纳税人数据开发的标准化数据接口服务，聚焦河北省定州市商务服务业领域，核心提供企业A级纳税人资质的实时在线核验能力。通过标准化的数据交互方式，为金融机构、供应链核心企业、投资机构等用户提供精准、高效的企业税务资质核验支撑，助力用户优化业务审批流程、强化风险管控、提升商业决策科学性。,514a530f31a811f0a22c0242ac120012,0,面议,预上架
36b4c78c91e34361840e3ab0ae3b50c0,河北省定州市-社会保障-企业严重失信核验接口,93b7a5d33aa8426985fc44a546ce68fd,"""企业严重失信核验接口""是一款依托权威公共信用数据资源，为用户提供企业严重失信身份核验及全量失信信息查询的标准化数据服务产品。产品核心价值在于通过标准化接口调用，快速判定目标企业是否被列入官方严重失信黑名单，并返回经归集、清洗、核验后的全维度严重失信信息，助力用户规避合作风险、强化合规监管、提升决策安全性，",51e4be6d31a811f0a22c0242ac120012,0,面议,预上架
52f63fe319a94d02ac7185a68c8676cd,河北省定州市-社会保障-企业守信典型核验接口,b0515f98bcf542afaa08b0663c8d4966,产品核心服务在于通过接口调用方式，快速核验目标企业是否属于官方认定的守信典型主体，并返回经归集、清洗、核验后的标准化信用信息，助力用户高效把控合作风险、提升决策效率。,51e4be6d31a811f0a22c0242ac120012,0,面议,预上架
9cb4f1e3bffe4342a57ebd545ba3b83d,河北省邢台市隆尧县-商务服务业-营商环境监测点信息查询,085ec93d20ec413da83fe6d2d7a8459f,"本产品涵盖隆尧县 15 家重点营商环境监测点企业信息，包括远大阀门、今麦郎、三友橡塑等行业龙头。数据包含企业统一社会信用代码、所属行业（涉及制造、食品、化工等）、所在乡镇及“专精特新”等企业性质标签。
",514a530f31a811f0a22c0242ac120012,2,面议,预上架
39dd4de4b4b34f0c963d23d93237943b,河北省邢台市经开区-水的生产和供应业-农村自来水用户缴费信息查询,2fe240696c4c4ca19d1bcde1c3c04b73,主要承载了交易时间、表具编号、水表用途、水表类型、水价方案、缴费方、交易类型、交易金额、客户名称、详细地址等业务信息,5093c5bc31a811f0a22c0242ac120012,2,面议,预上架
1aefebab9b214b32b5ee84bd05653cbe,河北省邢台市宁晋县-电力-风电项目信息查询,4ede12bd23024ddb9c9f15d01dfa0265,查询宁晋县的风电项目分布、项目规模等情况。,5085be8e31a811f0a22c0242ac120012,2,面议,预上架
c5f3c5d9a7bd4be1bb73f3ffae304e0a,河北省邯郸市-货币金融服务-“企业用气”产品和服务,defaultProductThumbnail,企业用气数据产品和服务基于邯郸产投华燃新能源集团有限公司企业用气数据源开发形成，具备核验功能，可服务金融业货币金融核验服务。,51207eef31a811f0a22c0242ac120012,0,面议,预上架
4d6f60e3fcfc493690d48e0fac1e9398,河北省石家庄市深泽县-卫生-医疗体检核验接口,defaultProductThumbnail,河北省石家庄市深泽县县医院在日常进行体检业务中产生的数据，包含体检号、项目名称、结果等信息，可用于用户体检信息查询、为医药公司提供制药供药依据等场景。,519ea78231a811f0a22c0242ac120012,0,面议,预上架
92f307528cde4e669ab10a560c48d549,河北省邢台市广宗县-居民服务业-废品回收企业信息查询,24268e5d91e04c4ba8fca3752c5a9515,该产品基于废品回收企业信息建成，包括市场行情分析报告、政策补贴申报辅助、数据安全运维、定制化功能开发等，助力企业精准把握市场动态，充分享受政策红利，降低数字化转型成本。,5182539c31a811f0a22c0242ac120012,2,面议,预上架
0df6d2d05444430591f9c3c257bfa198,河北省邢台市沙河市-文化艺术业-AI提示词信息查询,5bb04a6fd1ff4620b359025c89d2e73c,本数据集收录了沙河市数据局创作的各类人工智能大模型提示，涵盖了文生图片、文生视频、文生音乐、旅游攻略、美食文化、防火宣传、禁烟宣传等10余个场景，约8000条数据。,51bab53331a811f0a22c0242ac120012,2,面议,预上架
8be7402db4fa4d4b9706d561a94919bf,河北省邢台市沙河市-专业技术服务业-气象服务信息查询,60a042e5461742ed888bb1ffb01ce974,本数据集收录了沙河市2024年各类气象信息的数据，涵盖了气象要素日报、环境要素周报、汛期日报、重要气象信息专报、灾害预警信息、新能源气象服务专报等11个种类，具有丰富的应用场景。,5158270831a811f0a22c0242ac120012,2,面议,预上架
ccb74d829a2343969079dbe5facf300c,河北省邢台市沙河市-教育-中小学人工智能进校园作品信息查询,ffbb9f2f683e4e6d864bdd9fef76726f,本数据集收录了2024年-2025年沙河市数据局人工智能进校园活动中制作的120余张ai创作作品，创作工具涵盖了豆包、扣子、腾讯元宝等ai工具和Qwen、kolors等ai生图大模型。,51978a8231a811f0a22c0242ac120012,2,面议,预上架
cec0eaf161a84cffa522dfc01fe299ae,河北省秦皇岛市-批发业-出版物经营许可证查询接口,defaultProductThumbnail,该数据产品和服务基于“出版物经营许可证”证照信息等数据源开发形成，具备证照信息查询功能。,50b6ccc031a811f0a22c0242ac120012,0,面议,预上架
c568830ab529489fa49cdf66fb386362,河北省秦皇岛市-公共设施管理业-城市餐厨废弃物处置从业许可证查询接口,defaultProductThumbnail,该数据产品和服务基于“城市餐厨废弃物处置从业许可证”证照信息等数据源开发形成，具备证照信息查询功能。,51741da331a811f0a22c0242ac120012,0,面议,预上架
f4a1c0c9a7f741fea7234d8fe7e55bce,河北省秦皇岛市-商务服务业-社会团体法人登记证书查询接口,defaultProductThumbnail,该数据产品和服务基于“社会团体法人登记证”证照信息等数据源开发形成，具备证照信息查询功能。,514a530f31a811f0a22c0242ac120012,0,面议,预上架
904d4f06d0914cd384299d3bd2803c4b,河北省秦皇岛市-商务服务业-人力资源服务许可证查询接口,defaultProductThumbnail,该数据产品和服务基于“人力资源服务许可证”证照信息等数据源开发形成，具备证照信息查询功能。,514a530f31a811f0a22c0242ac120012,0,面议,预上架
a8949b55d2014e11a8a9e5052324f0b6,河北省沧州市-教育-训海领航,defaultProductThumbnail,该数据产品和服务基于行政审批数据源开发形成，可自动查询职业学校主体注册经营范围，提高职业学校培训支撑相关企业挖掘相关供应商机的效率与准确性。,51978a8231a811f0a22c0242ac120012,0,面议,预上架
90accff242884d2893c6fbc18156be69,河北省沧州市-保险业-信易核,defaultProductThumbnail,"信易核""是为银行、保险等金融机构量身打造的企业级数字风控产品。以盐山县行政审批局的数据为核心，通过结构化、标准化的API服务，将关键政务信息转化为直观的企业体检报告""。",512e7c6931a811f0a22c0242ac120012,0,面议,预上架
0074ee9228014091a496ba281362b57e,河北省沧州市-金融业-信审通,defaultProductThumbnail,"信审通""是一款面向银行、保险等金融机构的标准化企业信息核验数据服务产品。产品深度融合市场监督管理局等权威部门的实时政务数据，以统一社会信用代码为唯一标识，构建企业全景画像。",5135600b31a811f0a22c0242ac120012,0,面议,预上架
b3d8535867d5461889c3d92d93f3b8e5,河北省沧州市-保险业-医保智核通,defaultProductThumbnail,该数据产品和服务基于盐山县医保局数据源开发形成，联动医保政策与金融风险模型，输出核验结果，显著提升金融机构业务审核效率与风险识别精准度。,512e7c6931a811f0a22c0242ac120012,0,面议,预上架
30820c2e3e5e467e8c57029ad8eaab83,河北省沧州市-国家机构-睿析引擎,defaultProductThumbnail,该数据产品和服务基于运河区行政审批数据源开发形成，提供按企业名称、统一社会信用代码、经营范围、状态进行关联查询的接口，向企业支撑服务业反馈行业潜在商机。,51d6a2ab31a811f0a22c0242ac120012,0,面议,预上架
20ebe50a752e4fff989842ec33e2d19c,河北省沧州市-金融业-企业用水风控宝,defaultProductThumbnail,基于企业持续用水数据，结合时间序列分析模型，对企业经营稳定性进行量化评估，为金融机构提供企业经营真实性与持续性的辅助判断依据。,5135600b31a811f0a22c0242ac120012,0,面议,预上架
5af987322bf44565827456b8ddc8d568,河北省沧州市-其他金融业-融资慧眼,defaultProductThumbnail,基于授权的数据开发“融资慧眼”产品，专为银行等金融机构的预授信系统赋能。该产品可自动查询企业信息、企业奖惩信息、企业股权信息、企业状态等，全面替代传统人工查证与线下纸质材料审核模式，显著提升授信审批的效率与准确性。同时，产品输出客观权威的数据支撑，助力金融机构落实风险管理要求，为企业信贷业务的差异化定价与风险分级管理提供科学依据，赋能绿色金融精准服务产业转型。,5135600b31a811f0a22c0242ac120012,0,面议,预上架
2e486dc58d88452daedac0fb9676d154,河北省石家庄市裕华区-国家机构-内资市场主体查询清单数据集,defaultProductThumbnail,该数据产品和服务基于企业注册登记等数据源开发形成，具备企业状态核验等功能，可服务于行业协会、金融、保险机构等，支撑研究、决策、分析、核验等。,51d6a2ab31a811f0a22c0242ac120012,2,面议,预上架
15e8802172a14d3eb421b18061dc48b4,河北省石家庄市裕华区-道路运输业-道路运输事项审批数据集,defaultProductThumbnail,该数据产品和服务基于综合受理办理道路运输许可职权时形成，具备核验运输证件等功能，可服务于行业协会、保险、金融机构等，支撑研究、决策、分析、核验等。,50cbc1bd31a811f0a22c0242ac120012,2,面议,预上架
ac542849f62f48be8bd392da302259bd,河北省石家庄市赞皇县-水的生产和供应业-企业用水行为分析赋初级产品,defaultProductThumbnail,该数据产品基于企业用水情况等数据源开发形成，具备分析企业用水行为等功能，可提供分行业、分区域用水效率数据，提前做好用水预算和管控，用于水生产公司用水配额与成本管理， 水平衡分析与漏损控制等场景,5093c5bc31a811f0a22c0242ac120012,0,面议,预上架
89e4063a5ab9449f8acc682daea8a2fc,河北省邢台市隆尧县-电力、热力生产和供应业-测风数据信息查询,35c0f5504dc74ad996fd7972fee4b851,汇集了各潜在风电场址的测风塔关键信息，包括所属乡镇、业主单位、具体位置（经纬度坐标）等核心地理与权属字段，可以实现信息归档与查询、资源评估前置分析，可支撑风电项目前期管理场景，招商引资与信息服务场景。,5085be8e31a811f0a22c0242ac120012,2,面议,预上架
c1dfb8e160a94f5a9d1725444cdf3a38,河北省邢台市信都区-道路运输业-公交站点信息查询,15601c12707f4131ba51ba4e848f1ed5,该产品包括各路公交车始发、到站时间，各站点停靠时间等信息，可以查询公交车线路信息和位置，提供车辆线路、位置信息查询服务。,50cbc1bd31a811f0a22c0242ac120012,2,面议,预上架
4095d73690c749b1b79a8b3ba2d21ad3,河北省邢台市高新区-房地产业-房地产开发项目数据查询,1fdfed37e2464d6b94dd1566853d4476,该数据产品汇集了项目开发单位、建设地点、计划竣工时间等业务信息，用于分析区域商品房供需饱和度，评估学校、医院、交通等配套缺口，判断装修、家居企业入场展销时机。,513c395131a811f0a22c0242ac120012,2,面议,预上架
e3552925ad6040b5b0b669c228c78f87,河北省邢台市-道路运输业-公交站点信息查询,dfc78a63caa64de6a48dfa8d3b8efe0e,该产品包括车牌号、线路名称、子线路名称、经度、纬度、上下行、状态标识、站名、车速、方向角、GPS上报时间等等信息，可以查询公交车线路信息和位置，提供车辆线路、位置信息查询服务。,50cbc1bd31a811f0a22c0242ac120012,2,面议,预上架
45c7b8ba686249548276c9d6311694d7,河北省石家庄市裕华区-国家机构-政务服务事项办事指南数据集,defaultProductThumbnail,该数据产品和服务基于政务服务事项办事指南编制等数据源开发形成，具备实时查验办事指南功能，可服务于行业协会、保险、金融机构等，支撑研究、决策、分析、核验等。,51d6a2ab31a811f0a22c0242ac120012,2,面议,预上架
41a1d353afd947218d79e56d3eaef608,河北省石家庄市裕华区-道路运输业-特种设备气瓶登记情况数据集,defaultProductThumbnail,该数据产品和服务基于综合受理办理业务、特种设备使用许可职权时形成，具备提升公共安全治理效能功能，可服务于行业协会、保险、金融机构等，支撑研究、决策、分析、核验等。,50cbc1bd31a811f0a22c0242ac120012,2,面议,预上架
04966d9d7cf64339ba6bfa8eb0b506f5,河北省石家庄市裕华区-国家机构-个体主体查询清单数据集,defaultProductThumbnail,该数据产品和服务基于个体注册登记、信息核查等数据源开发形成，具备实时查验个体主体当前状态功能，可服务于行业协会、保险、金融机构等，支撑研究、决策、分析、核验等。,51d6a2ab31a811f0a22c0242ac120012,2,面议,预上架
b697e105859748d6829a20e3695fb904,河北省邢台市柏乡县-专业技术服务业-充电基础设施信息查询,fc0c1524bb264a6499f100200437fa27,"该数据产品基于邢台市柏乡县全县范围内已建成的公共及专用充电站（桩）的关键信息，涵盖充电设施具体位置、充电桩数量、建设单位等核心字段。公众服务与智慧交通场景，助力智慧城市与绿色出行体系建设。
",5158270831a811f0a22c0242ac120012,2,面议,预上架
76a2f2d484e844b69a7d97fc4780d316,河北省邢台市平乡县-电力、热力生产和供应业-光伏发电项目信息查询,3f34976463b548a7bd878a0bb930daa1,该数据产品基于“太阳能（光伏）资源普查与光照测量项目管理”数据服务，汇集了各潜在光伏电站场址的光照测量站关键信息，涵盖所属乡镇、业主单位、精确地理坐标等核心字段。用于光伏项目开发与管理等场景。,5085be8e31a811f0a22c0242ac120012,2,面议,预上架
01a04e7c500a4c838457070e86a2d793,河北省邢台市广宗县-电力、热力生产和供应业-光伏电网可开放容量信息查询,513dc69a059c4694b5faee190df63cc4,本产品以光伏电网可开放容量数据为核心，整合电网运行、新能源接入及区域承载能力等相关数据资源，形成面向政府、企业和社会主体的数据产品与数据服务。,5085be8e31a811f0a22c0242ac120012,2,面议,预上架
42b1adf849d141f3871bb8e6c58f42b2,河北省秦皇岛市-公共设施管理业-旅行社业务经营许可证查询接口,defaultProductThumbnail,该数据产品和服务基于“旅行社业务经营许可证”证照信息等数据源开发形成，具备证照信息查询功能。,51741da331a811f0a22c0242ac120012,0,面议,预上架
dab21a5ea32f4941a156f279bfeb64de,河北省秦皇岛市-公共设施管理业-临时占用城市道路许可证查询接口,defaultProductThumbnail,该数据产品和服务基于“临时占用城市道路许可证”证照信息等数据源开发形成，具备证照信息查询功能。,51741da331a811f0a22c0242ac120012,0,面议,预上架
99df1d96c8d444468eabfdab3dcff5d1,河北省秦皇岛市-商务服务业-劳务派遣经营许可证查询接口,defaultProductThumbnail,该数据产品和服务基于“劳务派遣经营许可证”证照信息等数据源开发形成，具备证照信息查询功能。,514a530f31a811f0a22c0242ac120012,0,面议,预上架
519b0e2e8e914bbca0347f967eb4562c,河北省秦皇岛市-卫生-放射诊疗许可证查询接口,defaultProductThumbnail,该数据产品和服务基于“放射诊疗许可证”证照信息等数据源开发形成，具备证照信息查询功能。,519ea78231a811f0a22c0242ac120012,0,面议,预上架
73a9d99544f24ddf8593a6544eba1662,河北省秦皇岛市-房屋建筑业-建设工程竣工验收备案证查询接口,defaultProductThumbnail,该数据产品和服务基于“建设工程竣工验收备案证”证照信息等数据源开发形成，具备证照信息查询功能。,509ace7e31a811f0a22c0242ac120012,0,面议,预上架
b2cd41fe6f84416d881fc1f6937dbafe,河北省秦皇岛市-土木工程建筑业-建设用地规划许可证查询接口,defaultProductThumbnail,该数据产品和服务基于“建设用地规划许可证”证照信息等数据源开发形成，具备证照信息查询功能。,50a1b21731a811f0a22c0242ac120012,0,面议,预上架
211d19b51e2c42188a46daa7cb1b712d,河北省秦皇岛市-房屋建筑业-中华人民共和国建设工程规划许可证查询接口,defaultProductThumbnail,该数据产品和服务基于“中华人民共和国建设工程规划许可证”证照信息等数据源开发形成，具备证照信息查询功能。,509ace7e31a811f0a22c0242ac120012,0,面议,预上架
31b017ed90894ee185c480571dc9171b,河北省秦皇岛市-生态保护和环境治理业-排污许可证查询接口,defaultProductThumbnail,该数据产品和服务基于“排污许可证”证照信息等数据源开发形成，具备证照信息查询功能。,516cf6b231a811f0a22c0242ac120012,0,面议,预上架
111cac8970234037a402e7166db9f84f,河北省秦皇岛市-道路运输业-中华人民共和国道路运输经营许可证查询接口,defaultProductThumbnail,该数据产品和服务基于“中华人民共和国道路运输经营许可证”证照信息等数据源开发形成，具备证照信息查询功能。,50cbc1bd31a811f0a22c0242ac120012,0,面议,预上架
dad7114634b742659f9037da531b3961,河北省秦皇岛市-生态保护和环境治理业-城镇污水排入排水管网许可证查询接口,defaultProductThumbnail,该数据产品和服务基于“城镇污水排入排水管网许可证”证照信息等数据源开发形成，具备证照信息查询功能。,516cf6b231a811f0a22c0242ac120012,0,面议,预上架
eabadfd4f0b54bd19b4eb6c609464618,河北省石家庄市新乐市-水的生产和供应业-供水公司用户用水信息API接口,defaultProductThumbnail,该数据产品和服务基于用水数据中用户名称、上次抄表、抄表水量、预存余额等数据源开发形成，可服务于用户用水数据查询和为其他企业和个人提供用水依据等服务。,5093c5bc31a811f0a22c0242ac120012,0,面议,预上架
a3e0caf51fb94a9db3b3211141b25a95,河北省秦皇岛市-专业技术服务业-海岸及近海气象服务,defaultProductThumbnail,数据来源于国省市县气象部门，在提供气象服务中产生的，包括常规气象要素以及未来天气预报预警等情况内容，可用于海上航运、农业生产、交通运输、康养旅游、公共管理、应急救援等场景。,5158270831a811f0a22c0242ac120012,2,面议,预上架
1d85fd5db1d2463499a84e9aab3b61b2,河北省秦皇岛市-专业技术服务业-高考专题气象服务报告,defaultProductThumbnail,数据来源于国省市县气象部门，在提供气象服务中产生的，包括常规气象要素以及未来天气预报预警等情况内容，可用于学生高考、交通运输、教育调度、公共管理、应急救援等场景。,5158270831a811f0a22c0242ac120012,2,面议,预上架
e1bf3e0cd6c24b09b4be1f8e48d1593e,河北省承德市-其他金融业-公积金缴存信用评分,defaultProductThumbnail,"该数据基于承德市住房公积金管理中为公积金交存单位和缴存职工提供服务过程中产生的数据开发形成,包括交存单位名称、缴存基数、缴至年月、事业单位法人证书等数据，可以用于为金融机构信贷业务提供信息支持等场景。",5135600b31a811f0a22c0242ac120012,0,面议,预上架
bae5ee11c4cd479996bdfa81b34eb56a,河北省石家庄市高邑县-电力、热力生产和供应业-供暖收费数据核验接口,defaultProductThumbnail,该数据产品和服务基于用户姓名、小区名称、缴费日期等供热缴费数据资源开发形成，具备缴费信息统计、账单核对功能，可支撑供热收费业务规范化管理，助力服务于精准掌握收费进度与提升用户缴费服务体验。,5085be8e31a811f0a22c0242ac120012,0,面议,预上架
cba75bc7a295445c9171dc5544e612f6,河北省石家庄市高邑县-电力、热力生产和供应业-供暖生产数据核验接口,defaultProductThumbnail,该数据产品和服务基于供温、回温、供压、滤前供压、滤后供压等供热生产数据资源开发形成，具备供热生产数据整合、统计分析功能，可支撑供热运行状态实时监测、异常预警，助力服务于区域供热精细化管理与能效提升。,5085be8e31a811f0a22c0242ac120012,0,面议,预上架
c844f6fbddcc4c5884e18dd70bc40415,河北省石家庄市高邑县-电力、热力生产和供应业-供暖客服报修数据核验接口,defaultProductThumbnail,该数据产品和服务基于用户姓名、小区名称、报修时间等供热报修数据资源开发形成，具备报修信息归集、工单跟踪功能，可支撑供热维修响应效率提升，助力服务于民生供热保障与精细化运维管理。,5085be8e31a811f0a22c0242ac120012,0,面议,预上架
b2b9c679c0364380a0dd45bfe836fccf,河北省石家庄市高邑县-电力、热力生产和供应业-供暖报停数据核验接口,defaultProductThumbnail,该数据产品和服务基于小区名称、用户姓名、用热报停状态等供热报停数据资源开发形成，具备报停信息统计、状态核查功能，可支撑供热报停业务规范化管理，助力服务于精准核算供热成本与优化供热资源配置。,5085be8e31a811f0a22c0242ac120012,0,面议,预上架
dcb986cf5a46402a87945b0974850d40,河北省邢台市内丘县-电力、热力生产和供应业-充电场站数据,defaultProductThumbnail,数据来源：人工采集。 数据内容：内丘县范围内充电场站的管理企业、场地名称、详细位置、占地面积、桩型（快充/慢充）等多维度结构化数据。 应用：应用于充电场站规划、位置优化与行业监管。,5085be8e31a811f0a22c0242ac120012,2,面议,预上架
f9901baa056444439a6c3b12400dd3e8,河北省邢台市宁晋县-电力、热力生产和供应业-光伏发电项目信息查询,da0c7cb12ba1470c87152b90901ee701,能源企业在进行屋顶分布式光伏发电时，能源企业可以对平乡县的光伏分布及发电状态进行查询。,5085be8e31a811f0a22c0242ac120012,2,面议,预上架
656af5979ae04514a925fc6aaf3170b1,河北省沧州市-金融业-企信合规通,defaultProductThumbnail,基于授权的数据开发“企信合规通”产品，专为银行等金融机构的预授信系统赋能。该产品可自动查询匹配单位企业信用等级，全面替代传统人工查证与线下纸质材料审核模式，显著提升授信审批的效率与准确性。同时，产品输出客观权威的数据支撑，助力金融机构落实风险管理要求，为企业信贷业务的差异化定价与风险分级管理提供科学依据，赋能绿色金融精准服务产业转型。,5135600b31a811f0a22c0242ac120012,0,面议,预上架
668cb969e16b4b59be8954ca7d5edb11,河北省沧州市-服务业-车位智析通,defaultProductThumbnail,基于授权的数据开发“车位智析通”产品，向商业综合体、停车管理公司、交通管理部门等客户提供静态交通核验API接口，保障通行效率、提高车位周转率与运营收入。该产品可自动查询某段时间内，停车场占用程度等级，覆盖个人私家车位防占与闲置出租、公共及商业场所车位智能管理、车主便捷寻位缴费，交通监管部门交通疏导等服务场景。,514a530f31a811f0a22c0242ac120012,0,面议,预上架
83e3e5da5749461a9b4489ebce02e8c2,河北省张家口市-国家机构-康保县气瓶档案查询数据集,defaultProductThumbnail,该数据为康保县数据和政务服务局履行车用气瓶审批职权中产生，包含设备品种、充装介质、车牌号、车辆VIN码、使用登记证编号、使用单位名称等，可用于车用气瓶加气，检验及日常检查分析查询。,51d6a2ab31a811f0a22c0242ac120012,0,面议,预上架
4ac2feec770840dd8a289432cb3d3592,河北省张家口市-居民服务业-桥西区内地居民结婚登记查询数据集,defaultProductThumbnail,"
该数据资源为张家口市桥西区民政局婚姻登记处在履行婚姻登记服务过程中产生的婚姻登记数据，包括结婚登记日期、结婚证字号、身份证件号等具体信息，可用于婚姻状况查询。",5182539c31a811f0a22c0242ac120012,0,面议,预上架
fed73b0fa75f4105999aa00d4ace67c9,河北省秦皇岛市-国家机构-国内水路运输经营许可证查询接口,defaultProductThumbnail,该数据产品和服务基于“国内水路运输经营许可证”证照信息等数据源开发形成，具备证照信息查询功能。,51d6a2ab31a811f0a22c0242ac120012,0,面议,预上架
b24a04228cb243a2b94421575a132c1e,河北省秦皇岛市-国家机构-食品经营许可证查询接口,defaultProductThumbnail,该数据产品和服务基于“食品经营许可证”证照信息等数据源开发形成，具备证照信息查询功能。,51d6a2ab31a811f0a22c0242ac120012,0,面议,预上架
e183eb5af022499daf947f62373f7566,河北省秦皇岛市-国家机构-统一社会信用代码证书查询接口,defaultProductThumbnail,该数据产品和服务基于“统一社会信用代码证书”证照信息等数据源开发形成，具备证照信息查询功能。,51d6a2ab31a811f0a22c0242ac120012,0,面议,预上架
986ed2ec7a6048abb66ea11fb3b94103,河北省张家口市-农、林、牧、渔专业及辅助性活动-张北县生鲜乳收购许可证查询数据集,defaultProductThumbnail,该数据资源为张北县数据和政务服务局，在履行生鲜乳收购许可证审批职权过程中产生，包括收购站名称、收购站地址、收购地域范围、负责人等具体信息，可用于生鲜乳收购单位（个人）的信息的公示和查询。,0c4dd6a0661045799f771962fce2c005,0,面议,预上架
ac0e66b775cc47a7a158dc8b91e796cb,河北省张家口市-房屋建筑业-涿鹿县建设工程规划许可证查询数据集,defaultProductThumbnail,该数据资源为涿鹿县数据和政务服务局在履行建设工程规划许可审批职权产生，包含建设单位、建设项目名称、建设位置、建设规模等具体信息，可用查询企业经营健康状况，建设工程许可查询。,509ace7e31a811f0a22c0242ac120012,0,面议,预上架
a020ce8457da420cbd355f92a9152c7b,河北省张家口市-生态保护和环境治理业-怀来县乡镇站点空气质量分钟报数据数据集,defaultProductThumbnail,该数据为张家口市生态环境怀来县分局在开展大气污染防治工作中全县17个乡镇空气质量监测点位每分钟产生的二氧化硫、氮氧化物、PM2.5、PM10、臭氧等污染物监测数据，可用于地区空气质量分析研判。,516cf6b231a811f0a22c0242ac120012,0,面议,预上架
2952eb6a263743a8bef034f9aa3b577a,河北省廊坊市霸州市-餐饮业-学校食堂视频监控智能分析,f9ba56cc78ff4dbc8873c12479a7efd9,基于霸州市食品安全与 AI 技术融合的战略部署，为校园餐饮打造的全流程数智化解决方案。通过 AI 技术构建主动式、实时化的风险预警与合规管理系统，对食材采购、加工、配送全流程实时监管，精准识别并预警合规风险，推动食品安全监管从 “可视化” 升级为 “智能化”；同时结合学生课程安排，实现餐食科学营养搭配，打造安全与健康兼具的校园餐饮服务新模式。方案依托可信数据空间与GPU 算力中心的基础设施支撑，以现有 “互联网 + 明厨亮灶” 系统为基础进行升级，通过 AI 技术构建起一套主动式、实时化的风险预警与合规管理系统。AI 系统深度对接学生课程与活动安排数据，结合不同学段学生的营养需求标准、个体体检指标（如身高体重、微量元素水平）及饮食禁忌，智能规划每日餐食搭配。,51048e4c31a811f0a22c0242ac120012,0,面议,预上架
3e256df06c49485cae14e721bff3a38f,河北省廊坊市永清县-水利管理业-供水公司远程表收费数据集,defaultProductThumbnail,基于霸州市食品安全与 AI 技术融合的战略部署，为校园餐饮打造的全流程数智化解决方案。通过 AI 技术构建主动式、实时化的风险预警与合规管理系统，对食材采购、加工、配送全流程实时监管，精准识别并预警合规风险，推动食品安全监管从 “可视化” 升级为 “智能化”；同时结合学生课程安排，实现餐食科学营养搭配，打造安全与健康兼具的校园餐饮服务新模式。方案依托可信数据空间与GPU 算力中心的基础设施支撑，以现有 “互联网 + 明厨亮灶” 系统为基础进行升级，通过 AI 技术构建起一套主动式、实时化的风险预警与合规管理系统。AI 系统深度对接学生课程与活动安排数据，结合不同学段学生的营养需求标准、个体体检指标（如身高体重、微量元素水平）及饮食禁忌，智能规划每日餐食搭配。,516611c431a811f0a22c0242ac120012,0,面议,预上架
5430888805874a73978761ff113c776d,河北省衡水市-商务服务业-冀州“企信通”企业信息核验场景产品和服务,defaultProductThumbnail,该事项基于冀州区数据和政务服务局持有的个体工商户、企业和农民专业合作社经营主体注册登记信息等数据源开发形成，具备企业真实性核验、信用承诺信息查询等功能，可支撑银行等金融机构强化开户环节风控能力。,514a530f31a811f0a22c0242ac120012,0,面议,预上架
7c10f0a073e546b599a402bc19794d0e,河北省廊坊市-其他金融业-企业四要素验证,5788151a037a45418a0b0c8fe2f0aa43,用于核验企业身份真实性的数据接口，通过比对企业名称、统一社会信用代码、法人姓名、法人身份证号这四项信息与权威数据源的一致性，广泛用于金融、政务、电商等需要强身份核验的场景，助力企业降本增效、防控风险与合规经营。,5135600b31a811f0a22c0242ac120012,0,面议,预上架
c39560239d324a19a257624b246ef92f,河北省廊坊市-其他金融业-政采贷服务产品,ea3ef46bae8b4f26b8573b9d44c7386b,中标企业需要贷款时，可通过线下方式或第三方融资信息平台与金融机构对接，金融机构与企业对接后，可通过接口形式调用政采贷数据服务，对该企业在指定时间范围内公共资源交易相关信息进行核验和综合评估分析，依据输出的企业政采分析报告确定是否为该企业提供贷款，以及贷款额度、贷款利率及还款条件等。,5135600b31a811f0a22c0242ac120012,0,面议,预上架
a80a2aeffcd14b1a8defa95d2ad515ac,河北省廊坊市-其他金融业-个人贷后风控产品,126ad91bb09440e7b8a5977f4be9eda0,个人贷后风控专项数据产品：在取得对应地市数据局的公积金数据产品运营准入和授权后，依托住房公积金业务核心数据个人公积金缴存状态（正常、停缴、缓缴）、月缴存额、缴存连续性与稳定性、缴存时长等数据信息，经过脱敏、建模、加工，形成标签化的个人公积金信用数据产品，推送给金融机构应用于个人贷后风控业务场景和流程，助力金融机构动态监测借款人还款能力与履约意愿变化，精准预警逾期、断供等风险。,5135600b31a811f0a22c0242ac120012,0,面议,预上架
d1852ed5496c4991b68e50c2937f2a06,河北省廊坊市-其他金融业-企业贷后产品,fd4ecc2e72ef4ecdb36c4b4775663452,企业贷后风险监测数据产品：在取得对应地市数据局的公积金数据产品运营准入和授权后，聚焦企业贷后关键风险点，依托企业公积金缴存异动数据如月度缴存额较往期下滑幅度、缴存人数骤减比例、停缴、申请缓缴的时间及原因、异常补缴的频次与金额、缴存基数批量下调幅度等，经过脱敏、建模、加工，形成标签化的企业贷后监测数据产品，推送给金融机构应用于企业贷款发放后的风险动态监测、预警信号识别、风险处置辅助决策等业务场景和流程，助力机构及时掌握企业经营恶化信号，提前采取风控措施。,5135600b31a811f0a22c0242ac120012,0,面议,预上架
961947dbce964747a464eab8f464ffb5,河北省廊坊市广阳区-其他金融业-科创企业全息画像数据集,90672eff944141f1bae37169300f700b,本产品基于工信部门权威发布的专精特新企业认定信息，结合企业工商注册基本信息，为金融机构提供企业专精特新资质的实时、精准核验服务。在获得企业授权的前提下，银行可通过接口查询目标企业是否具备专精特新资质、认定层级、有效期限及复核状态等关键信息，辅助信贷审批决策。该服务有助于银行识别优质科创型中小企业，落实差异化信贷政策，提高对专精特新企业的融资支持效率，同时防范资质造假风险，提升贷前审查的合规性与可靠性。,5135600b31a811f0a22c0242ac120012,0,面议,预上架
6d77223e943445f09b49dcae32f2d528,河北省廊坊市-其他金融业-住房公积金信用赋能场景-企业营销产品,4e81ef555a844087a02acfa1687ce783,企业营销精准赋能数据产品：在取得对应地市数据局的公积金数据产品运营准入和授权后，提取企业连续缴存时长、月均缴存总额、缴存人数增长率、缴存人数规模、缴存比例、缴存基数合规性、无违规缴存记录等核心公积金业务数据，搭配企业所属行业、成立年限、注册区域、企业规模等附加画像数据作为筛选条件。经脱敏、建模、加工后形成标签化的企业精准营销数据产品，可根据金融机构设定的具体条件（如特定行业、缴存人数区间、区域范围、缴存金额阈值、缴存比例阈值）等批量条件查询返回符合要求的企业清单，输出数据量限制在50笔、次推送给金融机构，应用于企业客户精准筛选、分层分类营销、产品精准匹配等业务场景和流程，有效提升机构获客效率与转化质量。,5135600b31a811f0a22c0242ac120012,0,面议,预上架
aea9c47fe73243a5b1943a6d2e600bfc,河北省廊坊市-其他金融业-企业主要人员核验,9a50ee7346524eb38a036c4d468d3818,通过企业名称或者统一信用代码等，查询企业 董监高（含历史数据）,5135600b31a811f0a22c0242ac120012,0,面议,预上架
1a9384971ce9463ba988c9b0926b5fdd,河北省廊坊市香河县-道路运输业-公交客流与票务洞察数据服务包,a8e2a2e43f19470890f9557e9d8ec7ae,本产品基于城市公交公司真实运营数据（经脱敏与合规处理），整合线路人流分布、班次运行频次、乘客购票行为（含扫码、刷卡、现金等支付方式） 等多维度信息，通过标准化数据接口或定期数据包形式，为广告公司提供高价值的人群流动画像与出行消费洞察服务。,50cbc1bd31a811f0a22c0242ac120012,0,面议,预上架
c66ba754b28247cabd8473c3b2547bf4,河北省廊坊市-其他金融业-企业行政许可核查,deb7d563f2484babbbafb1b411a08302,通过企业名称、统一代码、组织机构代 码、或注册号，获取企业所有行政许可 信息（含历史），企业行政许可信息包 括许可文件名称、决定许可机关、许可 内容、决定日期、有效期自、截止日期、 有效期至等,5135600b31a811f0a22c0242ac120012,0,面议,预上架
69e41ff5648347ea8b421f124808e9e0,河北省廊坊市-其他金融业-企业基础信息核验,48317f27c0da44eeaa4b04aacd4279cc,通过企业名称或者统一信用代码等，查询企业 基本信息等，适用于内部系统核验企业用户信 息；也支持事业单位、社会组织等基础信息查 询,5135600b31a811f0a22c0242ac120012,0,面议,预上架
25d86d0a6b5d4357abfcfab769a8a3a0,河北省衡水市饶阳县-商务服务业-饶阳县“招采通”产品和服务,defaultProductThumbnail,该数据产品和服务基于饶阳县政府采购、工程建设等公开招投标数据开发，具备招投标数据清洗转换、结构化建库及标讯关键字查询功能，支撑市场主体研判商机、优化投标策略。,514a530f31a811f0a22c0242ac120012,0,面议,预上架
2e3823b2da8a4122b68fac121993114c,河北省沧州市-商务服务业-车租智盾,defaultProductThumbnail,该产品源于沧州市运河区行政审批局数据加工形成，提供按企业名称、统一社会信用代码、经营范围、状态进行关联查询的接口，向租车服务业反馈企业经营状态。,514a530f31a811f0a22c0242ac120012,0,面议,预上架
b3c1893e006f4038a5910124f43a539e,河北省沧州市-水的生产和供应业-水管家,defaultProductThumbnail,源于黄骅市供水公司产生企业用水数据，通过 API 接口为信贷部门，投资机构、监管机构等提供信息服务，评估企业合规风险，提供“合规画像”。,5093c5bc31a811f0a22c0242ac120012,0,面议,预上架
9488091b79ae4adfa83ef3858e3dbefd,河北省沧州市-金融业-安信置业,defaultProductThumbnail,源于沧州市盐山县自然资源和规划局的不动产登记信息数据开发形成，通过 API 为金融机构、房产服务平台等提供信息核验服务，可支撑实时核验。,5135600b31a811f0a22c0242ac120012,0,面议,预上架
e1473938bd4b43ecac2a03905cc7983d,河北省沧州市-保险业-婚恋助手,defaultProductThumbnail,源于沧州市盐山县人社局社保信息数据开发形成产品，通过 API 接口为金融、征信机构赋能，著提升金融风控审核效率与信贷审批精准度。,512e7c6931a811f0a22c0242ac120012,0,面议,预上架
276470465cb44a72bff78a80ad8cb615,河北省沧州市-燃气生产和供应业-智慧燃气,defaultProductThumbnail,该数据产品源于沧州市盐山县燃气公司企业用气数据，通过 API 接口为信贷部门，投资机构、监管机构等提供信息服务，评估企业合规风险，提供“合规画像”。,508caf9a31a811f0a22c0242ac120012,0,面议,预上架
310cbf366eb94a298a02303f8e66e9d8,河北省衡水市故城县-其他金融业-故城县数信链风控场景产品和服务,defaultProductThumbnail,该产品基于故城县个体工商户及企业注册登记信息、商品房预售许可证信息等数据源开发形成，具备企业主体身份核验、房屋抵押贷申请真实性核验功能，可支撑金融机构贷前调查、提升风控审核效率及精准授信能力。,5135600b31a811f0a22c0242ac120012,0,面议,预上架
d68950dc2d6742ef867c2d9ab520623d,河北省衡水市阜城县-教育-阜城县“教师资质信息核验”场景产品 和服务,defaultProductThumbnail,该数据产品和服务基于政府数据开放平台、地方公共信用信息平台等数据源开发形成，具备执业信用评价与管理功能，可服务公共安全。,51978a8231a811f0a22c0242ac120012,0,面议,预上架
9ca08bb462d847a09ee74338612b3f26,河北省衡水市滨湖新区-专业技术服务业-“气象+文旅”数据赋能体 验升级产品和服务,defaultProductThumbnail,该数据产品和服务基于衡水市滨湖新区资源保护局气象数据源开发形成，具备为极端天气下的生态风险预警、灾害风险评估与安全运营规划功能，可支撑景区运营决策需求、降低运营安全风险。,5158270831a811f0a22c0242ac120012,0,面议,预上架
6fd957233cfe4c248a1bf0835d36348d,河北省衡水市高新区-化学原料和化学制品制造业-“化工供应链” 数据赋能产品和服务,defaultProductThumbnail,该数据产品和服务基于高新区化工企业备案信息等数据源开发形成，具备按化学品名称、CAS 号精准查询匹配生产企业名录、企业合规资质、产能规模等核心功能，可支撑化工采购商高效对接优质供应商。,0d3c7368317811f0a22c0242ac120012,0,面议,预上架
0407de25672641f7bc5d8ef341bf0506,河北省衡水市道路运输业武强县“货运通”道路运输企业核验产品和服务,defaultProductThumbnail,事项基于道路运输企业等公共数据资源开发形成，具备承运主体身份权威核验、标准化数据支撑功能，可支撑规范道路货物运输市场秩序、提升运输合作效率，为相关市场主体提供合规高效的业务,50cbc1bd31a811f0a22c0242ac120012,0,面议,预上架
8d5fb844eb9b49b5bd38887a0c9928a5,河北省秦皇岛经济技术开发区-专业技术服务业-产业链数据集,defaultProductThumbnail,该数据产品基于区域内全产业链数据开发形成，具备产业链数据统计、分析的功能，支撑政府科学决策与精准治理，同时助力企业高效运营与协同发展。,5158270831a811f0a22c0242ac120012,2,面议,预上架
167a8ff8114d427f9170a62b4946e421,河北省秦皇岛市昌黎县-道路运输业-“智泊通场”停车场泊车数据,defaultProductThumbnail,该数据产品基于公共停车数据开发形成，具备停车场泊车管理、数据统计分析等功能。可为县级政府部门、停车场运营方提供高效管理与监管支撑，助力城市静态交通资源优化配置。,50cbc1bd31a811f0a22c0242ac120012,0,面议,预上架
e1cbaca5cecd415694d5acb0100751e1,河北省秦皇岛市北戴河区-商务服务业-“民意慧景”民意分析数据集,defaultProductThumbnail,该数据产品基于政务便民热线服务中产生的诉求数据开发形成，具备为景区及周边商户提档升级提供分析佐证和数据分析支持的功能，协助景区改造、提档升级。,514a530f31a811f0a22c0242ac120012,2,面议,预上架
15ed988104c548baad2f53215041abd7,河北省秦皇岛市山海关区-道路运输业-“畅泊智驭”停车缴费统计数据,defaultProductThumbnail,该数据产品基于停车场停车缴费行为数据开发形成，具备停车场缴费数据统计分析功能，为停车场运营方、物业管理者提供决策支撑，同时助力优化用户缴费全链路体验。,50cbc1bd31a811f0a22c0242ac120012,0,面议,预上架
9cf1109cd72544d28c0b2975223b9aaa,河北省秦皇岛市青龙满族自治县-货币金融服务-“天果智贷”苹果品质指标数据集,defaultProductThumbnail,该数据产品基于气候对乡镇苹果品质进行评级的指标数据开发形成，具备量化种植风险评估、优化信贷授信决策等功能，为金融机构贷前风险评估提供数据支撑。,51207eef31a811f0a22c0242ac120012,0,面议,预上架
04313f16944b44a0ad0d94fc55aa7183,河北省秦皇岛市卢龙县-商务服务业-“云上房租宝”闲置国有土地房屋及农村校舍数据集,defaultProductThumbnail,该数据产品基于农村闲置校舍与闲置国有土地房屋资产统计数据开发形成，具备闲置资产租赁信息发布、浏览、查询等功能，为农村闲置校舍与闲置国有土地房屋提供线上租赁信息共享服务。,514a530f31a811f0a22c0242ac120012,2,面议,预上架
9e9b24973356434aa7c552b70e99d069,河北省秦皇岛市北戴河新区-专业技术服务业-“热链智眼”热能站设备状态数据集,defaultProductThumbnail,该数据产品以热能站数据为基础开发，可对热能站核心设备（锅炉、换热器、循环泵等）的运行状态进行预测，根据预测结果对设备运维商提供服务。,5158270831a811f0a22c0242ac120012,0,面议,预上架
e637072879dc4acda249bf3252b825d4,河北省秦皇岛市抚宁区-电力、热力生产和供应业-“绿储智图”储能项目选址数据,defaultProductThumbnail,该数据产品和服务基于能源资源和地理环境等数据开发形成，具备为能源企业提供储能项目选址支持的功能，助力储能资源精准布局与新能源消纳能力提升。,5085be8e31a811f0a22c0242ac120012,2,面议,预上架
d250a945280b4abebb6d5f9b833856db,河北省秦皇岛市海港区-电力、热力生产和供应业-“热力惠聚”缴费及用能数据,defaultProductThumbnail,该数据产品基于用户历年热力缴费数据和实际用能数据开发形成，具备精准识别高耗能商户的经营波动规律、不同消费群体的用能 偏好等功能，赋能商业综合体优惠券和消费补贴发放。,5085be8e31a811f0a22c0242ac120012,0,面议,预上架
49a88d6f0ba04923bcfff04c086f2ba4,河北省承德市-道路运输业-物流通,defaultProductThumbnail,该数据产品和服务基于道道路货物运输经营许可（普货）数据资源开发形成，预测了道路运输行业运行趋势，精准掌握客运货运车辆的资质情况，可服务于优化城乡物流配送网络、运输线路与资源调度，动态把握行业健康度。,50cbc1bd31a811f0a22c0242ac120012,2,面议,预上架
76bf8f56548842498efb9274b9aa26f8,河北省石家庄市新华区-道路运输业-道路运输许可数据集,defaultProductThumbnail,基于新华区开展道路运输许可工作中产生的数据经加工分析整理产生，人工采集修正处理后形成，具备履行优化监管与扶持政策，稳定市场主体，规避经营风险，提升存续概率等功能。,50cbc1bd31a811f0a22c0242ac120012,2,面议,预上架
0d2f9de56e7b433f8421a5e3400d0221,河北省石家庄市新华区-建筑安装业-特种设备使用单位数据集,defaultProductThumbnail,基于开展特种设备使用单位登记工作中产生的数据经加工分析整理产生，人工采集修正处理后形成，具备履行全生命周期安全监管，行业合规治理，市场趋势研判，应急处置支撑，数据共享与协同应用等功能。,50a8e9cc31a811f0a22c0242ac120012,2,面议,预上架
09b16b7c6db04881a6458410728fe2e6,河北省承德市-商务服务业-合规派遣查询通,defaultProductThumbnail,该数据来源丰宁县数据和政务服务局2023年1月1日至2025年12月20日的劳务派遣经营许可数据信息，该数据可辅助银行对企业授信业务办理。,514a530f31a811f0a22c0242ac120012,2,面议,预上架
1c74ddd0ddc6485785b4f60425ca6679,河北省承德市-商务服务业-企业行政许可事项查询分析,defaultProductThumbnail,该数据源来自承德市兴隆县数据和政务服务局社信体系建设管理股授权范围内的企业行政许可信息，时间范围为2020年1月至2025年10月内的数据，通过为用户提供县域内企业行政许可事项查询，以辅助相关机构编制企业信用报告。,514a530f31a811f0a22c0242ac120012,2,面议,预上架
8177a58ef6e640b688ac7ab443efab72,河北省石家庄市新华区-道路运输业-特种设备气瓶档案数据集,defaultProductThumbnail,基于新华区开展特种设备使用登记工作中产生的数据经加工分析整理产生，人工采集修正处理后形成，具备履行全生命周期安全监管，行业合规治理，市场趋势研判，应急处置支撑，数据共享与协同应用等功能。,50cbc1bd31a811f0a22c0242ac120012,2,面议,预上架
19260b026a55446e9f258b1179bc26a0,河北省承德市-卫生-企业行政许可事项查询分析,defaultProductThumbnail,卫生许可数据是行政审批部门在审批发放卫生许可证过程中产生的各类信息集合，核心用于记录和管理企业/机构的卫生资质审批情况，确保其经营活动符合公共卫生安全标准。,519ea78231a811f0a22c0242ac120012,2,面议,预上架
42fe176684954f888c0c0effed426166,河北省承德市-道路运输业-承运查,defaultProductThumbnail,该数据可有效核实车辆车牌号和营运证号是否相符，在政府监管与决策支持下，通过实时掌握运输企业及车辆的经营许可、资质状态，实现精准监测与风险预警，对无证运营、资质超期或存在重大安全隐患的主体进行定向排查与处置，提高执法效能，降低管理成本。,50cbc1bd31a811f0a22c0242ac120012,2,面议,预上架
dd2fbe7fdbd444f9816cba3778455e20,唐山市玉田县-水的生产和供应-非居民用水数据,defaultProductThumbnail,该数据资源为玉田县自来水有公司在非居民用水统计中所产生的数据，包含企业名称，证件号码，水务户号，经营地点，用水类型，用水量，用水金额，欠费金额，可用于非居民用水数据的查询。,5093c5bc31a811f0a22c0242ac120012,2,面议,预上架
7ff9aed327ec4392950758b37e6b912e,辛集市-商务服务业-信用数据查询接口,defaultProductThumbnail,根据用户的输入，为用户返回信用评估结果，为金融机构评定客户的信用等级提供依据，提高风险控制能力,514a530f31a811f0a22c0242ac120012,0,面议,预上架
29e3bb3b7fa04afc9065286c0429ad42,河北省唐山市高新开发区-建筑业-庆丰道和龙泽北路桥检测数据集,c73e0c0575124c7189e04d4f52728933,本数据产品为唐山市高新开发区庆丰桥和龙泽北路桥的桥梁检测数据集，包含检测桥梁过程中温度仪、测缝仪、静力水准仪、加速度、拉线位移计产生的检测数据，可用于桥梁结构健康监测与安全预警。,50a1b21731a811f0a22c0242ac120012,2,面议,预上架
2ef89da9996d41a2b9515c4cdc5f2d7f,河北省衡水市桃城区-其他金融业-衡水市桃城区“银企政务助手”产品和服务,defaultProductThumbnail,该数据产品和服务基于衡水市桃城区数据和政务服务局持有的政务服务事项清单、办事指南和服务窗口位置信息等公共数据，应用于银行等金融机构拓宽金融服务场景，帮助其实现精准服务。,5135600b31a811f0a22c0242ac120012,0,面议,预上架
23da0da5eefe4bbdad4a591921ac89dc,河北省衡水市深州市-商务服务业-深州市“政企融信”核验产品和服务,defaultProductThumbnail,该数据产品和服务基于内资市场主体信息、企业投资项目审批等数据源开发形成，具备线上市场主体数据核验服务，助力金融机更准确地核验客户信息真实性、评估企业未来发展潜力与信用风险。,514a530f31a811f0a22c0242ac120012,0,面议,预上架
4e3bdbc4d5ca49528834053c937c2bf2,河北省衡水市景县-其他金融业-景州城投公司信用融易通产品和服务,051ecd07f8cf43f69ecf3f0762ba27e9,该数据产品和服务基于景县公共信用信息行政许可数据、景县公共信用信息行政处罚数据等数据资源开发形成，具备金融机构核定客户信用等级，精准量化信用风险等功能，可支撑贷款审批、授信额度核定的决策，降低坏账风险。,5135600b31a811f0a22c0242ac120012,0,面议,预上架
1d5fb1c4d06b49a2842c1505ce3872fb,河北省承德市-商务服务业-企信通,defaultProductThumbnail,该数据产品基于围场县数政局履行企业登记过程中产生，包含企业设立、变更、备案的信息，可用于企业经营合规核查、商业合作风险评估、企业自身管理规划等场景。,514a530f31a811f0a22c0242ac120012,2,面议,预上架
b19526768231468681755b7d6cb96669,河北省承德市-互联网和相关服务-区域市场饱和度分析报告,defaultProductThumbnail,该数据产品基于承德市宽城县相关部门履行服务业监管职权，办理内资互联网上网服务营业场所筹建审批登记时产生，可用于上网服务场所筹建合规监管、行业发展态势分析与公共文化服务管理。,5112b17f31a811f0a22c0242ac120012,2,面议,预上架
14c25a06b36a49de99eb5f4483755ab0,河北省承德市-商务服务业-热河客流洞察,defaultProductThumbnail,该数据产品和服务基于平泉市线路站点数据、客运量数据等数据资源开发形成，具备通过分析公交线路站点、客运量等数据高效投放广告的功能，可助力本市广告业的发展。,514a530f31a811f0a22c0242ac120012,2,面议,预上架
8cdbd33aeaf244d78fe83e358c48da40,河北省承德市-货币金融服务-企业授信辅助分析,defaultProductThumbnail,该数据产品基于承德县企业备案等公共数据资源，经授权运营机构开发形成。用于分析企业综合资质，为金融机构授信提供辅助，具备特定场景的时效性和针对性。,51207eef31a811f0a22c0242ac120012,2,面议,预上架
5b096ce2d4be4bddb988f6a9247ad096,河北省承德市-道路运输业-农运通,defaultProductThumbnail,基于滦平县2022年12月1日-2025年6月10日道路货物运输数据开发，具备信息时效性，助力农运通场景下道路运输行业趋势研判与政企互动。,50cbc1bd31a811f0a22c0242ac120012,2,面议,预上架
f6afc6a6c2db4ecbb7399d88d059df65,河北省承德市-居民服务业-食品小餐饮趋势分析,defaultProductThumbnail,该数据产品和服务基于双桥区政务服务平台开发形成，预测了食品小餐饮登记趋势，具备信息时效性，又强化政企互动性功能，动态把握行业健康度。,51048e4c31a811f0a22c0242ac120012,2,面议,预上架
83dc84a9bfc8413c95e44c5d777dea09,河北省承德市-卫生-卫享查,defaultProductThumbnail,涵盖2022年12月23日-2025年6月9日滦平县公共场所卫生许可设立、延期、变更、注销数据，含办件编码、申请人名称、办结时间等核心字段，为涉农主体卫生资质核验提供数据支撑。,519ea78231a811f0a22c0242ac120012,2,面议,预上架
6395e1190a7c4f96aad8566297a96c9c,河北省邯郸市-货币金融服务-“积信宝”产品和服务,defaultProductThumbnail,积信宝数据产品和服务基于邯郸市住房公积金管理中心住房公积金个人账户信息数据源开发形成，具备核验功能，可服务金融业货币金融核验服务。,51207eef31a811f0a22c0242ac120012,0,面议,预上架
da5d28023b5e4db79c01bf62fdfd764e,河北省邯郸市--货币金融服务-“企业用水”产品和服务,defaultProductThumbnail,企业用水数据产品和服务基于邯郸市供水有限责任公司企业用水数据源开发形成，具备核验功能，可服务金融业货币金融核验服务。,51207eef31a811f0a22c0242ac120012,0,面议,预上架
2b707625437e41fea46823cc3cb54129,河北省张家口市-农业-察北管理区企业设立查询数据集,defaultProductThumbnail,该数据资源为张家口市察北管理区行政审批局在履行企业设立公共服务过程中产生，包含企业设立的具体信息，可用于企业设立与开办。,5e9e70c51b3b4ff2b66abca470f2590b,0,面议,预上架
fe4c4b46ee29432cba83cddd14470686,河北省张家口市-生态保护和环境治理业-怀来县乡镇站点空气质量日均报表查询数据集,defaultProductThumbnail,该数据为张家口市怀来县生态环境局在开展大气污染防治工作中全县17个乡镇空气质量监测点位每日产生的二氧化硫、氮氧化物、PM2.5、PM10、臭氧等污染物监测数据，可用于地区空气质量分析研判。,516cf6b231a811f0a22c0242ac120012,0,面议,预上架
260133a9c60e4db5a1f9fe6e46c0d8b4,河北省张家口市-零售业-阳原县药品经营零售许可查询,defaultProductThumbnail,该数据资源为张家口市阳原县在履行县级权限范围药品经营零售许可领域行政审批事项的审核、证书核发工作中产生，包含企业名称、统一信用代码等信息，可用于对行政许可事项实行清单式管理。,50bddfbe31a811f0a22c0242ac120012,0,面议,预上架
618d9eea5da543c9a9858a82622e56bb,河北省张家口市-道路运输业-尚义县公交站点查询,defaultProductThumbnail,该数据资源为张家口市尚义县瑞祥公交公司车辆日常运营时产生的，包括车辆号牌信息、时刻信息及位置信息，可用于分析居民公共交通出行的规律也是合理调配公交路线的重要基础数据。,50cbc1bd31a811f0a22c0242ac120012,0,面议,预上架
7539b589dac7468a86d10c3afb77d7b9,河北省张家口市-商务服务业 -桥东区个体工商户查询,defaultProductThumbnail,该数据资源为张家口市桥东区数据和政务服务局在履行个体主体行政审批及公共服务职能程中产生，包括统一社会信用代码，状态，注册号，名称等信息，可用于个体主体相关信息的查询。,514a530f31a811f0a22c0242ac120012,0,面议,预上架
0a6073b0c3c041bdabe83cb803ecc31a,河北省张家口市-土木工程建筑业-赤城县公路工程建筑使用查询,defaultProductThumbnail,该数据资源为张家口市赤城县数据和政务服务局在履行公路工程建筑项目审批过程中产生的数据，包括申办项目、经办人、联系电话、批复编号、办结日期、档案号间等信息，可用于公路工程建筑审批场景相关信息的查询。,50a1b21731a811f0a22c0242ac120012,0,面议,预上架
2bf508f5aa5347cb8ad040726e5273b0,河北省张家口市-国家机构-怀安县个人独资企业新设查询数据集,defaultProductThumbnail,该数据资源为怀安县数据和政务服务局在负责个人独资企业新设领域行政审批事项过程中产生，包括办件编号、申报内容、事项名称等信息，可用于查询企业名称、企业类型等业务。,51d6a2ab31a811f0a22c0242ac120012,0,面议,预上架
ac70c222c0d143a0a2421699296c8ec5,河北省张家口市-居民服务业-宣化区火化信息查询,defaultProductThumbnail,该数据资源为张家口市宣化区民政局殡葬管理中心在进行火化登记录入工作职责下产生，包含逝者姓名、证件号码等信息项，可用于查询火化信息的业务场景。,5182539c31a811f0a22c0242ac120012,0,面议,预上架
4e102d9b2f7242b0a92a744e1296e707,河北省张家口市-社会保障-下花园区城市低保查询,defaultProductThumbnail,该数据资源为下花园区民政局在履行城市低保救助对象服务过程中产生，包含证件号码、申请人姓名、成员姓名等具体信息，可用于人口结构分析、社会趋势研究和商业市场调研。,51e4be6d31a811f0a22c0242ac120012,0,面议,预上架
7390e09eecf2498e8f6451557cad5edd,河北省张家口市-零售业-蔚县个体主体清单查询,defaultProductThumbnail,该数据资源是张家口市蔚县数据和政务服务局在个体工商户注册、变更、注销登记行政许可事项的核准、审核、审批及批准工作中产生，包括统一社会信用代码，状态，注册号等具体信息，可用于合法经营准入、监管依据等。,50bddfbe31a811f0a22c0242ac120012,0,面议,预上架
02dac179e6ea4a3dbef84ac286d4a1e7,河北省张家口市-道路运输业-万全区道路货运经营许可证查询,defaultProductThumbnail,该数据资源万全区数据和政务服务局履行道路货运经营许可职权过程中产生包含业户名称、地址、经营范围等具体信息，可用于道路货运经营许可审批。,50cbc1bd31a811f0a22c0242ac120012,0,面议,预上架
2ae68db8c13148488a6b120bd36bcd08,河北省张家口市-农业-塞北管理区企业营业执照查询,defaultProductThumbnail,该数据资源是塞北管理区市场监管部门在履行企业注册登记职能时产生，涵盖企业身份标识、主体信息、法人详情、成立时间及登记机关等内容，是记录企业准入基础信息的核心数据，可用于核查企业经营资质合规性。,5e9e70c51b3b4ff2b66abca470f2590b,0,面议,预上架
aedee8ad8e974d2f80f07c3f224e7288,河北省张家口市-卫生-桥西区老年人健康管理服务查询,defaultProductThumbnail,该数据资源为卫健部门在提供老年人健康监测、慢病管理、健康随访等公共服务过程中产生，包含小区、辖区内已建立老年人专档数、接受健康管理的老年人数等信息，可用于精准推送健康服务及完善养老健康服务体系。,519ea78231a811f0a22c0242ac120012,0,面议,预上架
b31654dc3d624bf59e19501b85047fb9,河北省张家口市-餐饮业-桥东区食品经营许可证查询,defaultProductThumbnail,该数据为张家口市桥东区数据和政务服务局在履行食品生产许可审批中产生，包括证号、生产者名称、食品类别等信息，可用于查询食品生产许可证相关信息。,51048e4c31a811f0a22c0242ac120012,0,面议,预上架
cd56c9a407d74abfb6f0a5410cf8fbeb,河北省张家口市-广播、电视、电影和录音制作业-经开区电影放映经营许可查询,defaultProductThumbnail,该数据资源为张家口经济技术开发区数据和政务服务局在履行电影放映经营许可审批服务过程中产生的许可信息，包括办件编号、申请人名称、受理时间等具体信息，可用于业务协同，规范化提升整体业务水平等场景。,51b3a2e031a811f0a22c0242ac120012,0,面议,预上架
a661d58bc734453da080700098a4cb65,河北省张家口市-土木工程建筑业-沽源县投资项目查询,defaultProductThumbnail,该数据来源于河北省张家口市沽源县数据和政务服务局立项环保科，在履行沽源县投资项目审批职务过程中产生，包括投资项目基本信息，可用于在河北省投资项目审批监管平台进行项目审批的场景。,50a1b21731a811f0a22c0242ac120012,0,面议,预上架
c6b948a5a1d94b03b1fbd9dd9a08f542,河北省张家口市-道路运输业-崇礼区出租车定位查询,defaultProductThumbnail,该数据资源为崇礼区交通运输局综合执法大队白旗中队在运政管理过程中产生，包含定位时间，纬度，经度，里程等具体信息，可用于对巡游出租汽车车辆信息采集、存储、使用、查询等。,50cbc1bd31a811f0a22c0242ac120012,0,面议,预上架
d8782282cd484f1daaeea294863ce7e1,河北省衡水市“代理通”产品和服务,defaultProductThumbnail,该数据产品和服务基于衡水市数据和政务服务局内资企业登记信息等数据源开发形成，具备获取适配的登记注册代理机构信息，减少人工比对带来的信息误差的功能，可支撑保障合作决策可靠性。,514a530f31a811f0a22c0242ac120012,0,面议,预上架
9da143e3b1da44f3bdb3ee6bc096f61c,河北省沧州市-金融业-基石信融,defaultProductThumbnail,基于授权的数据开发“基石信融”产品，专为银行等金融机构的预授信系统赋能。该产品可自动查询匹配单位可贷款的金额范围，全面替代传统人工查证与线下纸质材料审核模式，显著提升授信审批的效率与准确性。同时，产品输出客观权威的数据支撑，助力金融机构落实风险管理要求，为企业信贷业务的差异化定价与风险分级管理提供科学依据，赋能绿色金融精准服务产业转型。,5135600b31a811f0a22c0242ac120012,0,面议,预上架
ae54a32c16c5499991a4b9d77f4cc879,河北省石家庄市晋州市-商务服务业-远程踏勘系统踏勘照片表数据集,defaultProductThumbnail,数据来源于晋州市数据和政务服务局，在履行踏勘工作职责过程中产生的，包括踏勘核查表数据，可用于市场调研、市场服务等领域。,514a530f31a811f0a22c0242ac120012,2,面议,预上架
0f946b0dca2d415b9ab8e24676f0927b,河北省石家庄市行唐县-道路运输业-非现场检测点超限数据集,defaultProductThumbnail,该数据来源于石家庄市行唐县交通运输局，在开展治超非现场工作中产生的，包括车牌号、轴数、国货总重量、超限量、检测时间，可用于专业的大数据咨询机构整合此类治超数据，结合区域路网流量、货运流向等信息，为客户提供货运市场分析报告、治超政策影响评估、物流成本测算等服务，助力相关企业和机构制定市场策略。,50cbc1bd31a811f0a22c0242ac120012,0,面议,预上架
0813e65a36134ebcb440a00f64f47087,河北省石家庄市井陉矿区-国家机构-智能叫号数据,defaultProductThumbnail,数据来源于井陉矿区数据和政务服务局政务服务大厅，提供大厅事项办理统计和窗口评价服务过程中产生的个人信息、办理业务信息、评价信息。,51d6a2ab31a811f0a22c0242ac120012,0,面议,预上架
9c412a50a3ae4745acf09bcfc54046bd,河北省遵化市-社会保障-视频融合共享平台服务,defaultProductThumbnail,视频融合共享平台基于遵化市内固定摄像设备开发，可对外提供视频资源的汇聚共享，利用已建设的视频监控资源，横向拓展视频资源的应用范围，纵向提升视频资源对交通治理、车险服务等业务的应用。,51e4be6d31a811f0a22c0242ac120012,0,面议,预上架
6bacf336517d4ea680684646a23534cf,河北省沧州市-金融业-金盾信融,defaultProductThumbnail,基于授权的数据开发“金盾信融”产品，专为银行等金融机构的预授信系统赋能。该产品可自动查询企业经营的类型，全面替代传统人工查证与线下纸质材料审核模式，显著提升授信审批的效率与准确性。同时，产品输出客观权威的数据支撑，助力金融机构落实风险管理要求，为传统产业相关公司信贷业务的差异化定价与风险分级管理提供科学依据，赋能绿色金融精准服务产业转型。,5135600b31a811f0a22c0242ac120012,0,面议,预上架
b892c085a84f46259aca3af8288f3ad0,河北省沧州市-软件和信息技术服务-企体资信,defaultProductThumbnail,基于沧州市海兴县行政审批局数据开发形成产品“企体资信”，提供按社会统一信用代码、行业代码、状态进行关联查询的数据接口，为金融机构预授信风险识别、风险分级管理和授信策略调整提供数据支撑。,511970e431a811f0a22c0242ac120012,3,面议,预上架
031e3ca3dfdc433ea30f8632eee6a247,河北省沧州市-餐饮业-数赋物业数据,defaultProductThumbnail,基于沧州市运河区行政审批局数据开发形成产品“数赋物业”，提供按经营者名称、统一社会信用代码、成立日期、注册资金进行关联查询的数据接口，为物业公司供应餐饮服务场景提供数据支持。,51048e4c31a811f0a22c0242ac120012,3,面议,预上架
be53dca5bb4f48bcb0b79a0827b41cc4,河北省沧州市-国家机构-经营贷数据,defaultProductThumbnail,该产品基于沧州市盐山县行政审批局数据开发形成产品“经营贷数据”，提供按企业名称、统一社会信用代码、注册资本（万元）进行关联查询的数据接口，为金融机构预授信风险识别、风险分级管理和授信策略调整提供数据支撑。,51d6a2ab31a811f0a22c0242ac120012,3,面议,预上架
d8ec5c3318134e6bb605601328a1b9f4,河北省石家庄高新区-软件和信息技术服务业-高新区国控点年度排名分析,defaultProductThumbnail,该数据资源为石家庄高新区智慧环保态势感知平台日常运维生成的国控点排名数据，可根据各点位的六因子数据结合日期和时间进行分析，用于对企业、工地和环卫保洁的精准化管控。,511970e431a811f0a22c0242ac120012,0,面议,预上架
5d4c900b5bc744d38a5849289864675e,河北省石家庄高新区-软件和信息技术服务业-高新区国控点昨日排名分析,defaultProductThumbnail,该数据资源为石家庄高新区智慧环保态势感知平台日常运维生成的国控点排名数据，可根据各点位的六因子数据结合日期和时间进行分析，用于对企业、工地和环卫保洁的精准化管控。,511970e431a811f0a22c0242ac120012,0,面议,预上架
590783484da34e6a9d669abf19b55608,河北省石家庄高新区-软件和信息技术服务业-高新区国控点实时排名分析,defaultProductThumbnail,该数据资源为石家庄高新区智慧环保态势感知平台日常运维生成的国控点排名数据，可根据各点位的六因子数据结合日期和时间进行分析，用于对企业、工地和环卫保洁的精准化管控。,511970e431a811f0a22c0242ac120012,0,面议,预上架
7ce3041764d74fd2b6330fdd5bfb68c4,河北省沧州市-金融业-工业制造类企业融资预授信服务,defaultProductThumbnail,专为银行等金融机构的预授信系统赋能。该产品通过自动核验企业的成立年限、注册资本规模及当前经营状态，构建“主体存续稳定性+资本实力”的双维评估模型，全面替代传统人工查证与线下纸质材料审核模式，显著提升授信审批的效率与准确性。同时，产品输出客观权威的数据支撑，助力金融机构落实风险管理要求，为制造类企业信贷业务的差异化定价与风险分级管理提供科学依据，赋能绿色金融精准服务产业转型。,5135600b31a811f0a22c0242ac120012,0,面议,预上架
7996056457e24005a728ad4c9eadb924,河北省石家庄市赞皇县-其他金融业-容e查：企业信息核验应用与溯查核验,defaultProductThumbnail,该数据产品和服务基于内资企业数据和个体商户数据源开发形成具备贷前、贷中、贷后数据核验服务，帮助金融机构准确地核验客户的信息功能，可提供数据核验接口服务。,5135600b31a811f0a22c0242ac120012,0,面议,预上架
57e4ef8b692e415e9864e7237b779067,河北省石家庄市新华区-国家机构-企业存续分析数据集,defaultProductThumbnail,该数据集基于商事登记工作数据源分析开发形成，具备履行优化监管，稳定市场主体等功能，为金融机构风控与服务、行业研究与市场洞察提供数据支撑。,51d6a2ab31a811f0a22c0242ac120012,2,面议,预上架
2de0f6355e5f421a9ffc0762c63b5c40,河北省石家庄市新华区-国家机构-个体存续分析数据集,defaultProductThumbnail,该数据集基于商事登记工作数据源分析开发形成，具备履行优化监管，稳定市场主体等功能，为金融机构风控与服务、行业研究与市场洞察提供数据支撑。,51d6a2ab31a811f0a22c0242ac120012,2,面议,预上架
fa188719c66a47d4b45f410241e70ddd,河北省秦皇岛市-专业技术服务业-三维云实况分析产品,defaultProductThumbnail,该数据产品和服务基于气象数值预报产品、卫星数据、雷达数据、高空数据、地面综合观测等数据开发形成，将三维云实况分析产品种类由云宏观物理量（总云量、三维云量）扩展至云微物理量（云水、云冰、云雨、云雪、云霰），产品分辨率由 5km 提升至 1km。具备为企业、组织、团体、个人提供气象服务和保障支持的功能，可用于农业生产、交通运输、康养旅游、公共管理、应急救援等场景，减少气象灾害造成的损失。,5158270831a811f0a22c0242ac120012,2,面议,预上架
01992ae7a086488497f22416a6a2915b,河北省秦皇岛市-专业技术服务业-降水相态实况分析产品,defaultProductThumbnail,该数据产品和服务基于综合利用地面自动站观测、天气雷达、风云卫星、数值模式等多源资料和数据，采用概率密度匹配、贝叶斯模型平均、多重网格变分、最优插值等核心多源融合分析技术研制而成，包括中国区域空间分辨率为1公里的逐小时地面降水、2m气温、2m湿度、10m风等4个要素，时效最快达5分钟，质量总体优于5km分辨率的业务产品，具备为企业、组织、团体、个人提供气象服务和保障支持的功能，可用于农业生产、交通运输、康养旅游、公共管理、应急救援等场景，减少气象灾害造成的损失。,5158270831a811f0a22c0242ac120012,2,面议,预上架
d0ffd41690704496badbe07da1370d55,河北省秦皇岛市-专业技术服务业-CLDAS-V3.0实况分析产品,defaultProductThumbnail,研制的CLDAS-V3.0（东亚区域、分省和流域范围） 1km/1h气温、气压、比湿、相对湿度、U风、V风、全风速、降水、太阳辐射、长波辐射、土壤体积含水量、土壤相对湿度、地表温度、土壤温度、积雪、蒸散发、感热通量、潜热通量、土壤干旱、农田渍涝共计20个产品。产品空间分辨率1km，时间分辨率1小时。该产品已于2023年7月实现实时运行，2024年8月14日通过了中国气象局高价值气象数据产品的业务准入，在灾害性天气、水文气象、农业气象、太阳能、干旱监测、重大赛事活动保障等服务中提供了有力支撑。经评估，产品质量在中国区域优于CLDAS-V2.0、GLDAS、ERA5等国际同类产品。,5158270831a811f0a22c0242ac120012,2,面议,预上架
29166773527b478dae1f62d741b5473f,河北省秦皇岛市-专业技术服务业-多源融合降水实况分析产品,defaultProductThumbnail,该数据产品和服务基于经过质量控制的国家级自动气象站和区域自动气象站小时降水观测数据与国家卫星气象中心研制的FY2小时降水产品等数据开发形成融合产品，具备为企业、组织、团体、个人提供气象服务和保障支持的功能，可用于农业生产、交通运输、康养旅游、公共管理、应急救援等场景，减少气象灾害造成的损失。,5158270831a811f0a22c0242ac120012,2,面议,预上架
e1125a50f0cb467188c7b30aeba13951,河北省秦皇岛市-专业技术服务业-多源融合温压湿风实况分析产品,defaultProductThumbnail,该数据产品和服务基于多源融合实况1km分辨率产品，具备为企业、组织、团体、个人提供气象服务和保障支持的功能，可用于农业生产、交通运输、康养旅游、公共管理、应急救援等场景，减少气象灾害造成的损失。,5158270831a811f0a22c0242ac120012,2,面议,预上架
b4eec3f0a7254b5f843bd55002953e0e,河北省秦皇岛市-专业技术服务业-今年以来降水和气温数据,defaultProductThumbnail,该数据产品和服务基于气象地面观测、历史大数据融合算法等数据开发形成，具备为企业、组织、团体、个人提供气象服务和保障支持的功能，可用于农业生产、交通运输、康养旅游、公共管理、应急救援等场景，减少气象灾害造成的损失。,5158270831a811f0a22c0242ac120012,2,面议,预上架
0f9d7653c871477da7bb1a08d1f5fe86,河北省秦皇岛市-专业技术服务业-全球大气再分析产品V1.5,defaultProductThumbnail,该数据产品和服务基于气象探空、地面、海洋、飞机报、掩星观测、云导风、洋面风等常规资料，以及卫星辐射率观测等数据开发形成，具备为企业、组织、团体、个人提供气象服务和保障支持的功能，可用于农业生产、交通运输、康养旅游、公共管理、应急救援等场景，减少气象灾害造成的损失。,5158270831a811f0a22c0242ac120012,2,面议,预上架
8b24276371294340bc278f431b54a321,河北省沧州市-金融业-制造产业融资预授信服务,defaultProductThumbnail,该数据产品和服务基于行政审批数据源开发形成，具备制造产业信用查询功能，可支撑制造产业融资预授信服务产经。,512e7c6931a811f0a22c0242ac120012,0,面议,预上架
99c8b7ea746643e9a54f3afe9becac16,河北省沧州市-金融业-枣盈通融资预授信服务,defaultProductThumbnail,该数据产品和服务基于行政审批数据源开发形成，具备制造产业信用查询功能，可支撑制造产业融资预授信服务产经。,5135600b31a811f0a22c0242ac120012,0,面议,预上架
51f8db0b2a5b4005bed6d036445da426,河北省沧州市-零售业-企营通搜,defaultProductThumbnail,"
基于沧州市新华区行政审批局数据开发形成产品“企营通搜”，提供按企业经营范围进行查询的数据接口，为建材企业规模统计目标市场规模提供数据支撑。",50bddfbe31a811f0a22c0242ac120012,3,面议,预上架
7914efb5e2534a9eb37936be1d7c6611,河北省唐山市芦台经济开发区-农业-病虫数量统计数据集,dd99184185284f4ab9bed13e2417545f,本数据集源自芦台经济开发区农的智慧农业项目部署的田间智能监测设备，持续采集并记录主要害虫的逐日数量数据。数据支持病虫害发生动态分析、趋势预警与精准防控决策，为农业生产管理提供量化依据。,5e9e70c51b3b4ff2b66abca470f2590b,0,面议,预上架
c5b708ce86d54c388a93c363d4005328,河北省唐山市-燃气生产和供应业-管网运行参数数据集,defaultProductThumbnail,该数据产品基于燃气数据源开发形成，具备为科技型企业提供精准训练功能，可支撑能源科技公司助力其开发适配燃气行业的智能算法、仿真系统、物联网解决方案等创新产品，推动数据智能与能源产业深度融合。,508caf9a31a811f0a22c0242ac120012,2,面议,预上架
f02f947320bb4c75aa532b443e8f747d,河北省唐山市-燃气生产和供应业-设备运行参数数据集,346cb55e0871419cb1fcbf1259ab0b9c,该数据资源为唐山市燃气集团在燃气输配、设备运维及用户服务过程中产生，包含管网压力、设备参数、用气负荷等信息。,508caf9a31a811f0a22c0242ac120012,2,面议,预上架
bc053ac6c5634a96933d0085ac793ca2,河北省唐山市-气象服务-唐山市多模态气象数据集,5a2cd484c0ec4c9191e958f2da45c8bf,本数据集融合唐山多源气象与社会经济数据，构建智能预警平台，通过精准评估气象灾害风险，解决数据孤岛与评估粗放问题，实现防灾降损、优化调度的目标。,5158270831a811f0a22c0242ac120012,2,面议,预上架
6eaddd9ab7c6498c954fed1807781acd,河北省唐山市滦南县-农业-农产品价格与农作物产量种植面积数据,d3c20eaa10da4d1ea42523a40f1526f2,本产品为滦南县结构化农业数据集。数据经系统清洗、对齐与校验，形成标准化资源，支持农业分析与市场研究。,5e9e70c51b3b4ff2b66abca470f2590b,0,面议,预上架
68e8c736c72449f6b10b76499761bcd5,河北省唐山市迁安市-居民服务业-迁安市停车场泊车记录数据集,79f3901e9cae4ab2a008ea738d212e73,该数据集包含迁安市停车场的基础信息、设备节点数据及车辆进出记录。主要涵盖停车场位置、收费规则、设备状态，以及车辆车牌、出入时间等详细信息，适用于停车行为分析与资源管理研究。,5182539c31a811f0a22c0242ac120012,2,面议,预上架
169b6de3bd774d80841bdef08cfe72a3,河北省衡水市安平县公交车车辆站点信息数据查询,defaultProductThumbnail,该数据产品和服务基于公交车辆、站点、路线等公共数据开发形成，具备路线规划、实时查询、站点导航等数据支撑服务，帮助合法注册的出行服务运营企业、政务服务关联平台等服务对象优化核心。,50cbc1bd31a811f0a22c0242ac120012,0,面议,预上架
1195866a5ae94e35b77d5b74e6635781,河北省沧州市-零售业-惠企帮,defaultProductThumbnail,"
基于沧州市吴桥县行政审批局数据开发形成产品“惠企帮”，提供按统一社会信用代码进行查询的数据接口，为金融机构预授信风险识别、风险分级管理和授信策略调整提供数据支撑。",50bddfbe31a811f0a22c0242ac120012,3,面议,预上架
312e5eadc234458da98e4f9b170f34a0,辛集市-农业-耕地地力保护补贴数据集,defaultProductThumbnail,本产品核心数据为辛集市耕地地力保护补贴官方明细，涵盖辛集市农户的身份标识、地块信息、补贴面积及发放金额等关键要素。数据经脱敏结构化处理后，形成“农户-地块-补贴”关联的高可用数据集，为涉农金融保险业务提供数据支持。,5e9e70c51b3b4ff2b66abca470f2590b,2,面议,预上架
f7887a96cfb64c48a8cfc2d062f96f98,河北省石家庄市新华区-国家机构-市民热线数据集,defaultProductThumbnail,该数据集基于市民热线核心工单数据源分析开发形成，具备问题归因与关联分析等功能，区域治理优化，政策效果评估与动态调整，社会问题与民生需求研究，推动公共事务透明化与责任落实。,51d6a2ab31a811f0a22c0242ac120012,2,面议,预上架
1d3ab64d3f8d4230989bec9cb82b735a,河北省沧州市-金融业-易融资,defaultProductThumbnail,于授权的数据开发“易融资”产品，专为银行等金融机构的预授信系统赋能。该产品可自动查询单位资金数额，全面替代传统人工查证与线下纸质材料审核模式，显著提升授信审批的效率与准确性。同时，产品输出客观权威的数据支撑，助力金融机构落实风险管理要求，为单位信贷业务的差异化定价与风险分级管理提供科学依据，赋能绿色金融精准服务产业转型。数产公司围绕本场景形成标准化数据服务产品：“易融资”，使用名称、统一社会信用代码查询单位信息，向金融机构反馈单位情况。上述服务统一部署在政务云环境，采用统一的编码规则、日期和金额格式，严格执行数据脱敏和访问控制要求，并通过接口文档、字段说明和调用规范向场景经营主体提供一致、稳定、可追溯的数据服务标准。,5135600b31a811f0a22c0242ac120012,0,面议,预上架
a478d04fbca842f088bcf7c61cadab21,河北省沧州市-房地产业-信暖查,defaultProductThumbnail,基于沧州市高新区自然资源和规划局数据开发形成产品“信暖查”，提供按身份统一标识码、房屋面积进行关联查询的数据接口，支撑热力供应服务企业日常数据核对及供暖季前集中核对工作。,513c395131a811f0a22c0242ac120012,0,面议,预上架
3e6e8504f48d4d03bcfd97e0e663c86d,河北省沧州市-餐饮业-优粮商情数据,defaultProductThumbnail,基于沧州市运河区行政审批局数据开发形成产品“优粮商情”，提供按经营者名称、统一社会信用代码、许可证编号、注册资进行关联查询的数据接口，为商贸供应餐饮服务场景提供数据支持。,51048e4c31a811f0a22c0242ac120012,3,面议,预上架
85ecd9aa06ee41f597134acb849f8026,河北省沧州市-国家机构-企标通,defaultProductThumbnail,基于沧州市渤海新区黄骅市行政审批局数据开发形成产品“企标通”，提供按中标单位进行查询的数据接口，为金融机构开展经营合规审查和授信准入提供基础依据。,51d6a2ab31a811f0a22c0242ac120012,3,面议,预上架
c67fa9e5dca24010843e0b3391f288c1,河北省沧州市-金融业-信速融资预授信服务,defaultProductThumbnail,基于授权的数据开发产品，专为银行等金融机构的预授信系统赋能。该产品通过自动核验企业的成立年限、注册资本规模及当前经营状态，构建“主体存续稳定性+资基于授权的数据开发“信速融”产品，专为银行等金融机构的预授信系统赋能。该产品可自动查询企业注册实收资本(万元)范围，全面替代传统人工查证与线下纸质材料审核模式，显著提升授信审批的效率与准确性。同时，产品输出客观权威的数据支撑，助力金融机构落实风险管理要求。,5135600b31a811f0a22c0242ac120012,0,面议,预上架
50c53f4e39244b389071293ca4047370,河北省沧州市-房地产业-信投核评,defaultProductThumbnail,该产品基于沧州市肃宁县发展和改革局数据开发形成产品“信投核评”，提供按单位名称与项目名称进行关联查询的数据接口，为金融机构预授信风险识别、风险分级管理和授信策略调整提供数据支撑。,513c395131a811f0a22c0242ac120012,3,面议,预上架
9d305acb15ee4f8bbcd47ea1295510e1,河北省沧州市-零售业-拓界引擎,defaultProductThumbnail,该产品基于沧州市新华区行政审批局数据开发形成产品“拓界引擎”，提供按企业名称、统一社会信用代码、成立日期进行关联查询的数据接口，为企业文化培训商机挖掘场景提供数据支撑。,50bddfbe31a811f0a22c0242ac120012,3,面议,预上架
2cc3f6e1451b4c02898db9f2db16b63a,河北省石家庄市-科技推广和应用服务业-石家庄城停科技停车数据标签运营数据集,defaultProductThumbnail,该数据资源为石家庄城停科技智慧停车平台在运行服务过程中产生，包含企业技术研发投入、知识产权创造与运用等信息，用于用户数据标签精准标记，提供分层会员套餐等功能，提供停车用户数据标签服务。,515f1d0531a811f0a22c0242ac120012,0,面议,预上架
4ad72c647913415fbde8cd7ea5b54e38,河北省石家庄市-科技推广和应用服务业-石家庄城停科技智慧停车运营数据集,defaultProductThumbnail,该数据资源为石家庄城停科技智慧停车平台在运行服务过程中产生，包含企业技术研发投入、知识产权创造与运用等信息，用于通过停车信用数据简化支付流程，提升离场效率，提供停车先离后付服务。,515f1d0531a811f0a22c0242ac120012,0,面议,预上架
d6cab2a89ded43258ea9a4a740dffbeb,河北省石家庄市井陉县-卫生-中医院患者医疗就诊信息,defaultProductThumbnail,该数据资源为石家庄市井陉县中医院在提供医疗保健护理公共服务过程中产生，包含患者的医疗就诊相关信息，可用于数据分析、支撑决策、科学管理等。,519ea78231a811f0a22c0242ac120012,1,面议,预上架
ad874525abb84b07b08b4a2755c5e80b,河北省石家庄市经开区-公共管理、社会保障和社会组织-智慧园区企业基本信息,defaultProductThumbnail,该数据基于石家庄经开区智慧园区政务服务数据归集工作中形成，具备数据汇集、分类、编目、共享等功能。,51d6a2ab31a811f0a22c0242ac120012,2,面议,预上架
cfdb6074fb3247b5951a640c76290160,河北省石家庄市-科技推广和应用服务业-石家庄城停科技停车周边运营数据集,defaultProductThumbnail,该数据资源为石家庄城停科技智慧停车平台在运行服务过程中产生，包含企业技术研发投入、知识产权创造与运用等信息，用于用户停车场景及消费偏好，延伸用户消费场景，提供了停车后消费推荐服务。,515f1d0531a811f0a22c0242ac120012,0,面议,预上架
2bc6e6d43c834aa5b9ca0756239f2f27,河北省石家庄市-科技推广和应用服务业-石家庄城停科技停车场运营数据集,defaultProductThumbnail,该数据资源为石家庄城停科技智慧停车平台在运行服务过程中产生，包含企业技术研发投入、知识产权创造与运用等信息，用于历史及实时数据预测停车需求，提升停车场的运营效率，降低用户的时间成本，提供车位预约服务。,515f1d0531a811f0a22c0242ac120012,0,面议,预上架
a1b3b5abe04649f3b746ff522b927a91,河北省石家庄市-科技推广和应用服务业-石家庄城停科技共享停车运营数据集,defaultProductThumbnail,该数据资源为石家庄城停科技智慧停车平台在运行服务过程中产生，包含企业技术研发投入、知识产权创造与运用等信息，用于分析业主车位闲置时段及用户停车需求，优化城市停车资源利用，提供错峰共享车位服务。,515f1d0531a811f0a22c0242ac120012,0,面议,预上架
70b391edae9342b5a7eb30201145ac80,河北省沧州市-商务服务业-鼎焊信鉴,defaultProductThumbnail,该产品基于任丘市行政审批局数据开发形成，“鼎焊信鉴”，提供按统一社会信用代码或企业名称查询的接口，向金融机构反馈环保合规状态和特种设备合规状态。,514a530f31a811f0a22c0242ac120012,3,面议,预上架
963f1ac30ab842eb8b83633befc3785c,河北省沧州市-房地产业-暖信核验,defaultProductThumbnail,“暖信核验”，提供按姓名等关键字段作为查询项的比对核验接口，向热力供应服务企业返回数据核对结果及《数据核对报告》。支撑热力供应服务企业日常数据核对及供暖季前集中核对工作。,513c395131a811f0a22c0242ac120012,0,面议,预上架
ff47647422224b3eb40c78fc230d97f5,河北省唐山市乐亭县-居民服务业-AI乐亭知识库数据服务,1ac1fdbeb70946bc8fc77734c655bce3,该数据产品基于全县政务数据开发形成，具备强化民生服务与政府效能的功能，可以精准解答群众关切的各类政务问题，提升政府的工作效能和人民群众满意度，一网聚合县域发展动能，为投资者提供产业链精准导航。,511970e431a811f0a22c0242ac120012#@#5182539c31a811f0a22c0242ac120012,0,面议,预上架
aefd46d06f624debb1fabe1cda50aa69,河北省滦州市-水的生产和供应业-非居民用水数据集,defaultProductThumbnail,该数据产品和服务基于非居民用水计划核定、节水政策落实等数据源开发形成，具备水户基本信息、月度用水量、水费缴纳明细功能可支撑用水数据分析、节水方案制定、水价调整论证等场景。,5093c5bc31a811f0a22c0242ac120012,2,面议,预上架
db9d77d1b3fb409e92d475e7a87fb99e,河北省沧州市-金融业-科创贷,defaultProductThumbnail,基于授权的数据开发“制造产业融资预授信服务”产品，专为银行等金融机构的预授信系统赋能。该产品可提供融资预授信服务，全面替代传统人工查证与线下纸质材料审核模式，显著提升授信审批的效率与准确性。,5135600b31a811f0a22c0242ac120012,0,面议,预上架
2c997eb252ae454ea993517c49a8aea0,河北省唐山市丰润区-水的生产和供应-Wts自来水收费系统,defaultProductThumbnail,该数据来源于唐山市丰润区城乡水务集团有限公司，在提供供水服务中产生的，包括用户号、用水量、净水费、污水处理费等信息，可用于供水调度优化、水资源节约、居民智慧用水服务等场景。,5093c5bc31a811f0a22c0242ac120012,2,面议,预上架
a0b5a7a5a6114a9fb16d156acb7aeef6,河北省唐山市迁西县-农业-迁西板栗产业数据产品,defaultProductThumbnail,该数据产品基于迁西板栗产业数据源开发形成，具备板栗溯源区域精准选择、企业注册资质审核、产品全流程追溯功能，可支撑板栗相关数据查询。,5e9e70c51b3b4ff2b66abca470f2590b,0,面议,预上架
f969339e233f42d281098e37afcc4cac,河北省唐山市丰南区-金融业-普惠金融数据赋能产品,defaultProductThumbnail,该数据来源于河北省唐山市丰南区发展和政革局在厦行项目资金申报管理职责下产生，包含项目代码、项目所在地、所属投向领域等具体信息可用于精准指导银行机构进行货款决策，降低风险评估成本。,51207eef31a811f0a22c0242ac120012,0,面议,预上架
32edcee6535d40f990491da4a51695fb,河北省唐山市汉沽管理区-服务业-投资选址决策支持产品,defaultProductThumbnail,"基于企业设立信息、迁出信息、变更信息、计销信息等公共数据，综合项目信息数棍，通过行业聚集度指数、企业活跃磨指标及公式构建""投资选址决策支持模型”，为投资者提供科学的投资选址决策支持服务。",511970e431a811f0a22c0242ac120012,0,面议,预上架
3be93b76e6524f2fb148503410b12ee5,河北省沧州市-公共设施管理业-铸企信评数据,defaultProductThumbnail,数据产品和服务基于泊头数政局数据源开发形成，专为银行等金融机构的预授信系统赋能。该产品可自动查询企业城镇污水排入排水管网许可证的持有状态与有效期等核心环保合规指标，全面替代传统人工查证与线下纸质材料审核。,51741da331a811f0a22c0242ac120012,0,面议,预上架
a68ff8649a844db4ad00f2bb922634d1,河北省沧州市-房地产业-狮诚信数据,defaultProductThumbnail,数据产品和服务基于公积金数据源开发形成，具备沧州公积金个人基本信息查询功能，可支撑信用背调场景,513c395131a811f0a22c0242ac120012,0,面议,预上架
7d715a336cd547c79e409da1ccf8dda9,河北省石家庄市长安区-国家机构-企业登记代理人员信息数据集,defaultProductThumbnail,该数据库产品和服务基于石家庄市长安区企业登记业务档案数据源开发形成，具备企业代理人员从业信息备案查询、业务统计分析、信用关联管理等功能，可支撑监管部门对企业的规范化管理和精细化服务。,51d6a2ab31a811f0a22c0242ac120012,3,面议,预上架
0d4289f2a9d941308b5493f6972a0e70,河北省石家庄市无极县-卫生-无极县医院门诊近三年各种疾病的统计数据对比方案,defaultProductThumbnail,该方案聚焦近三年疾病数据，呈现门诊疾病发病及诊疗分布情况。统计高发病种及发病率，对比年度变化差异，分析发病影响因素，为针对性防控高发病、优化医疗资源配置提供数据支撑。,519ea78231a811f0a22c0242ac120012,2,面议,预上架
44ebe501386547baaa776ee97d51df04,河北省石家庄市晋州市-商务服务业-远程踏勘系统踏勘核查信息数据集,defaultProductThumbnail,数据来源于晋州市数据和政务服务局，在履行踏勘工作职责过程中产生的，包括踏勘核查表数据，可用于市场调研、市场服务等领域。,514a530f31a811f0a22c0242ac120012,2,面议,预上架
39763b04efa442e1bc614095d5b58757,河北省石家庄市长安区-国家机构-政务服务知识库数据集,defaultProductThumbnail,该数据产品和服务基于政务服务知识数据等数据源开发形成，具备政务数据指南功能，可支持政务事项办理所需材料检索。,51d6a2ab31a811f0a22c0242ac120012,3,面议,预上架
4ae3ce473a7041608a14117ca9558e0c,河北省衡水市枣强县“枣建通”项目数据服务,defaultProductThumbnail,该数据产品和服务基于枣强县发改局项目注册库信息、竣工库信息等数据源开发形成，具备市场主体业务拓展功能，可降低成本与资源损耗。,5190967031a811f0a22c0242ac120012,1,面议,预上架
cb3c02755e9d4ab7a50c3db09a4a6b50,河北省石家庄市正定县-电力、热力生产和供应业-充电时长使用率统计数据,defaultProductThumbnail,数据来源于正定县数字经济发展有限公司开发的智慧停车管理平台，在车辆充电时实时生成，核心数据维度包括充电站名称、充电时长、订单数、功率使用率使等，可用于优化电力供应、人员分流、充电桩场地选址等。,5085be8e31a811f0a22c0242ac120012,0,面议,预上架
4740d9f6ec234b82a17c18894c1f42d6,河北省唐山海港经济开发区-社会保障-智慧城市IOC数据服务,defaultProductThumbnail,经济、人口、政务事项办理等周期性数据,51e4be6d31a811f0a22c0242ac120012,2,面议,预上架
96c3f0f642e04dbb9306cf9918bc0e44,石家庄市-居民服务业-婚姻信息核验接口,defaultProductThumbnail,该数据产品和服务基于婚姻信息等数据资源开发形成，具备婚姻信息核验功能，可用于服务婚姻征信等场景。,5182539c31a811f0a22c0242ac120012,0,面议,预上架
aaf4d263d92e400888814198ca2579b0,石家庄市-房地产业-企业不动产信息核验接口,defaultProductThumbnail,该数据产品和服务基于企业不动产信息等数据资源开发形成，具备企业不动产信息核验功能，可用于服务企业不动产征信、经营状况评估等场景。,513c395131a811f0a22c0242ac120012,0,面议,预上架
4d05296830d841028922f55889961e7a,石家庄市-农业-测土配方施肥采样地块基本情况调查表核验接口,defaultProductThumbnail,该数据产品和服务基于测土配方施肥采样地块基本情况等数据资源开发形成，具备测土配方施肥采样地块基本情况核验功能，可用于服务种植行业信贷风控场景等场景。,5e9e70c51b3b4ff2b66abca470f2590b,0,面议,预上架
79f7c22341654999853c87405aba9e24,石家庄市-农业-测土配方施肥土壤测试结果汇总表核验接口,defaultProductThumbnail,该数据产品和服务基于测土配方施肥土壤测试结果等数据资源开发形成，具备测土配方施肥土壤测试结果核验功能，可用于服务种植行业信贷风控场景等场景。,5e9e70c51b3b4ff2b66abca470f2590b,0,面议,预上架
7993a7ad5fe842b6982554ecae2e0b95,河北省石家庄市藁城区-社会保障-区域营商环境分析,defaultProductThumbnail,"该数据产品和服务基于企业经营数据等多维度数据资源开发形成，具备市场主体全景分析及企业服务需求智能研判功能。
",51e4be6d31a811f0a22c0242ac120012,1,面议,预上架
1b54f11760804882a684b45161267238,河北省石家庄市藁城区-卫生-住院病人病情分析,defaultProductThumbnail,该数据产品和服务基于住院病人挂号数据、病人检验结果、医生诊断数据等数据源开发形成，具备简单分析病人病情功能，可服务于医疗保障、处方开药等领域。,519ea78231a811f0a22c0242ac120012,1,面议,预上架
757c504bc4ca4248bfe17f611281bfaf,河北省石家庄市藁城区-社会保障-电子证照应用效能分析,defaultProductThumbnail,该数据产品和服务基于电子证照库系统数据开发形成，具备对电子证照调用全链路监测与效能评估功能。,51e4be6d31a811f0a22c0242ac120012,1,面议,预上架
3e690c5694584fec885385637aa3dbce,河北省石家庄市井陉县-电力、热力生产和供应业-能耗数据,defaultProductThumbnail,该数据产品和服务基于电厂、换热站等的运行数据开发形成，具备监控电厂热源和换热站功能，可支撑集中供热监控系统。,5085be8e31a811f0a22c0242ac120012,1,面议,预上架
95f16ab066f44405be0329d0f8f218d8,河北省石家庄市栾城区-专业技术服务业-气象信息周报数据,defaultProductThumbnail,数据产品和服务基于‘石家庄市预报服务产品显示平台V1.0’，通过信息系统产生，人工采集修正处理后形成，具备履行呈现周内天气要素概况功能，可服务于相关单位天气情况提示材料。,5158270831a811f0a22c0242ac120012,2,面议,预上架
6377191ef2db42f8866f8c7dc0cf3268,河北省石家庄市栾城区-专业技术服务业-气象预警信号数据,defaultProductThumbnail,该数据产品和服务基于栾城区集约化综合气象业务平台，通过信息系统产生，人工采集处理后形成，具备履行气象灾害防御功能，可服务气象灾害防御场景。,5158270831a811f0a22c0242ac120012,2,面议,预上架
a7099bb8e1114a85bc571110f05efa57,河北省石家庄市平山县-卫生-2025年上半年ct腹部平扫数据,defaultProductThumbnail,该数据资源为平山县中医院在患者就诊时产生的高精度腹部ct影像及报告，覆盖影像和诊断元数据，可用于模型训练和真实世界学习,519ea78231a811f0a22c0242ac120012,2,面议,预上架
1d29aea647ba4ebeb843c8dba3127b07,河北省石家庄市元氏县-软件和信息技术服务业-元圈志愿服务数据,defaultProductThumbnail,该数据资源为河北省石家庄市元氏县元氏元圈便民服务平台数据，该便民服务平台在商贸流通过程中产生的交易数据、各企事业单位认证过程中产生的数据。包括志愿者数量、数字登记公益场景、志愿服务记录等,511970e431a811f0a22c0242ac120012,1,面议,预上架
e3ec5946fa7e4ad7a3fa1d093c2b3bea,河北省石家庄市桥西区-软件和信息技术服务业-云社区数据分析,defaultProductThumbnail,"该数据产品和服务基于云社区群消息数据分析等数据源开发形成,具备群消息分析等功能,可支撑桥西区社区用于了解社区动态与居民需求，为精准化社区服务与管理提供支撑。",511970e431a811f0a22c0242ac120012,0,面议,预上架
e964b5b0602e413d80b1d14fa3fd06c4,石家庄市-社会保障-社保到帐明细（增）核验接口,defaultProductThumbnail,该产品或服务基于石家庄市人社局统计的相关到帐明细等数源开发形成，具备核验服务功能。可支持政府、行业协会、金融机构核验、分析，支撑研究、决策、画像分析，降低风险，提升精准服务能力。,51e4be6d31a811f0a22c0242ac120012,0,面议,预上架
543e3892dfee440ab425e8b9e8a1baa8,石家庄市-社会保障-城镇居民基本医疗保险参保人员信息表核验接口,defaultProductThumbnail,该数据产品和服务基于石家庄市医疗保障局相关城镇居民基本医疗保险参保人员信息等数据源开发形成，具备核验服务功能。可支持政府、行业协会、金融机构、保险机构核验、分析，支撑研究、决策、画像分析，提升效能。,51e4be6d31a811f0a22c0242ac120012,0,面议,预上架
af5542f22d0e4bd0b34632b3d4e8ad28,石家庄市-社会保障-城镇职工基本医疗保险参保人员信息表核验接口,defaultProductThumbnail,该产品或服务基于石家庄市医疗保障局相关城镇职工基本医疗保险参保人员信息数源开发形成，具备核验服务功能。可支持为政府、行业协会、保险机构核验、分析服务，支撑研究、决策、画像分析，降低风险，提升服务能力。,51e4be6d31a811f0a22c0242ac120012,0,面议,预上架
379b89669a844686b29dc264939e4b3a,石家庄市-卫生-门诊记录信息核验接口,defaultProductThumbnail,该数据产品和服务基于石家庄市医疗保障局门诊记录信息等数据源开发形成，具备诊疗行为等核验功能，可服务于政府、行业协会、金融、保险机构等，支撑研究、决策、分析、核验、创新开发等。,519ea78231a811f0a22c0242ac120012,0,面议,预上架
27093e423699429097c22e2057c8e33a,河北省衡水市-电商-“企联星图”企业四要素核验产品和服务,defaultProductThumbnail,该数据产品和服务基于衡水市数政局个体工商户、企业注册登记信息等数据源开发形成，具备核验企业真实性功能，可支撑电商平台核实商户主体关键信息、保障入驻信息与官方登记一致。,5112b17f31a811f0a22c0242ac120012,0,面议,预上架
dc4adf44971d47f0b576514802e31d81,河北省衡水市-教育-教资核验场景服务,defaultProductThumbnail,该数据产品和服务基于衡水市数政局教师资格证等数据源开发形成，具备教师资格认定环节体检认定功能，可支撑助力定点体检医院简化体检流程、减少人工错漏。,51978a8231a811f0a22c0242ac120012,0,面议,上架
03b3251bd5244e8eba93b8e609880169,河北省邢台市巨鹿县-农业-县域气象指数保险应用,838b2c4284834d97a2e7deab40d06eeb,为贯彻落实乡村振兴战略，充分发挥气象、价格指数保险的“兜底保障作用，防范气象灾害和价格波动给农户和新型农业经营主体带来的风险，全面满足巨鹿特色农业种植户风险保障需求，更好地支持我县特色农业发展，结合巨鹿特色农业发展政策和实际需求，充分发挥气象指数保险趋利避害作用，积极推进风险治理体系建设，创新金银花气象指数保险机制，为农业发展提供定制化风险保障。,5e9e70c51b3b4ff2b66abca470f2590b,2,面议,预上架
c43015baf8f844c9a1bb44a2a577ae7c,河北省邢台市-保险业-商保通,f2025dd5d3e84d9196bcab8821a95ae1,通过对个人就诊记录和住院记录脱敏加密后数据进行需求字段查询，可以解决保险公司和投保人之间数据真实性拉齐的问题，满足保险公司对人员投保前和投保后的核查，也避免投保人投保前和投保中需要提供各种材料的问题。,512e7c6931a811f0a22c0242ac120012,0,面议,预上架
a55aae28ecba491ba6f843031325da2c,河北省邢台市-货币金融服务-房验通,7cd8dd553d2345168d303214d7789735,该不动产数据经过加工处理的可以为银行对企业和个人的贷前评估和贷后风控的提供信息支持。银行对企业和个人的贷前评估和贷后风控环节，通过查询企业或个人名下的不动产信息，用于核验房产真实性以及银行贷款贷后风控的问题,51207eef31a811f0a22c0242ac120012,0,面议,预上架
127a558d8b1c429b8db4a2e2db0dad48,河北省邢台市威县-研究和试验发展-统计年鉴数据集,8b55f38eefb049e787936d6e37b6c9e8,该数据产品和服务基于人口、经济、农业、工业、建筑业、商业、交通、教育、卫生、科技、环境等数据资源开发形成，可服务政府决策、学术研究、企业规划以及社会各界研究以及试验发展。,5151341331a811f0a22c0242ac120012,2,面议,上架
41a1cc84630345cc9bfebb32cd516ed3,河北省邢台市临西县-通用设备制造业-轴承数据分析,3c0e293252564eef8ecefac5c85ad9fb,基础数据查询（新旧型号、尺寸等参数）、增值分析（工况适配、寿命预测等）及定制化方案（研发优化、质量管控等），服务轴承生产、装备制造等全产业链企业。,0d81404e317811f0a22c0242ac120012,2,面议,预上架
7e1d0409fe20455d80c5a3bd3f68572d,河北省邢台市沙河市-非金属矿物制品业-玻璃行业历史报价数据集,5c28f06ccfd1405b8033301554f2c96c,本数据集收录了2024年1月1日—2025年12月2日期间约400个自然日的沙河玻璃历史报价，报价涵盖了沙河市德金、长城、海生、安全、正大、鸿升、鑫利等七家玻璃企业的主要系列玻璃制品。,0d61c3c8317811f0a22c0242ac120012,2,面议,预上架
756f58d092e146139649117be6aa00dd,河北省邢台市新河县-电力、热力生产和供应业- 光伏项目清单数据查询,6746dfd87489489394668eda30281c57,能源企业在进行光伏发电或者能源发电时，能源企业可以对新河县光伏发电状态及情况进行查询。,5085be8e31a811f0a22c0242ac120012,2,面议,预上架
c077cbd1d71e4097b0600a7aef31b87f,河北省邢台市临城县-电力、热力生产和供应业-测光信息查询,c3fe26eaf7a94cb8a285f1deb3eb9b61,表格系统性地汇集了各潜在光伏电站场址的光照测量站关键信息，涵盖所属乡镇、业主单位、精确地理坐标等核心字段。,5085be8e31a811f0a22c0242ac120012,2,面议,预上架
16ec8b3d367641e0b1a5be4ec35bc10f,河北省邢台市临城县-电力、热力生产和供应业-测风信息数据查询,8001213d678a437ba9dc9bbd4aced2e4,本产品提供一套标准化的“风能资源普查与测风项目管理”数据服务。系统性地汇集了各潜在风电场址的测风塔关键信息，包括所属乡镇、业主单位、具体位置（经纬度坐标）等核心地理与权属字段。,5085be8e31a811f0a22c0242ac120012,2,面议,预上架
dcf36bf9823e45b38a307e3fe44c511a,河北省邢台市南宫市-电力、热力生产和供应业-风资源信息数据查询,95e332f1c7284e90bcecc2a8a3f0f986,该数据包含南宫市近期的风资源数据，可以查询风向、风速、气压、气温和湿度等，可以为有意向在南宫境内投资建设风力发电的企业提供数据支持。,5085be8e31a811f0a22c0242ac120012,2,面议,预上架
2b1d02fcd8844f1199c60614308ca555,河北省邢台市临城县-专业技术服务业-充电基础设施信息查询,566fd6fc89dc4cc183d317f9f7ebba2f,表格汇集了全县范围内已建成的公共及专用充电站（桩）的关键信息，涵盖充电设施具体位置、充电桩数量、建设单位等核心字段。,5158270831a811f0a22c0242ac120012,2,面议,上架
4165e1f071884bd09ba6206767a52980,河北省石家庄市高邑县-电力、热力生产和供应业-气象数据核验接口,defaultProductThumbnail,该数据产品基于观测时间、月平均气温、月降水量、风速及风向等数据资源开发形成，具备气温、降水、风力风向等气象要素整合、统计与展示功能，可支撑气象监测分析、气候趋势研判、防灾减灾预警及公共气象服务保障工作。,5085be8e31a811f0a22c0242ac120012,0,面议,预上架
f472dc358d8c424ebe306829c69bc9c9,石家庄市-卫生-住院记录信息核验接口,defaultProductThumbnail,该产品或服务基于石家庄市医疗保障局相关住院记录信息等数源开发形成，具备核验服务功能。可支持政府、行业协会、金融机构、保险机构核验、分析，支撑研究、决策、画像分析，降低风险，提升精准服务能力。,519ea78231a811f0a22c0242ac120012,0,面议,预上架
89f3b55c02544eb09c4d6ba071cd86f4,石家庄-卫生-医疗报销记录信息核验接口,defaultProductThumbnail,该数据产品和服务基于石家庄市医疗保障局相关医疗报销记录等数据源开发形成，具备医保服务核验功能，可服务于政府、行业协会、保险机构等，支撑研究、决策、分析、核验、创新开发等。,519ea78231a811f0a22c0242ac120012,0,面议,预上架
5946bec9f162420cb4bca8fc114b3224,石家庄市-社会保障-离休人员医疗保障信息核验接口,defaultProductThumbnail,该数据产品和服务基于石家庄市医疗保障局统计的相关离休人员医疗保障信息等数据源开发形成，具备医保服务核验功能，可支持为政府、行业协会、保险机构核验、分析，可支撑研究、决策、画像分析及提升民生服务等。,51e4be6d31a811f0a22c0242ac120012,0,面议,预上架
7837f6748d024be6b0e329c29af73fa2,石家庄市-社会保障-公积金贷款信息核验接口,defaultProductThumbnail,该产品或服务基于石家庄住房公积金管理中心存储的相关个人贷款账户信息等数源开发形成，具备核验服务功能。可支持政府、行业协会、金融机构核验、分析，支撑研究、决策、画像分析，降低风险，提升精准服务能力。,51e4be6d31a811f0a22c0242ac120012,0,面议,预上架
762db9741ea6409aa8325dfcd3068cce,河北省衡水市政电通电力工程服务,defaultProductThumbnail,该数据产品和服务基于企业投资项目核准、建设项目环境影响评价审批等工程项目类数据源形成，具备前端一体申报、后台分发处理信息集成共享的信息功能，可提供数据查询服务,5085be8e31a811f0a22c0242ac120012,0,面议,上架
78191ea92ed3479893b42fa4f532ebe7,石家庄市-社会保障-个人公积金缴存信息核验接口,defaultProductThumbnail,该产品或服务基于石家庄市住房公积金管理中心存储的相关个人账户信息等数源开发形成，具备核验服务功能。可支持政府、行业协会、金融机构核验、分析，支撑研究、决策、画像分析，降低风险，提升精准服务能力。,51e4be6d31a811f0a22c0242ac120012,0,面议,预上架
a240ceb488314364879a1f4e1f47e801,石家庄-社会保障-参加医疗保险人员信息核验接口,defaultProductThumbnail,该数据产品和服务基于石家庄市参加医疗保险人员信息等数据源开发形成，具备医保服务核验功能，可服务于政府、行业协会、保险机构等，支撑研究、决策、分析、核验、创新开发等。,51e4be6d31a811f0a22c0242ac120012,0,面议,预上架
22f4b3e1222a438fa55594119bc1d537,河北省衡水市企业信息数据应用与溯查核验,defaultProductThumbnail,该数据产品和服务基于内资企业数据和个体商户数据源开发形成，具备贷前、贷中、贷后数据核验服务，帮助金融机构准确地核验客户的信息功能，可提供数据核验接口服务。,5135600b31a811f0a22c0242ac120012,0,面议,上架
85794126bc574e1fa5570b018305db68,河北省石家庄市灵寿县-居民服务业-城市体检报告数据,defaultProductThumbnail,该数据产品和服务基于城市、街区、小区、住房等多源数据开发形成，具备运用多模态数据构建城市自体检智能决策系统功能，可用于破解数据碎片化等治理痛点，实现应急响应提速。,5182539c31a811f0a22c0242ac120012,2,面议,预上架
d4ebdfb730d643aca7112db93ab4f740,河北省石家庄市鹿泉区-软件和信息技术服务业-产业发展分析报告,defaultProductThumbnail,数据来源于石家庄市鹿泉区数据和政务服务局的政务大厅综合管理平台，在提供企业注册登记、业务办理等政务服务过程中产生的，包括企业基本信息、业务办理记录等全量数据，可用于区域产业分析、企业市场研判与决策等。,511970e431a811f0a22c0242ac120012,2,面议,预上架
6c0b68d578094b7da8b778bf5c1e7f75,河北省定州市-土木工程建筑业-招投标公告信息及工程建设项目审批公示信息接口,fe11051f747a4cefa838fc0f6ca312db,该数据产品和服务基于定州市建筑工程施工许可信息等数据源开发形成，提供精准的查询功能，旨在赋能建筑行业的市场研究、风险评估与战略决策。,50a1b21731a811f0a22c0242ac120012,0,面议,上架
9e0cb52f50ed45e184608f4341f53627,石家庄市-社会保障-法人主体基本信息扩展表核验接口,defaultProductThumbnail,该数据产品和服务基于法人主体基本信息扩展表等数据资源开发形成，具备法人主体基本信息核验功能，可用于服务企业征信、经营状况评估等场景。,51e4be6d31a811f0a22c0242ac120012,0,面议,预上架
e9a4a84a0ed24b8aba47ee01e0d7e6ac,石家庄市-房地产业-商品房交易信息核验接口,defaultProductThumbnail,该数据产品和服务基于商品房交易信息等数据资源开发形成，具备商品房交易信息核验功能，可用于服务房屋征信等场景。,513c395131a811f0a22c0242ac120012,0,面议,预上架
e488a1ff348647acb0d58a867b3cc342,石家庄市-社会保障-企业基本信息核验接口,defaultProductThumbnail,该数据产品和服务基于企业基本信息等数据资源开发形成，具备企业基本信息核验功能，可用于服务企业征信、经营状况评估等场景。,51e4be6d31a811f0a22c0242ac120012,0,面议,预上架
d60a0b81de5e439fb9a1a6204cda9f80,河北省石家庄高新区-科技推广和应用服务业-年度企业创新积分,defaultProductThumbnail,本产品是石家庄高新区企业创新积分信息平台下的年度企业创新积分API接口服务，基于企业年度创新情况进行统计汇总成的年度积分数据。,515f1d0531a811f0a22c0242ac120012,0,面议,预上架
46e11b14d4bf4c05baa417dca44cdfcc,石家庄市-社会保障-企业年报基本信息核验接口,defaultProductThumbnail,该数据产品和服务基于企业年报基本信息等数据资源开发形成，具备企业年报基本信息核验功能，可用于服务企业征信、经营状况评估等场景。,51e4be6d31a811f0a22c0242ac120012,0,面议,预上架
ff80bb71c1dc4b958c37f15efa485a0b,石家庄市-社会保障-法人基本信息核验接口,defaultProductThumbnail,该数据产品和服务基于法人主体基本信息等数据资源开发形成，具备法人主体基本信息核验功能，可用于服务企业征信、经营状况评估等场景。,51e4be6d31a811f0a22c0242ac120012,0,面议,预上架
488691d2baca45a59e7b34ed9545a285,石家庄市-居民服务业-贫困人口信息核验接口,defaultProductThumbnail,该数据产品和服务基于贫困人口信息等数据资源开发形成，具备贫困人口信息核验功能，可用于服务居民信息核准等场景。,5182539c31a811f0a22c0242ac120012,0,面议,预上架
2601024ee94f45d798bb1183ecb0f3df,河北省石家庄市鹿泉区-公共设施管理业-旅游消费指数监测洞察,defaultProductThumbnail,数据来源于石家庄市鹿泉区数据和政务服务局的鹿泉区文旅监测平台，在提供旅游管理与公共服务过程中产生的，包括游客流量、消费行为及客群属性等信息，可用于区域旅游产业规划、产品服务优化及市场营销策略制定等场景,51741da331a811f0a22c0242ac120012,2,面议,预上架
50554b12507b495498ce0ee1bf0655f6,河北省唐山市-水的生产和供应业-非居民供水数据产品,defaultProductThumbnail,该数据产品和服务基于非居民用水数据开发形成，可纳入信用评估体系，为传统金融征信体系提供了创新补充维度。,5093c5bc31a811f0a22c0242ac120012,2,面议,预上架
8d70c95452d54c88b6f8b6a1c52deafe,河北省唐山市-水的生产和供应业-二次供水数据集,defaultProductThumbnail,该数据产品和服务基于二次供水数据开发利用，依据二次供水数据选择能效更高的水泵机组，从源头上减少建筑全生命周期的碳排放。通过将运营数据反馈至规划设计环节，进而实现源头优化、全过程提质增效的良性循环。,5093c5bc31a811f0a22c0242ac120012,3,面议,预上架
f0a703fa24f34379b47c32ee2c81530b,河北省石家庄高新区-软件和信息技术服务业-高新区国控点今日排名分析,defaultProductThumbnail,该数据资源为石家庄高新区智慧环保态势感知平台日常运维生成的国控点排名数据，可根据各点位的六因子数据结合日期和时间进行分析，用于对企业、工地和环卫保洁的精准化管控。,511970e431a811f0a22c0242ac120012,0,面议,预上架
d6c612b4653146a58f52774489737e04,河北省石家庄市赵县-国家机构-个体工商户登记注册数据查询软件,defaultProductThumbnail,该产品基于赵县个体工商户登记注册数据源开发，具备查询赵县个体工商户经营主体存续状态等信息的功能，可服务查验经营主体存续状态的各种场景。,51d6a2ab31a811f0a22c0242ac120012,2,面议,预上架
98ec55c8228c4904ae15b79c22954da9,石家庄市-房地产业-房屋交易信息核验接口,defaultProductThumbnail,该数据产品和服务基于房屋交易信息等数据资源开发形成，具备房屋交易信息核验功能，可用于服务房屋征信等场景。,513c395131a811f0a22c0242ac120012,0,面议,预上架
32570a7f193f45eea943dbd2865a7c2c,石家庄市-居民服务业-低保登记信息核验接口,defaultProductThumbnail,该数据产品和服务基于低保人口信息等数据资源开发形成，具备低保人口信息核验功能，可用于服务居民信息核准等场景。,5182539c31a811f0a22c0242ac120012,0,面议,预上架
da417be371274434aa31d250f406b2aa,石家庄市-社会保障-企业联络员信息核验接口,defaultProductThumbnail,该数据产品和服务基于企业联络员信息等数据资源开发形成，具备企业联络员信息核验功能，可用于服务企业征信、经营状况评估等场景。,51e4be6d31a811f0a22c0242ac120012,0,面议,预上架
8e1003442b834edc93b383d4fae0f4ca,河北省石家庄市桥西区-软件和信息技术服务业-i桥西热线分析,defaultProductThumbnail,"该数据产品和服务基于i桥西政务服务便民热线数据分析等数据源开发形成,具备工单分析、转派意见生成等数据。",511970e431a811f0a22c0242ac120012,0,面议,预上架
b2ce2250dfa34d76932b3c5d9e5a4c1b,河北省邢台市-保险业-婚验宝,a0cb7a1ec9d440529daf3180705b89fe,用于银行和保险核验个人和双方婚姻真实性，减免客户提交线下手续，加快银行和保险公司办理业务的速率。,512e7c6931a811f0a22c0242ac120012,0,面议,预上架
c973a25b6c8c41338e8ed96f46e6dd0a,河北省邢台市-保险业-身故核验通,9b9d40faa2034d8cb1a35b473305e253,该数据产品和服务基于个人死亡状态、个人与家人关系信息的数据资源开发形成，具备死亡状态核验和与家人关系信息核验功能，可助力保险公司对被保险人死亡状态和与家人关系信息核验,512e7c6931a811f0a22c0242ac120012,0,面议,预上架
20655b905a834a56ae4d9e903661921b,河北省沧州市-卫生-智能商业保险服务,defaultProductThumbnail,经沧州市数据局、沧州市卫生健康委员会授权，我公司利用沧州市全民健康信息平台汇集的诊疗数据通过模型计算，生成标准化API接口，经拟参保人员授权，为商业保险公司精准提供该人员生存及健康情况核保支持。,519ea78231a811f0a22c0242ac120012,0,面议,预上架
c560d572bcf6481f87dbb0589947bb3e,唐山市路南区-企业服务-路南盾,29db63f3328743dd96f5dbfe76310781,通过路南区零工就业数据，结合公检法司接口数据,511970e431a811f0a22c0242ac120012,0,面议,预上架
904517b60f7e4ccea26fae0dd9ca4e13,唐山市路北政务通系统数据信息,defaultProductThumbnail,内容简介:  企业在掌上预约窗口排号、下载申报该数据产品基于唐山市路北区政务服务工作开发，可使办事群众和企业在掌上预约窗口排号、下载申报资料，可通过“政策直通车”栏目，了解各项审批业务办理流程及政策讲解，以及“守信激励对象查询”等。,511970e431a811f0a22c0242ac120012,0,面议,预上架
eb8b4c19f60d4973bc97201daed32b59,邯郸市-保险业-“邯安骑保”产品和服务,defaultProductThumbnail,邯安骑保数据产品和服务基于邯郸市公安局电动车上牌数据源开发形成，具备核验功能，可服务保险业保险核保服务。,512e7c6931a811f0a22c0242ac120012,0,面议,上架
97e511b14e7844319fb01790b2ffe297,邯郸市-卫生-医安保产品和服务,defaultProductThumbnail,"邯郸市-卫生-医安保产品和服务数据产品和服务基于邯郸市卫生
健康委员会医疗数据源开发形成，具备核验功能，可保险机构核验
服务",519ea78231a811f0a22c0242ac120012,0,面议,预上架
6a3e3b33afb144dcbf612333ef588ee2,唐山市-卫生-诊断分类对照数据产品,defaultProductThumbnail,该包含疾病诊断编码和疾病名称，涉及到国家临床版2.0肿瘤形态学编码、医保2.0疾病诊断编码ICD10等疾病类数据。,519ea78231a811f0a22c0242ac120012,2,面议,预上架
b02d972276944820a2b1e6d386b85c29,唐山市-卫生-手术操作分类对照数据产品,defaultProductThumbnail,该数据产品包含编码和编码名称，涉及到微创手术目录[2022]、四级手术目录[2022]、手术和介入治疗目录[2022]、三级手术目录[2022]、日间手术目录[2022]等手术操作类数据。,519ea78231a811f0a22c0242ac120012,2,面议,预上架
f07b08045a6a421d916570340a8e13f9,河北省沧州市-卫生-健康管家,defaultProductThumbnail,经沧州市数据局、沧州市卫生健康委员会授权，我公司利用沧州市全民健康信息平台汇集的体检数据通过模型计算，生成标准API接口，经拟个人授权，生成智能体检报告,519ea78231a811f0a22c0242ac120012,0,面议,预上架
a69de9e2053f40dcb953b282909706bb,河北省沧州市-房地产业-沧州公积金企业基本信息查询,defaultProductThumbnail,该数据产品和服务基于公积金数据源开发形成，具备沧州公积金企业基本信息查询功能，可支撑金融信贷场景。,513c395131a811f0a22c0242ac120012,0,面议,预上架
7474a5d86c234cf1b62478f50c19df89,河北省沧州市-房地产业-沧州公积金个人基本信息查询,defaultProductThumbnail,该数据产品和服务基于公积金数据源开发形成，具备沧州公积金个人基本信息查询功能，可支撑信用背调场景。,513c395131a811f0a22c0242ac120012,0,面议,预上架
8320dcd7caad470d8b4acfd757fc98db,河北省石家庄高新区-软件和信息技术服务业-高新区国控点月度排名分析,defaultProductThumbnail,该数据资源为石家庄高新区智慧环保态势感知平台日常运维生成的国控点排名数据，可根据各点位的六因子数据结合日期和时间进行分析，用于对企业、工地和环卫保洁的精准化管控。,511970e431a811f0a22c0242ac120012,0,面议,预上架
8b3e0f2dcaa94c1bae5722d90060344f,保定市-信息技术咨询-保定市科技信贷评估场景化服务产品,defaultProductThumbnail,数据资源涵盖【外资企业基本、企业许可信息、企业信用信息、企业信用信息、高新企业认定信息、企业软件著作权信息、企业用电用水信息】。,511970e431a811f0a22c0242ac120012,0,面议,预上架
5a99670e10b54d26aea0bb4442b59668,保定市-信息技术咨询-保定市拥军爱民评估场景化服务产品,defaultProductThumbnail,数据涵盖【退役军人领域的退役军人优抚政策、就业创业政策等数据，医保领域的医疗保障等数据，社保领域的社会保险、就业等数据，民政领域的优抚、婚姻等数据，卫健领域的医疗资源、健康档案等数据】。,511970e431a811f0a22c0242ac120012,0,面议,预上架
1cd6c6ee410d4ce7ae8a69f15174a6e5,保定市-居民服务业-保定市婚姻状况评估场景化服务产品,defaultProductThumbnail,数据涵盖【婚姻登记信息、离婚登记信息、家庭关系数据、社保缴费信息、信用记录】,5182539c31a811f0a22c0242ac120012,0,面议,预上架
c609cef3cd1c459d8f29d814b2191bf5,张家口市-公交站点信息查询,defaultProductThumbnail,静态公交站点经纬度信息数据,50cbc1bd31a811f0a22c0242ac120012,0,面议,预上架
3e31b30120674108b0b3d99fd1036b94,河北省廊坊市公交管网智能巡视,9d99acefc8464faf966f90243bf35c8c,数据包括视频图像数据和车辆位置空间数据。视频图像数据由车载摄像头采集；车辆位置空间数据由车载定位天线采集,50cbc1bd31a811f0a22c0242ac120012,0,面议,预上架
5a18fc0c0c30439c86d894ef2386846a,辛集-金融-梨天气指数保险方案,b86603cebe28480daaaec986dc2f60b3,"该产品整合辛集气象数据、梨产业数据及保险理赔记录，构建""灾害-损失""风险模型，精准测算冰雹、风灾、冻灾的保险费率，分析历史赔付形成解决方案，为农险保险产品设计、灾害预防及政府决策提供数据支持。",512e7c6931a811f0a22c0242ac120012,2,面议,预上架
4f4529be441f48039519d85d03c47fe6,廊坊市法人库数据集,1d2083eed17f4b4c9ec3ca464cc7cacd,在获得企业授权，知情同意的前提下，需要查询注册企业的主要成员、非自然人出资信息、许可类信息、监管类信息等，加工生成法人库数据集，提供给需求方开发《企业画像》，帮助企业分析市场趋势、优化产品和服务，识别企业自身潜在的风险。,5135600b31a811f0a22c0242ac120012,0,面议,预上架
366289b7bdea4cb88e00637835b36fcb,河北省廊坊市公积金数据集,47e41f1823db4f0fbc86c02c298dca18,在获得个人授权、知情同意的前提下，需要查询申请人的公积金缴存基数、公积金账号状态、公积金缴至年月和申请人基础信息等数据，加工生成公积金数据集，提供给需求方开发《个人信用评估报告》，推送给金融机构用于贷款办理的资格审查等业务办理,5135600b31a811f0a22c0242ac120012,0,面议,预上架
ebd6c7b244c44f859fad8c4165e4fde0,河北省廊坊市不动产登记交易数据集,06da3661577e4efe9cd20f1fe5d0812e,在获得个人授权、知情同意的前提下，需要查询申请人的房产备案登记信息、土地信息、房产交易信息、房产抵押信息、房产杳封信息和申请人基础信息等数据，加工生成不动产登记交易数据集，提供给需求方开发《不动产评估报告》，推送给金融机构用于贷款抵押前的资格审查等业务办理。,5135600b31a811f0a22c0242ac120012,0,面议,预上架
b4964a6a8fd64d1694f0fedd2dcf2966,河北省秦皇岛市-专业技术服务业-“企安通”初级数据产品,defaultProductThumbnail,该数据产品基于企业安全生产隐患信息等数据源开发形成，具备开展企业隐患数量统计分析等核心功能，可为企业安全生产管理及政府行业监管等提供支持。,5158270831a811f0a22c0242ac120012,0,面议,预上架
f01b87d4750e4a429632aceac6206fa1,河北省秦皇岛市-道路运输业-“营运通”初级数据产品,defaultProductThumbnail,该数据产品和服务基于路网、车辆、人员信息数据开发形成，具备为人员管理、业户监督、路网监测的功能，为行业安全生产和应急管理提供全方位决策支持。,50cbc1bd31a811f0a22c0242ac120012,0,面议,预上架
0ec33c5f0ac44b078dd500f8c84f9357,河北省秦皇岛市-货币金融服务-“水灵通”初级数据产品,defaultProductThumbnail,该数据产品基于企业用水情况等数据源开发形成，具备分析企业用水行为等功能，可支撑金融机构判断企业运营规模与还款能力，优化信贷资源配置等功能。,51207eef31a811f0a22c0242ac120012,0,面议,预上架
64e5a6492d7842efb74caeec4c98d12f,河北省秦皇岛市-货币金融服务-“企信通”初级数据产品,defaultProductThumbnail,本数据产品基于秦皇岛市企业登记数据源开发形成，具备对企业基础信息进行核验及企业社会信用核查功能。可服务于金融机构查询企业信用和基本信息，辅助确定授信额度。,51207eef31a811f0a22c0242ac120012,0,面议,预上架
a02fe2abd804450a87b0dc800e130b69,河北省秦皇岛市-房地产业-“房信通”初级数据产品,defaultProductThumbnail,该数据产品基于房产登记数据源进行开发。具备对房产信息进行核验功能。向房产平台、中介机构提供在线房屋信息核验服务。,513c395131a811f0a22c0242ac120012,0,面议,预上架
62406a24696047cbb9d54e679c592d32,河北省秦皇岛市-电力、热力生产和供应业-“能址星图”数据集,b87f7714908848dfacaba302f251344b,数据产品和服务基于新能源普查数据开发形成，具备为新能源企业提供风电或光伏坐标点位数据的功能，可为新能源企业提供选址支持。,5085be8e31a811f0a22c0242ac120012,3,面议,上架
