title,detail_url,org,price,delivery,scenarios,tags,cert_img
铁路及周边构筑物高精度点云信息采集系统,https://dex.hubei-data.com/product/detail/1779,武汉纵横天地空间信息技术有限公司,面议,线下交付,智慧交通，公共安全，应急管理,"['互联互通', '可交易']",https://dex.hubei-data.com/file/sjjy-prod/tmp/upload/2025/11/26/productCertificate_20251126153809A004.png
低空城市空间数字孪生一张图,https://dex.hubei-data.com/product/detail/939,中科星图数字地球合肥有限公司,面议,下载地址,智慧交通，智慧城市，数字政务，智慧文旅,"['互联互通', '可交易']",https://dex.hubei-data.com/file/sjjy-prod/tmp/upload/2025/09/07/productCertificate_20250907180908A011.png
全国低空孪生底座一张图,https://dex.hubei-data.com/product/detail/938,中科星图数字地球合肥有限公司,面议,下载地址,智慧交通，智慧城市，数字政务,"['互联互通', '可交易']",https://dex.hubei-data.com/file/sjjy-prod/tmp/upload/2025/09/07/productCertificate_20250907180819A010.png
全国低空障碍物模型服务,https://dex.hubei-data.com/product/detail/937,中科星图数字地球合肥有限公司,面议,下载地址,智慧交通，智慧城市，智慧物流，应急管理,"['互联互通', '可交易']",https://dex.hubei-data.com/file/sjjy-prod/tmp/upload/2025/09/07/productCertificate_20250907180732A012.png
全国低空地物覆盖矢量服务,https://dex.hubei-data.com/product/detail/936,中科星图数字地球合肥有限公司,面议,下载地址,智慧城市，数字政务，智慧能源，农业农村,"['互联互通', '可交易']",https://dex.hubei-data.com/file/sjjy-prod/tmp/upload/2025/10/02/productCertificate_20251002150859A266.png
全国低空道路模型服务,https://dex.hubei-data.com/product/detail/935,中科星图数字地球合肥有限公司,面议,下载地址,智慧交通，智慧城市，数字政务,"['互联互通', '可交易']",https://dex.hubei-data.com/file/sjjy-prod/tmp/upload/2025/09/07/productCertificate_20250907180719A011.png
全国低空树木模型服务,https://dex.hubei-data.com/product/detail/934,中科星图数字地球合肥有限公司,面议,下载地址,智慧城市，数字政务,"['互联互通', '可交易']",https://dex.hubei-data.com/file/sjjy-prod/tmp/upload/2025/09/07/productCertificate_20250907180802A013.png
热力管网巡检数据集,https://dex.hubei-data.com/product/detail/1836,随州聚鑫大数据运营有限公司,面议,下载地址,科学实验，低空经济，公共安全,"['合规认证', '可交易']",https://dex.hubei-data.com/file/sjjy-prod/tmp/upload/2025/12/30/productCertificate_20251230173431A112.png
城市活动特征分析算法模型,https://dex.hubei-data.com/product/detail/1835,武汉市规划研究院（武汉市交通发展战略研究院）,面议,线下交付,智慧交通，智慧城市,"['合规认证', '可交易']",https://dex.hubei-data.com/file/sjjy-prod/tmp/upload/2025/12/31/productCertificate_20251231094314A115.png
城市货车运行特征分析算法模型,https://dex.hubei-data.com/product/detail/1834,武汉市规划研究院（武汉市交通发展战略研究院）,面议,线下交付,智慧交通，智慧城市,"['合规认证', '可交易']",https://dex.hubei-data.com/file/sjjy-prod/tmp/upload/2025/12/31/productCertificate_20251231094515A119.png
城市共享单车容纳量测算模型,https://dex.hubei-data.com/product/detail/1833,武汉市规划研究院（武汉市交通发展战略研究院）,面议,线下交付,智慧交通，智慧城市,"['合规认证', '可交易']",https://dex.hubei-data.com/file/sjjy-prod/tmp/upload/2025/12/31/productCertificate_20251231094532A130.png
城市公共交通出行分析算法模型,https://dex.hubei-data.com/product/detail/1825,武汉市规划研究院（武汉市交通发展战略研究院）,面议,线下交付,智慧交通，智慧城市,"['合规认证', '可交易']",https://dex.hubei-data.com/file/sjjy-prod/tmp/upload/2025/12/31/productCertificate_20251231094442A118.png
城市常规公交规模测算模型,https://dex.hubei-data.com/product/detail/1824,武汉市规划研究院（武汉市交通发展战略研究院）,面议,线下交付,智慧交通，智慧城市,"['合规认证', '可交易']",
产业链发育度分析模型,https://dex.hubei-data.com/product/detail/1823,武汉市规划研究院（武汉市交通发展战略研究院）,面议,线下交付,智慧城市,"['合规认证', '可交易']",
商家活跃度分析报告,https://dex.hubei-data.com/product/detail/1820,湖北省港润大数据产业发展有限公司,面议,下载地址,消费互联网，民生服务，其他,"['合规认证', '可交易']",
招标文件审核关联数据集,https://dex.hubei-data.com/product/detail/1817,湖北省招标股份有限公司,面议,下载地址,电子商务,"['合规认证', '可交易']",
创新街区评价模型构建方法及装置,https://dex.hubei-data.com/product/detail/1811,武汉市规划研究院（武汉市交通发展战略研究院）,面议,线下交付,智慧城市,"['合规认证', '可交易']",
数鉴·科创引擎数据集,https://dex.hubei-data.com/product/detail/1809,武汉索元数据信息有限公司,面议,下载地址,人工智能，民生服务，智慧城市，金融科技，数字政务,"['合规认证', '可交易']",
基于动态计算的人类蛋白质科学高质量数据集V2.0,https://dex.hubei-data.com/product/detail/1808,长江科算（湖北）信息科技有限公司,￥4000000,下载地址,人工智能，生物制造,"['合规认证', '可交易']",
智慧工地· 工程安全风险预警数据集,https://dex.hubei-data.com/product/detail/1806,湖北省工业建筑集团有限公司,面议,下载地址,智慧城市，住房建设，应急管理,"['合规认证', '可交易']",
充电桩收益分析,https://dex.hubei-data.com/product/detail/1805,安陆涢科数智城市运营服务有限公司,面议,下载地址,智慧交通，智慧能源,"['合规认证', '可交易']",
工程供应商智评360,https://dex.hubei-data.com/product/detail/1802,湖北联投咨询管理有限公司,面议,下载地址,其他，消费互联网，电子商务,"['合规认证', '可交易']",
枝江市姚家港化工园基础设施数据集,https://dex.hubei-data.com/product/detail/1801,湖北省港润大数据产业发展有限公司,面议,API接口,应急管理，公共安全，智慧物流，其他,"['合规认证', '可交易']",
风电场全链路运行监测数据集,https://dex.hubei-data.com/product/detail/1799,涡阳县康风新能源有限公司,面议,下载地址,绿色低碳，智能制造，智慧能源,"['合规认证', '可交易']",
城市15分钟生活圈可达性分析算法模型,https://dex.hubei-data.com/product/detail/1798,武汉市规划研究院（武汉市交通发展战略研究院）,面议,线下交付,智慧交通，智慧城市,"['合规认证', '可交易']",
数据合规法律服务,https://dex.hubei-data.com/product/detail/1797,上海申同律师事务所,面议,线下交付,智慧交通，金融科技，智慧城市，智能制造,['可交易'],
公立医院财务制证规则数据集,https://dex.hubei-data.com/product/detail/1796,华中科技大学同济医学院附属协和医院,面议,下载地址,智慧医疗，人工智能，其他,"['合规认证', '可交易']",
大冶市智慧停车与充电运营应用数据分析报告,https://dex.hubei-data.com/product/detail/1795,大冶市城发智慧停车管理有限公司,面议,下载地址,智慧交通，智慧城市，绿色低碳,"['合规认证', '可交易']",
联链E信金融大数据服务数据产品,https://dex.hubei-data.com/product/detail/1785,湖北联合资信评估有限公司,面议,下载地址,金融科技,"['合规认证', '可交易']",
交通可达性分析算法模型,https://dex.hubei-data.com/product/detail/1783,武汉市规划研究院（武汉市交通发展战略研究院）,面议,线下交付,智慧城市，智慧交通,"['合规认证', '可交易']",
企业科创能力评估数据产品,https://dex.hubei-data.com/product/detail/1780,湖北科创供应链有限公司,面议,下载地址,金融科技，消费互联网，智能制造，数字政务，民生服务,"['合规认证', '可交易']",
湖北安腾区域用水活跃度分析报告,https://dex.hubei-data.com/product/detail/1778,湖北安腾科技产业有限公司,面议,下载地址,智慧城市，数字政务，民生服务,"['合规认证', '可交易']",
沙洋县公共交通运营（公交、停车场）数据分析报告,https://dex.hubei-data.com/product/detail/1777,沙洋县公共交通有限公司,面议,下载地址,智慧交通,"['合规认证', '可交易']",
新媒体管理考核平台,https://dex.hubei-data.com/product/detail/1774,北京清博智能科技有限公司,面议,线下交付,公共安全，数字政务，智慧城市，人工智能，消费互联网，智慧文旅，教育教学，其他,"['合规认证', '可交易']",
清博舆情系统,https://dex.hubei-data.com/product/detail/1773,北京清博智能科技有限公司,面议,线下交付,消费互联网，智慧文旅，数字政务，民生服务，公共安全，其他,"['合规认证', '可交易']",
“居民用水关怀”数据服务,https://dex.hubei-data.com/product/detail/1770,湖北安腾科技产业有限公司,面议,下载地址,智慧城市，数字政务，民生服务，其他,"['合规认证', '可交易']",
湖北安腾企业级用水量分析,https://dex.hubei-data.com/product/detail/1769,湖北安腾科技产业有限公司,面议,下载地址,数字政务，民生服务，教育教学，公共安全,"['合规认证', '可交易']",
企业数据业务咨询服务,https://dex.hubei-data.com/product/detail/1767,武汉市数苍科技服务有限公司,面议,线下交付,智慧交通，农业农村，电子商务，智能制造，智慧医疗，智慧物流，智慧文旅，智慧能源，低空经济，其他，智能驾驶,['可交易'],
安全监测模型,https://dex.hubei-data.com/product/detail/1766,武汉中交沌口长江大桥投资有限公司,面议,下载地址,智能制造，其他,"['合规认证', '可交易']",
风险预警模型,https://dex.hubei-data.com/product/detail/1765,武汉中交沌口长江大桥投资有限公司,面议,下载地址,智能制造，其他,"['合规认证', '可交易']",
企业数据经纪服务,https://dex.hubei-data.com/product/detail/1762,湖北楚数通数据科技有限公司,面议,线下交付,智慧交通，数字政务，智慧能源，其他，低空经济，农业农村，身份验证，气象气候，金融科技，民生服务，教育教学，具身智能，智能驾驶，电子商务，人工智能，智慧医疗，智慧城市，消费互联网，人力资源，智慧海洋，生物制造，住房建设，自然资源，公共安全，绿色低碳，应急管理，智能制造，保险科技，航空航天，智慧物流，智慧文旅，科学实验,['可交易'],
武汉轨道交通16号线岩土工程地质勘察数据集,https://dex.hubei-data.com/product/detail/1758,武汉地铁集团有限公司,面议,下载地址,智慧交通，智慧城市,"['合规认证', '可交易']",
孝南智慧园区全要素实景三维模型,https://dex.hubei-data.com/product/detail/1757,湖北全擎建设咨询有限公司,面议,下载地址,自然资源,"['合规认证', '可交易']",
基于动态计算的人类蛋白质科学高质量数据集V1.0,https://dex.hubei-data.com/product/detail/1756,长江科算（湖北）信息科技有限公司,￥3000000,下载地址,科学实验，人工智能，生物制造,"['合规认证', '可交易']",
十堰市茅箭区低空数字孪生视角,https://dex.hubei-data.com/product/detail/1755,十堰高科数字产业有限公司,面议,下载地址,应急管理，其他,"['合规认证', '可交易']",
数据经纪服务,https://dex.hubei-data.com/product/detail/1749,北京市隆安（武汉）律师事务所,面议,线下交付,智慧交通，智慧物流，生物制造，住房建设，智慧文旅，气象气候，金融科技，智慧能源，自然资源，农业农村，智慧医疗，智慧城市，教育教学，电子商务，保险科技，人力资源，航空航天，科学实验，应急管理，绿色低碳，数字政务，身份验证，公共安全，其他，民生服务，人工智能，低空经济，具身智能，消费互联网，智能制造，智能驾驶，智慧海洋,['可交易'],
数据合规认证,https://dex.hubei-data.com/product/detail/1748,北京市隆安（武汉）律师事务所,面议,线下交付,智慧交通，智慧物流，生物制造，住房建设，气象气候，智慧文旅，金融科技，智慧能源，自然资源，农业农村，智慧医疗，智慧城市，教育教学，电子商务，保险科技，航空航天，人力资源，科学实验，应急管理，绿色低碳，数字政务，身份验证，公共安全，其他，民生服务，人工智能，低空经济，具身智能，消费互联网，智能制造，智能驾驶，智慧海洋,['可交易'],
随州区域企业每月用水脱敏数据集,https://dex.hubei-data.com/product/detail/1747,随州盛源水务有限公司,面议,下载地址,智慧城市，数字政务，绿色低碳，智能制造,"['合规认证', '可交易']",
石首停车系统数据产品,https://dex.hubei-data.com/product/detail/1746,石首市博雅城市建设投资有限公司,面议,下载地址,智慧交通，金融科技，智慧城市，智慧物流，其他，智能驾驶，民生服务,"['合规认证', '可交易']",
数据资源入表咨询服务,https://dex.hubei-data.com/product/detail/1745,武汉康力会计师事务有限责任公司,面议,线下交付,金融科技，智慧交通，数字政务，农业农村，电子商务，智慧城市，其他，公共安全，人工智能,['可交易'],
金信无忧,https://dex.hubei-data.com/product/detail/950,咸宁金融投资集团有限责任公司,面议,API接口,金融科技,"['合规认证', '可交易']",
鄂州企业用水行为洞察,https://dex.hubei-data.com/product/detail/948,鄂州市水务集团有限公司,面议,下载地址,金融科技，智慧城市,"['合规认证', '可交易']",
兴港e充大数据运营与决策支持分析报告,https://dex.hubei-data.com/product/detail/947,孝感兴港新能源有限公司,面议,下载地址,智慧交通,"['合规认证', '可交易']",
鄂州城市自来水经营洞察,https://dex.hubei-data.com/product/detail/946,鄂州市水务集团有限公司,面议,下载地址,民生服务，智慧城市,"['合规认证', '可交易']",
数据合规服务,https://dex.hubei-data.com/product/detail/940,湖北维力律师事务所,面议,线下交付,其他,['可交易'],
入表会计处理服务,https://dex.hubei-data.com/product/detail/932,湖北国盛则明会计师事务所（特殊普通合伙）,面议,线下交付,智慧交通，智能制造，气象气候，智慧物流，金融科技，智慧文旅，智慧医疗，智慧能源，农业农村，智慧城市，保险科技，教育教学，电子商务，航空航天，科学实验，人力资源，应急管理，数字政务，身份验证，绿色低碳，公共安全，民生服务，人工智能，其他，消费互联网,['可交易'],
停车分布数据产品,https://dex.hubei-data.com/product/detail/915,潜江市智行城市建设有限公司,面议,下载地址,智慧交通，智慧物流,"['合规认证', '可交易']",
充电桩运营数据产品,https://dex.hubei-data.com/product/detail/914,潜江市城捷新能源有限公司,面议,下载地址,智慧交通，智慧物流，消费互联网,"['合规认证', '可交易']",
数据治理专项人才培训,https://dex.hubei-data.com/product/detail/898,武汉市数苍科技服务有限公司,面议,线下交付,智慧交通，数字政务，智慧物流，智慧文旅，智慧医疗，智慧城市，航空航天，民生服务，智能制造，科学实验,['可交易'],
武汉轨道交通岩土工程地质勘察数据集,https://dex.hubei-data.com/product/detail/895,武汉地铁集团有限公司,面议,下载地址,智慧交通，智慧城市,"['合规认证', '可交易']",
入表会计处理服务,https://dex.hubei-data.com/product/detail/893,信永中和会计师事务所（特殊普通合伙）深圳分所,面议,线下交付,智慧交通，数字政务，身份验证，气象气候，金融科技，民生服务，智慧医疗，人工智能，智慧城市，消费互联网，保险科技，智能制造，航空航天，智慧物流，科学实验，智慧文旅,['可交易'],
企业数据资产评估,https://dex.hubei-data.com/product/detail/892,贯文网络科技（苏州）有限公司,面议,线下交付,智慧交通，智能制造，气象气候，智慧物流，智慧文旅，金融科技，智慧医疗，智慧城市，保险科技，航空航天，科学实验，数字政务，身份验证，民生服务，人工智能，消费互联网,['可交易'],
企业数据托管,https://dex.hubei-data.com/product/detail/890,贯文网络科技（苏州）有限公司,面议,线下交付,智慧交通，智能制造，气象气候，智慧物流，金融科技，智慧文旅，智慧医疗，智慧城市，保险科技，航空航天，科学实验，数字政务，身份验证，民生服务，人工智能，消费互联网,['可交易'],
企业数据公证,https://dex.hubei-data.com/product/detail/889,贯文网络科技（苏州）有限公司,面议,线下交付,智慧交通，智能制造，气象气候，智慧物流，金融科技，智慧文旅，智慧医疗，智慧城市，保险科技，航空航天，科学实验，数字政务，身份验证，民生服务，人工智能，消费互联网,['可交易'],
企业数据经纪,https://dex.hubei-data.com/product/detail/888,贯文网络科技（苏州）有限公司,面议,线下交付,智慧交通，气象气候，智能制造，智慧物流，智慧文旅，金融科技，智慧医疗，智慧城市，保险科技，航空航天，科学实验，数字政务，身份验证，民生服务，人工智能，消费互联网,['可交易'],
企业数据安全审计,https://dex.hubei-data.com/product/detail/887,贯文网络科技（苏州）有限公司,面议,线下交付,智慧交通，气象气候，金融科技，智慧医疗，智慧城市，保险科技，航空航天，科学实验，数字政务，身份验证，民生服务，消费互联网，人工智能，智能制造，智慧物流，智慧文旅,['可交易'],
企业数据资产价值模型与评定,https://dex.hubei-data.com/product/detail/885,贯文网络科技（苏州）有限公司,面议,线下交付,智慧交通，金融科技，智慧医疗，智慧城市，保险科技，航空航天，科学实验，数字政务，身份验证，民生服务，人工智能，消费互联网，智能制造，智慧物流，智慧文旅，气象气候,['可交易'],
停车场信息查询服务,https://dex.hubei-data.com/product/detail/884,鄂州市城市大数据产业发展有限公司,面议,API接口,智慧交通，智慧城市,"['合规认证', '可交易']",
食品安全风险防控大数据分析预警平台,https://dex.hubei-data.com/product/detail/881,食安康（湖北）科技有限公司,面议,线下交付,民生服务，智慧城市,"['合规认证', '可交易']",
数智化食品安全快检室,https://dex.hubei-data.com/product/detail/880,食安康（湖北）科技有限公司,面议,线下交付,民生服务，智慧城市,"['合规认证', '可交易']",
投融资、上市公司数据合规调查,https://dex.hubei-data.com/product/detail/876,北京市京师（武汉）律师事务所,面议,线下交付,智慧交通，人工智能，民生服务，气象气候，消费互联网，金融科技，智慧医疗，智能制造，智慧物流，智慧城市，保险科技，智慧文旅，航空航天，科学实验，数字政务，身份验证,['可交易'],
网络安全自查,https://dex.hubei-data.com/product/detail/875,北京市京师（武汉）律师事务所,面议,线下交付,智慧交通，气象气候，人工智能，消费互联网，金融科技，民生服务，智能制造，智慧医疗，智慧城市，智慧物流，智慧文旅，保险科技，航空航天，科学实验，数字政务，身份验证,['可交易'],
数据业务模式合规审查,https://dex.hubei-data.com/product/detail/874,北京市京师（武汉）律师事务所,面议,线下交付,智慧交通，民生服务，人工智能，气象气候，金融科技，消费互联网，智能制造，智慧医疗，智慧城市，智慧物流，智慧文旅，保险科技，航空航天，科学实验，数字政务，身份验证,['可交易'],
数据标注合规,https://dex.hubei-data.com/product/detail/873,北京市京师（武汉）律师事务所,面议,线下交付,气象气候，民生服务，智慧交通，金融科技，人工智能，消费互联网，智能制造，智慧医疗，智慧城市，智慧物流，智慧文旅，保险科技，航空航天，科学实验，数字政务，身份验证,['可交易'],
企业数据合规体系构建,https://dex.hubei-data.com/product/detail/872,北京市京师（武汉）律师事务所,面议,线下交付,智慧交通，气象气候，人工智能，金融科技，消费互联网，民生服务，智慧医疗，智能制造，智慧城市，智慧物流，智慧文旅，保险科技，航空航天，科学实验，数字政务，身份验证,['可交易'],
数据交易合规,https://dex.hubei-data.com/product/detail/871,北京市京师（武汉）律师事务所,面议,线下交付,智慧交通，民生服务，气象气候，人工智能，消费互联网，金融科技，智能制造，智慧医疗，智慧城市，智慧物流，智慧文旅，保险科技，航空航天，科学实验，数字政务，身份验证,['可交易'],
数据出境安全评估,https://dex.hubei-data.com/product/detail/870,北京市京师（武汉）律师事务所,面议,线下交付,智慧交通，民生服务，人工智能，气象气候，金融科技，消费互联网，智慧医疗，智能制造，智慧城市，智慧物流，保险科技，智慧文旅，航空航天，科学实验，数字政务，身份验证,['可交易'],
律师服务（法律尽调与合规评估）,https://dex.hubei-data.com/product/detail/864,北京市君泽君（武汉）律师事务所,面议,线下交付,智慧交通，气象气候，金融科技，智慧医疗，智慧城市，保险科技，航空航天，科学实验，数字政务，身份验证，民生服务，人工智能，消费互联网，智能制造，智慧文旅，智慧物流,['可交易'],
官猫数据资产司法鉴定,https://dex.hubei-data.com/product/detail/855,湖北中新科维检验检测有限公司,面议,线下交付,智慧交通，数字政务，气象气候，身份验证，金融科技，民生服务，智慧医疗，人工智能，智慧城市，消费互联网，保险科技，智能制造，航空航天，智慧物流，科学实验，智慧文旅,['可交易'],
官猫电子数据技术性鉴定服务,https://dex.hubei-data.com/product/detail/854,湖北中新科维检验检测有限公司,面议,线下交付,智慧交通，数字政务，身份验证，气象气候，金融科技，民生服务，人工智能，智慧医疗，智慧城市，消费互联网，保险科技，智能制造，航空航天，智慧物流，科学实验，智慧文旅,['可交易'],
U-Insight 青年安居智鉴,https://dex.hubei-data.com/product/detail/853,湖北省住房保障建设管理有限公司,面议,下载地址,民生服务,"['合规认证', '可交易']",
数据资产入表-数据合规评估服务,https://dex.hubei-data.com/product/detail/851,北京市京师（武汉）律师事务所,面议,线下交付,智慧交通，人工智能，消费互联网，气象气候，金融科技，智能制造，智慧物流，智慧医疗，智慧城市，智慧文旅，保险科技，航空航天，科学实验，数字政务，身份验证，民生服务,['可交易'],
数据合规专项治理,https://dex.hubei-data.com/product/detail/850,北京大成（武汉）律师事务所,面议,线下交付,智慧交通，科学实验，智慧物流，智慧文旅，数字政务，气象气候，金融科技，身份验证，民生服务，智慧医疗，智慧城市，人工智能，消费互联网，保险科技，航空航天，智能制造,['可交易'],
数据资产入表一站式服务,https://dex.hubei-data.com/product/detail/849,北京大成（武汉）律师事务所,面议,线下交付,智慧交通，气象气候，金融科技，智慧医疗，智慧城市，航空航天，保险科技，科学实验，数字政务，身份验证，民生服务，人工智能，消费互联网，智能制造，智慧物流，智慧文旅,['可交易'],
数据资产评估,https://dex.hubei-data.com/product/detail/848,中通诚资产评估有限公司,面议,线下交付,智慧交通，智慧城市，智慧物流，航空航天,['可交易'],
科创链供需要素数据集,https://dex.hubei-data.com/product/detail/837,湖北科创供应链有限公司,面议,下载地址,数字政务，民生服务，金融科技，人工智能，智慧交通，智能制造，智慧物流，保险科技，智慧医疗，智慧城市，消费互联网，科学实验，航空航天,"['合规认证', '可交易']",
审计服务,https://dex.hubei-data.com/product/detail/836,永拓会计师事务所（特殊普通合伙）湖北分所,面议,线下交付,金融科技，民生服务,['可交易'],
工程现场管理风险预警数据集,https://dex.hubei-data.com/product/detail/833,武汉联投置业有限公司,面议,下载地址,智慧城市,"['合规认证', '可交易']",
晴川人才岗位数据分析报告,https://dex.hubei-data.com/product/detail/832,武汉市汉阳控股集团有限公司,面议,下载地址,民生服务,"['合规认证', '可交易']",
水体遥感监测一张图,https://dex.hubei-data.com/product/detail/831,中科星图数字地球合肥有限公司,面议,下载地址,保险科技，智慧城市，航空航天，科学实验，数字政务,"['合规认证', '可交易']",
耕地遥感监测一张图,https://dex.hubei-data.com/product/detail/830,中科星图数字地球合肥有限公司,面议,下载地址,数字政务，科学实验，航空航天，保险科技,"['合规认证', '可交易']",
林地遥感监测一张图,https://dex.hubei-data.com/product/detail/829,中科星图数字地球合肥有限公司,面议,下载地址,航空航天，科学实验，保险科技，数字政务,"['合规认证', '可交易']",
全国建筑物遥感监测,https://dex.hubei-data.com/product/detail/828,中科星图数字地球合肥有限公司,面议,下载地址,智能制造，智慧城市，航空航天,"['合规认证', '可交易']",
湖库蓝藻水华遥感监测,https://dex.hubei-data.com/product/detail/827,中科星图数字地球合肥有限公司,面议,下载地址,保险科技，航空航天，科学实验,"['合规认证', '可交易']",
亚米级位置图像编码,https://dex.hubei-data.com/product/detail/826,中科星图数字地球合肥有限公司,面议,下载地址,人工智能,"['合规认证', '可交易']",
输电线路隐患遥感监测,https://dex.hubei-data.com/product/detail/825,中科星图数字地球合肥有限公司,面议,下载地址,智能制造，智慧城市，保险科技，航空航天，科学实验，数字政务,"['合规认证', '可交易']",
光伏遥感监测,https://dex.hubei-data.com/product/detail/824,中科星图数字地球合肥有限公司,面议,下载地址,智能制造，保险科技，航空航天，科学实验，数字政务,"['合规认证', '可交易']",
耕地“非农非粮化”遥感监测,https://dex.hubei-data.com/product/detail/823,中科星图数字地球合肥有限公司,面议,下载地址,金融科技，保险科技，航空航天，科学实验，数字政务,"['合规认证', '可交易']",
作物种植长势遥感监测,https://dex.hubei-data.com/product/detail/822,中科星图数字地球合肥有限公司,面议,下载地址,保险科技，航空航天，科学实验，数字政务,"['合规认证', '可交易']",
人才发展决策数字专家平台,https://dex.hubei-data.com/product/detail/820,湖北晴川人才供应链科技有限公司,面议,线下交付,人工智能，民生服务,"['合规认证', '可交易']",
作物种植类型与面积遥感监测,https://dex.hubei-data.com/product/detail/819,中科星图数字地球合肥有限公司,面议,下载地址,保险科技，航空航天，数字政务，民生服务,"['合规认证', '可交易']",
心脑血管疾病及其共患慢病临床真实世界研究分析报告,https://dex.hubei-data.com/product/detail/794,华中科技大学同济医学院附属同济医院,面议,下载地址,智慧医疗,"['合规认证', '可交易']",
科美e泊位 - 停车大数据智能决策引擎,https://dex.hubei-data.com/product/detail/792,宜都市科美大数据产业发展有限公司,面议,API接口,暂无,"['合规认证', '可交易']",
大口径用户增值服务产品数据集,https://dex.hubei-data.com/product/detail/789,武汉市水务集团有限公司,面议,下载地址,智慧城市，科学实验，数字政务，民生服务，智能制造,"['合规认证', '可交易']",
美购十堰小程序订单交易数据集,https://dex.hubei-data.com/product/detail/788,大美（十堰）电子商务有限公司,面议,下载地址,暂无,"['合规认证', '可交易']",
车型品牌统计分析,https://dex.hubei-data.com/product/detail/781,湖北交投科技发展有限公司,面议,API接口,暂无,"['合规认证', '可交易']",
新能源车统计分布,https://dex.hubei-data.com/product/detail/780,湖北交投科技发展有限公司,面议,API接口,暂无,"['合规认证', '可交易']",
地址精准识别服务,https://dex.hubei-data.com/product/detail/779,湖北赫诚律师事务所,面议,API接口,暂无,"['合规认证', '可交易']",
九州医药链数字化赋能产业服务,https://dex.hubei-data.com/product/detail/776,湖北九州医药供应链有限公司,面议,下载地址,消费互联网,"['合规认证', '可交易']",
医疗领域网络获客渠道综合价值分析数据集,https://dex.hubei-data.com/product/detail/775,武汉德韩摩尔城口腔门诊有限公司,面议,下载地址,智慧医疗,"['合规认证', '可交易']",
企业数据资产入表合规评估服务,https://dex.hubei-data.com/product/detail/772,上海市君悦律师事务所,面议,线下交付,暂无,['可交易'],
数据产品挂牌合规评估服务,https://dex.hubei-data.com/product/detail/771,上海市君悦律师事务所,面议,线下交付,暂无,['可交易'],
数据资产质量评估,https://dex.hubei-data.com/product/detail/770,武汉新时通信息技术有限公司,面议,线下交付,智慧交通，气象气候，金融科技，智慧医疗，智慧城市，数字政务，民生服务，人工智能，智能制造，智慧物流，智慧文旅,['可交易'],
咸宁智慧停车动静态数据集合,https://dex.hubei-data.com/product/detail/766,咸宁市城发大数据产业有限公司,面议,下载地址,智慧交通，智慧城市,"['合规认证', '可交易']",
地址精准识别服务,https://dex.hubei-data.com/product/detail/764,湖北赫诚律师事务所,面议,API接口,暂无,"['合规认证', '可交易']",
数据标注服务,https://dex.hubei-data.com/product/detail/759,深圳市东信云科技有限公司,面议,线下交付,人工智能,"['合规认证', '可交易']",
创业担保贷款网办系统,https://dex.hubei-data.com/product/detail/757,湖北三峡金融科技有限公司,面议,下载地址,金融科技，保险科技，数字政务，民生服务,"['合规认证', '可交易']",
智能网联汽车测试道路安全风险等级评估V1,https://dex.hubei-data.com/product/detail/756,武汉车网智联测试运营管理有限公司,面议,下载地址,智慧城市，智慧交通,"['合规认证', '可交易']",
真实世界研究可行性分析报告,https://dex.hubei-data.com/product/detail/753,华中科技大学同济医学院附属同济医院,面议,下载地址,智慧医疗,"['合规认证', '可交易']",
湖北交科智慧站点数字孪生支撑平台,https://dex.hubei-data.com/product/detail/746,湖北省交通科学研究所,面议,线下交付,暂无,"['合规认证', '可交易']",
电商企业数据服务,https://dex.hubei-data.com/product/detail/739,人民数据管理（北京）有限公司,面议,线下交付,金融科技，数字政务，保险科技，智慧城市,"['合规认证', '可交易']",
智慧社区服务,https://dex.hubei-data.com/product/detail/738,深圳市华傲数据技术有限公司,面议,线下交付,民生服务，智慧城市，数字政务,"['合规认证', '可交易']",
数据分析服务,https://dex.hubei-data.com/product/detail/737,深圳市华傲数据技术有限公司,面议,线下交付,智慧交通，气象气候，民生服务，金融科技，人工智能，智慧医疗，消费互联网，智能制造，智慧城市，保险科技，智慧物流，智慧文旅，航空航天，科学实验，数字政务,"['合规认证', '可交易']",
数据目录一体化服务,https://dex.hubei-data.com/product/detail/736,深圳市华傲数据技术有限公司,面议,线下交付,智慧交通，气象气候，民生服务，金融科技，人工智能，智慧医疗，消费互联网，智慧城市，智能制造，保险科技，智慧物流，航空航天，智慧文旅，科学实验，数字政务,"['合规认证', '可交易']",
数据开发服务,https://dex.hubei-data.com/product/detail/735,深圳市华傲数据技术有限公司,面议,线下交付,智慧交通，身份验证，气象气候，民生服务，金融科技，人工智能，智慧医疗，消费互联网，智慧城市，智能制造，保险科技，智慧物流，航空航天，智慧文旅，科学实验，数字政务,"['合规认证', '可交易']",
企业数据入表服务,https://dex.hubei-data.com/product/detail/734,深圳市华傲数据技术有限公司,面议,线下交付,智慧交通，气象气候，金融科技，智慧医疗，智慧城市，保险科技，航空航天，科学实验，消费互联网，智能制造，智慧物流，智慧文旅,"['合规认证', '可交易']",
三标一典服务,https://dex.hubei-data.com/product/detail/733,深圳市华傲数据技术有限公司,面议,线下交付,智慧交通，气象气候，民生服务，金融科技，人工智能，智慧医疗，消费互联网，智慧城市，智能制造，保险科技，智慧物流，智慧文旅，航空航天，科学实验，数字政务,"['合规认证', '可交易']",
数据测评服务,https://dex.hubei-data.com/product/detail/732,深圳市华傲数据技术有限公司,面议,线下交付,智慧交通，气象气候，民生服务，金融科技，智慧医疗，智能制造，智慧城市，保险科技，智慧物流，智慧文旅，航空航天，科学实验，数字政务,"['合规认证', '可交易']",
数据治理服务,https://dex.hubei-data.com/product/detail/731,深圳市华傲数据技术有限公司,面议,线下交付,智慧交通，民生服务，气象气候，金融科技，人工智能，智慧医疗，消费互联网，智慧城市，智能制造，保险科技，智慧物流，智慧文旅，航空航天，科学实验，数字政务,"['合规认证', '可交易']",
数据开放服务,https://dex.hubei-data.com/product/detail/730,深圳市华傲数据技术有限公司,面议,线下交付,智慧城市，数字政务,"['合规认证', '可交易']",
企业图谱数据服务,https://dex.hubei-data.com/product/detail/720,人民数据管理（北京）有限公司,面议,线下交付,金融科技，智慧城市，保险科技，数字政务,"['合规认证', '可交易']",
企业税务信息数据服务,https://dex.hubei-data.com/product/detail/719,人民数据管理（北京）有限公司,面议,线下交付,金融科技，保险科技，数字政务,"['合规认证', '可交易']",
企业经营信息数据服务,https://dex.hubei-data.com/product/detail/718,人民数据管理（北京）有限公司,面议,线下交付,金融科技，智慧城市，保险科技，数字政务,"['合规认证', '可交易']",
工商经营信息数据服务,https://dex.hubei-data.com/product/detail/717,人民数据管理（北京）有限公司,面议,线下交付,金融科技，智慧城市，保险科技，数字政务,"['合规认证', '可交易']",
电商商品级数据服务,https://dex.hubei-data.com/product/detail/713,人民数据管理（北京）有限公司,面议,线下交付,暂无,"['合规认证', '可交易']",
文旅数据服务,https://dex.hubei-data.com/product/detail/712,人民数据管理（北京）有限公司,面议,线下交付,智慧城市，数字政务，民生服务，智慧文旅,"['合规认证', '可交易']",
知识产权数据服务,https://dex.hubei-data.com/product/detail/711,人民数据管理（北京）有限公司,面议,线下交付,智慧城市，金融科技，保险科技，人工智能，数字政务,"['合规认证', '可交易']",
电商汇总数据服务,https://dex.hubei-data.com/product/detail/708,人民数据管理（北京）有限公司,面议,线下交付,数字政务，智慧城市,"['合规认证', '可交易']",
医药行业数据服务,https://dex.hubei-data.com/product/detail/707,人民数据管理（北京）有限公司,面议,线下交付,智慧医疗，金融科技，智慧城市，保险科技，数字政务，人工智能,"['合规认证', '可交易']",
舆情数据服务,https://dex.hubei-data.com/product/detail/706,人民数据管理（北京）有限公司,面议,线下交付,人工智能，金融科技，智慧城市，保险科技，数字政务,"['合规认证', '可交易']",
司法涉诉数据服务,https://dex.hubei-data.com/product/detail/705,人民数据管理（北京）有限公司,面议,线下交付,金融科技，智慧城市，保险科技，数字政务,"['合规认证', '可交易']",
产业链数据服务,https://dex.hubei-data.com/product/detail/704,人民数据管理（北京）有限公司,面议,线下交付,金融科技，保险科技，智慧城市，数字政务，智能制造,"['合规认证', '可交易']",
行政处罚数据服务,https://dex.hubei-data.com/product/detail/703,人民数据管理（北京）有限公司,面议,线下交付,金融科技，智慧城市，保险科技，数字政务,"['合规认证', '可交易']",
招投标数据服务,https://dex.hubei-data.com/product/detail/702,人民数据管理（北京）有限公司,面议,线下交付,金融科技，智慧城市，保险科技，数字政务,"['合规认证', '可交易']",
语料数据服务,https://dex.hubei-data.com/product/detail/699,人民数据管理（北京）有限公司,面议,线下交付,人工智能,"['合规认证', '可交易']",
授权采集数据服务,https://dex.hubei-data.com/product/detail/697,人民数据管理（北京）有限公司,面议,线下交付,金融科技，智慧城市，保险科技，数字政务,"['合规认证', '可交易']",
专题数据服务,https://dex.hubei-data.com/product/detail/696,人民数据管理（北京）有限公司,面议,线下交付,人工智能，智慧城市，智慧医疗，金融科技，保险科技，数字政务，智能制造，智慧物流，智慧文旅，民生服务，气象气候,"['合规认证', '可交易']",
房信数据服务,https://dex.hubei-data.com/product/detail/694,人民数据管理（北京）有限公司,面议,线下交付,金融科技，保险科技，智慧城市，数字政务，民生服务,"['合规认证', '可交易']",
工商基础信息数据服务,https://dex.hubei-data.com/product/detail/693,人民数据管理（北京）有限公司,面议,线下交付,金融科技，智慧城市，数字政务，保险科技,"['合规认证', '可交易']",
数据共享服务,https://dex.hubei-data.com/product/detail/692,深圳市华傲数据技术有限公司,面议,线下交付,智慧交通，民生服务，气象气候，人工智能，金融科技，智慧医疗，消费互联网，智慧城市，智能制造，智慧物流，保险科技，航空航天，智慧文旅，科学实验，数字政务,"['合规认证', '可交易']",
数据安全服务,https://dex.hubei-data.com/product/detail/691,深圳市华傲数据技术有限公司,面议,线下交付,智慧交通，身份验证，气象气候，民生服务，金融科技，人工智能，消费互联网，智慧医疗，智慧城市，智能制造，保险科技，智慧物流，智慧文旅，航空航天，科学实验，数字政务,"['合规认证', '可交易']",
数据合规评估,https://dex.hubei-data.com/product/detail/686,北京大成（武汉）律师事务所,面议,线下交付,智慧交通，气象气候，智慧文旅，数字政务，科学实验，智慧物流，身份验证，金融科技，智慧医疗，民生服务，智慧城市，人工智能，消费互联网，保险科技，航空航天，智能制造,['可交易'],
数据采集汇聚服务,https://dex.hubei-data.com/product/detail/675,深圳市华傲数据技术有限公司,面议,线下交付,智慧交通，身份验证，气象气候，民生服务，金融科技，人工智能，智慧医疗，消费互联网，智慧城市，智能制造，保险科技，智慧物流，航空航天，智慧文旅，科学实验，数字政务,"['合规认证', '可交易']",
授权运营平台与第三方交易机构平台对接服务,https://dex.hubei-data.com/product/detail/641,杭州数梦工场科技有限公司,面议,线下交付,智慧交通，气象气候，金融科技，智慧医疗，身份验证，人工智能，智慧城市,"['合规认证', '可交易']",
授权运营平台与第三方身份认证对接服务,https://dex.hubei-data.com/product/detail/640,杭州数梦工场科技有限公司,面议,线下交付,身份验证,"['合规认证', '可交易']",
授权运营平台与第三方系统页面集成对接服务,https://dex.hubei-data.com/product/detail/639,杭州数梦工场科技有限公司,面议,线下交付,身份验证，智慧交通，气象气候，金融科技，智慧医疗，智慧城市，数字政务,"['合规认证', '可交易']",
数据产品开发服务,https://dex.hubei-data.com/product/detail/626,清雁科技（北京）有限公司,面议,线下交付,智慧交通，身份验证，民生服务，气象气候，金融科技，人工智能，消费互联网，智慧医疗，智慧城市，智能制造，智慧物流，保险科技，航空航天，智慧文旅，科学实验，数字政务,"['合规认证', '可交易']",
数据产品合规使用指导服务,https://dex.hubei-data.com/product/detail/625,杭州数梦工场科技有限公司,面议,线下交付,智慧交通，气象气候，金融科技，智慧医疗，智慧城市，民生服务，数字政务,"['合规认证', '可交易']",
应用接入安全保障服务,https://dex.hubei-data.com/product/detail/624,杭州数梦工场科技有限公司,面议,线下交付,智慧交通，气象气候，金融科技，智慧医疗，身份验证，民生服务，智慧城市，数字政务,"['合规认证', '可交易']",
数据资产成本归集服务,https://dex.hubei-data.com/product/detail/623,清雁科技（北京）有限公司,面议,线下交付,智慧交通，身份验证，民生服务，气象气候，金融科技，人工智能，消费互联网，智慧医疗，智慧城市，智能制造，智慧物流，保险科技，航空航天，智慧文旅，科学实验，数字政务,"['合规认证', '可交易']",
产品合规审核流程跟办服务,https://dex.hubei-data.com/product/detail/622,杭州数梦工场科技有限公司,面议,线下交付,身份验证，智慧医疗，金融科技，智慧交通，气象气候，民生服务，数字政务,"['合规认证', '可交易']",
数据质量评价模型计算服务,https://dex.hubei-data.com/product/detail/621,清雁科技（北京）有限公司,面议,线下交付,智慧交通，身份验证，民生服务，气象气候，金融科技，人工智能，消费互联网，智慧医疗，智慧城市，智能制造，智慧物流，保险科技，航空航天，智慧文旅，科学实验，数字政务,"['合规认证', '可交易']",
数据交易流通环境搭建,https://dex.hubei-data.com/product/detail/620,清雁科技（北京）有限公司,面议,线下交付,智慧交通，身份验证，民生服务，气象气候，金融科技，人工智能，消费互联网，智慧医疗，智慧城市，智能制造，保险科技，智慧物流，智慧文旅，航空航天，科学实验，数字政务,"['合规认证', '可交易']",
数据隐私计算环境搭建服务,https://dex.hubei-data.com/product/detail/619,清雁科技（北京）有限公司,面议,线下交付,智慧交通，身份验证，民生服务，气象气候，金融科技，人工智能，消费互联网，智慧医疗，智慧城市，智能制造，保险科技，智慧物流，智慧文旅，航空航天，科学实验，数字政务,"['合规认证', '可交易']",
数据产品便捷上架服务,https://dex.hubei-data.com/product/detail/618,杭州数梦工场科技有限公司,面议,线下交付,智慧交通，气象气候，金融科技，智慧医疗，智慧城市，智慧物流，智慧文旅，身份验证，民生服务，人工智能，数字政务,"['合规认证', '可交易']",
公共数据授权运营咨询服务,https://dex.hubei-data.com/product/detail/617,清雁科技（北京）有限公司,面议,线下交付,智慧交通，身份验证，民生服务，气象气候，金融科技，人工智能，消费互联网，智慧医疗，智慧城市，智能制造，智慧物流，保险科技，航空航天，智慧文旅，科学实验，数字政务,"['合规认证', '可交易']",
数据产品产权登记证书跟办服务,https://dex.hubei-data.com/product/detail/616,杭州数梦工场科技有限公司,面议,线下交付,暂无,"['合规认证', '可交易']",
数据产品合规性预审核服务,https://dex.hubei-data.com/product/detail/615,杭州数梦工场科技有限公司,面议,线下交付,暂无,"['合规认证', '可交易']",
数据产品开发实施服务,https://dex.hubei-data.com/product/detail/614,杭州数梦工场科技有限公司,面议,线下交付,智慧交通，气象气候，金融科技，智慧医疗，智慧城市，数字政务，智慧文旅，智慧物流，民生服务，身份验证，人工智能，智能制造,"['合规认证', '可交易']",
数据要素语言大模型搭建服务,https://dex.hubei-data.com/product/detail/613,清雁科技（北京）有限公司,面议,线下交付,智慧交通，身份验证，民生服务，气象气候，金融科技，人工智能，消费互联网，智慧医疗，智慧城市，智能制造，智慧物流，保险科技，航空航天，智慧文旅，科学实验，数字政务,"['合规认证', '可交易']",
公共数据资源申请咨询服务,https://dex.hubei-data.com/product/detail/612,杭州数梦工场科技有限公司,面议,线下交付,智慧交通，气象气候，金融科技，智慧医疗，智慧城市，科学实验，数字政务，智慧物流，智慧文旅，身份验证，民生服务，人工智能，智能制造,"['合规认证', '可交易']",
可信数据空间基础设施搭建服务,https://dex.hubei-data.com/product/detail/611,清雁科技（北京）有限公司,面议,线下交付,智慧交通，身份验证，民生服务，气象气候，金融科技，人工智能，消费互联网，智慧医疗，智慧城市，智能制造，智慧物流，保险科技，航空航天，智慧文旅，科学实验，数字政务,"['合规认证', '可交易']",
数据治理服务,https://dex.hubei-data.com/product/detail/610,清雁科技（北京）有限公司,面议,线下交付,智慧交通，身份验证，民生服务，气象气候，金融科技，人工智能，消费互联网，智慧医疗，智慧城市，智能制造，智慧物流，保险科技，航空航天，智慧文旅，科学实验，数字政务,"['合规认证', '可交易']",
社会数据与公共数据融合治理方案咨询服务,https://dex.hubei-data.com/product/detail/609,杭州数梦工场科技有限公司,面议,线下交付,智慧交通，气象气候，金融科技，智慧医疗，智慧城市，智慧物流，智慧文旅，身份验证，民生服务，数字政务，人工智能，智能制造,"['合规认证', '可交易']",
社会数据合规接入采集实施服务,https://dex.hubei-data.com/product/detail/608,杭州数梦工场科技有限公司,面议,线下交付,智慧交通，气象气候，金融科技，智慧医疗，智慧城市，数字政务，科学实验，身份验证，智慧物流，智慧文旅，智能制造，人工智能，民生服务,"['合规认证', '可交易']",
授权运营平台应用场景审批跟办服务,https://dex.hubei-data.com/product/detail/607,杭州数梦工场科技有限公司,面议,线下交付,智慧交通，气象气候，金融科技，智慧医疗，数字政务，民生服务，身份验证，人工智能，智慧物流，智慧文旅,"['合规认证', '可交易']",
授权运营平台应用场景申报指导服务,https://dex.hubei-data.com/product/detail/606,杭州数梦工场科技有限公司,面议,线下交付,智慧交通，气象气候，金融科技，智慧医疗，智慧文旅，智慧物流，航空航天，智能制造，数字政务，民生服务，消费互联网,"['合规认证', '可交易']",
授权运营平台应用场景设计咨询服务,https://dex.hubei-data.com/product/detail/605,杭州数梦工场科技有限公司,面议,线下交付,智慧交通，气象气候，金融科技，智慧医疗，民生服务，数字政务，智慧文旅，智慧物流，智慧城市，智能制造，身份验证,"['合规认证', '可交易']",
数据资产管理师培训取证服务,https://dex.hubei-data.com/product/detail/604,清雁科技（北京）有限公司,面议,线下交付,智慧交通，身份验证，民生服务，气象气候，金融科技，人工智能，消费互联网，智慧医疗，智慧城市，智能制造，智慧物流，保险科技，航空航天，智慧文旅，科学实验，数字政务,"['合规认证', '可交易']",
首席运营官培训取证服务,https://dex.hubei-data.com/product/detail/603,清雁科技（北京）有限公司,面议,线下交付,智慧医疗，智慧交通，身份验证，民生服务，气象气候，金融科技，人工智能，消费互联网，智慧城市，智能制造，保险科技，智慧物流，航空航天，智慧文旅，科学实验，数字政务,"['合规认证', '可交易']",
数据查验服务,https://dex.hubei-data.com/product/detail/602,清雁科技（北京）有限公司,面议,线下交付,智慧交通，身份验证，民生服务，气象气候，金融科技，人工智能，消费互联网，智慧医疗，智慧城市，智能制造，智慧物流，保险科技，航空航天，智慧文旅，科学实验，数字政务,"['合规认证', '可交易']",
数据安全咨询服务,https://dex.hubei-data.com/product/detail/601,清雁科技（北京）有限公司,面议,线下交付,智慧交通，身份验证，民生服务，气象气候，金融科技，人工智能，消费互联网，智慧医疗，智慧城市，智能制造，保险科技，智慧物流，航空航天，智慧文旅，科学实验，数字政务,"['合规认证', '可交易']",
授权运营平台企业入驻流程支持服务,https://dex.hubei-data.com/product/detail/600,杭州数梦工场科技有限公司,面议,线下交付,智慧交通，气象气候，金融科技，智慧医疗，身份验证，数字政务，民生服务,"['合规认证', '可交易']",
跨境数据交易服务,https://dex.hubei-data.com/product/detail/599,清雁科技（北京）有限公司,面议,线下交付,智慧交通，身份验证，民生服务，气象气候，金融科技，人工智能，消费互联网，智慧医疗，智慧城市，智能制造，智慧物流，保险科技，航空航天，科学实验，数字政务，智慧文旅,"['合规认证', '可交易']",
API安全测试服务,https://dex.hubei-data.com/product/detail/598,奇安信网神信息技术（北京）股份有限公司,面议,线下交付,智慧交通，气象气候，金融科技，智慧医疗，智慧城市，保险科技，航空航天，科学实验，数字政务，智慧文旅，智慧物流，智能制造，消费互联网，人工智能，民生服务，身份验证,"['合规认证', '可交易']",
网络仿冒监测处置服务,https://dex.hubei-data.com/product/detail/597,奇安信网神信息技术（北京）股份有限公司,面议,线下交付,智慧交通，身份验证，民生服务，气象气候，金融科技，人工智能，智慧医疗，消费互联网，智慧城市，保险科技，智能制造，智慧物流，航空航天，智慧文旅，科学实验，数字政务,"['合规认证', '可交易']",
数据外泄监控服务,https://dex.hubei-data.com/product/detail/596,奇安信网神信息技术（北京）股份有限公司,面议,线下交付,智慧交通，身份验证，民生服务，气象气候，金融科技，人工智能，消费互联网，智慧医疗，智慧城市，智能制造，保险科技，智慧物流，智慧文旅，航空航天，科学实验，数字政务,"['合规认证', '可交易']",
数据渗出服务,https://dex.hubei-data.com/product/detail/595,奇安信网神信息技术（北京）股份有限公司,面议,线下交付,智慧交通，身份验证，民生服务，气象气候，人工智能，金融科技，智慧医疗，消费互联网，智慧城市，智能制造，保险科技，智慧物流，航空航天，智慧文旅，科学实验，数字政务,"['合规认证', '可交易']",
数据资产登记服务,https://dex.hubei-data.com/product/detail/594,清雁科技（北京）有限公司,面议,线下交付,智慧交通，气象气候，金融科技，智慧医疗，智慧城市，保险科技，航空航天，科学实验，数字政务，智慧文旅，智慧物流，智能制造，消费互联网，人工智能，民生服务，身份验证,"['合规认证', '可交易']",
云原生安全检测服务,https://dex.hubei-data.com/product/detail/593,奇安信网神信息技术（北京）股份有限公司,面议,线下交付,智慧交通，身份验证，民生服务，气象气候，金融科技，人工智能，智慧医疗，消费互联网，智慧城市，智能制造，保险科技，智慧物流，航空航天，智慧文旅，科学实验，数字政务,"['合规认证', '可交易']",
企业数据资产化咨询服务,https://dex.hubei-data.com/product/detail/592,清雁科技（北京）有限公司,面议,线下交付,智慧交通，身份验证，民生服务，气象气候，金融科技，人工智能，消费互联网，智慧医疗，智慧城市，智能制造，智慧物流，保险科技，航空航天，智慧文旅，科学实验，数字政务,"['合规认证', '可交易']",
数据托管运营服务,https://dex.hubei-data.com/product/detail/591,清雁科技（北京）有限公司,面议,线下交付,智慧交通，身份验证，民生服务，气象气候，金融科技，人工智能，消费互联网，智慧医疗，智慧城市，智能制造，保险科技，智慧物流，航空航天，智慧文旅，科学实验，数字政务,"['合规认证', '可交易']",
驻场安全管理服务,https://dex.hubei-data.com/product/detail/590,奇安信网神信息技术（北京）股份有限公司,面议,线下交付,智慧交通，身份验证，民生服务，气象气候，金融科技，人工智能，消费互联网，智慧医疗，智慧城市，智能制造，保险科技，智慧物流，航空航天，智慧文旅，科学实验，数字政务,"['合规认证', '可交易']",
数据合规服务,https://dex.hubei-data.com/product/detail/589,清雁科技（北京）有限公司,面议,线下交付,智慧交通，身份验证，民生服务，气象气候，金融科技，人工智能，消费互联网，智慧医疗，智慧城市，智能制造，智慧物流，保险科技，航空航天，智慧文旅，科学实验，数字政务,"['合规认证', '可交易']",
驻场安全检测服务,https://dex.hubei-data.com/product/detail/588,奇安信网神信息技术（北京）股份有限公司,面议,线下交付,智慧交通，身份验证，民生服务，气象气候，金融科技，人工智能，消费互联网，智慧医疗，智慧城市，智能制造，保险科技，智慧物流，航空航天，智慧文旅，科学实验，数字政务,"['合规认证', '可交易']",
数据资产入表咨询服务,https://dex.hubei-data.com/product/detail/587,清雁科技（北京）有限公司,面议,线下交付,智慧交通，身份验证，民生服务，气象气候，金融科技，人工智能，消费互联网，智慧医疗，智慧城市，智能制造，智慧物流，保险科技，航空航天，智慧文旅，科学实验，数字政务,"['合规认证', '可交易']",
安全培训服务,https://dex.hubei-data.com/product/detail/586,奇安信网神信息技术（北京）股份有限公司,面议,线下交付,智慧交通，身份验证，民生服务，气象气候，金融科技，人工智能，消费互联网，智慧医疗，智慧城市，智能制造，保险科技，智慧物流，航空航天，智慧文旅，科学实验，数字政务,"['合规认证', '可交易']",
数据价值评估服务,https://dex.hubei-data.com/product/detail/585,清雁科技（北京）有限公司,面议,线下交付,智慧交通，身份验证，民生服务，气象气候，金融科技，人工智能，消费互联网，智慧医疗，智慧城市，智能制造，智慧物流，保险科技，航空航天，智慧文旅，科学实验，数字政务,"['合规认证', '可交易']",
安全通告服务,https://dex.hubei-data.com/product/detail/584,奇安信网神信息技术（北京）股份有限公司,面议,线下交付,智慧交通，身份验证，民生服务，气象气候，人工智能，金融科技，智慧医疗，消费互联网，智慧城市，智能制造，保险科技，智慧物流，航空航天，智慧文旅，科学实验，数字政务,"['合规认证', '可交易']",
天眼订阅服务-远程分析,https://dex.hubei-data.com/product/detail/583,奇安信网神信息技术（北京）股份有限公司,面议,线下交付,智慧交通，身份验证，气象气候，民生服务，金融科技，人工智能，消费互联网，智慧城市，智慧医疗，智能制造，保险科技，航空航天，智慧文旅，智慧物流，科学实验，数字政务,"['合规认证', '可交易']",
天眼订阅服务,https://dex.hubei-data.com/product/detail/582,奇安信网神信息技术（北京）股份有限公司,面议,线下交付,智慧交通，身份验证，民生服务，气象气候，人工智能，金融科技，智慧医疗，消费互联网，智能制造，智慧城市，保险科技，智慧物流，智慧文旅，航空航天，科学实验，数字政务,"['合规认证', '可交易']",
网络安全应急演练服务,https://dex.hubei-data.com/product/detail/581,奇安信网神信息技术（北京）股份有限公司,面议,线下交付,智慧交通，身份验证，气象气候，民生服务，金融科技，人工智能，智慧医疗，消费互联网，智慧城市，智能制造，保险科技，航空航天，智慧文旅，智慧物流，科学实验，数字政务,"['合规认证', '可交易']",
应急响应服务,https://dex.hubei-data.com/product/detail/580,奇安信网神信息技术（北京）股份有限公司,面议,线下交付,智慧交通，身份验证，民生服务，气象气候，金融科技，人工智能，消费互联网，智慧医疗，智慧城市，智能制造，智慧物流，保险科技，航空航天，智慧文旅，数字政务，科学实验,"['合规认证', '可交易']",
重要时期安全保障服务,https://dex.hubei-data.com/product/detail/579,奇安信网神信息技术（北京）股份有限公司,面议,线下交付,智慧交通，身份验证，气象气候，民生服务，金融科技，人工智能，智慧医疗，消费互联网，智慧城市，智能制造，保险科技，智慧物流，航空航天，智慧文旅，数字政务,"['合规认证', '可交易']",
蓝队（攻击队）评估,https://dex.hubei-data.com/product/detail/578,奇安信网神信息技术（北京）股份有限公司,面议,线下交付,智慧交通，身份验证，气象气候，民生服务，金融科技，人工智能，消费互联网，智慧医疗，智慧城市，智能制造，保险科技，智慧物流，航空航天，智慧文旅，科学实验，数字政务,"['合规认证', '可交易']",
钓鱼邮件测试服务（标准版）,https://dex.hubei-data.com/product/detail/577,奇安信网神信息技术（北京）股份有限公司,面议,线下交付,智慧交通，身份验证，气象气候，民生服务，金融科技，人工智能,"['合规认证', '可交易']",
敏感信息泄露情报服务（标准版）,https://dex.hubei-data.com/product/detail/576,奇安信网神信息技术（北京）股份有限公司,面议,线下交付,智慧交通，身份验证，气象气候，民生服务，金融科技，智慧医疗，消费互联网，人工智能，智慧城市，智能制造，保险科技，智慧物流，智慧文旅，航空航天，科学实验，数字政务,"['合规认证', '可交易']",
新系统上线前评估服务,https://dex.hubei-data.com/product/detail/575,奇安信网神信息技术（北京）股份有限公司,面议,线下交付,智慧交通，身份验证，气象气候，民生服务，金融科技，人工智能，智慧医疗，消费互联网，智慧城市，智能制造，保险科技，智慧物流，航空航天，智慧文旅，科学实验，数字政务,"['合规认证', '可交易']",
代码安全检测服务,https://dex.hubei-data.com/product/detail/574,奇安信网神信息技术（北京）股份有限公司,面议,线下交付,智慧交通，身份验证，气象气候，民生服务，金融科技，人工智能，消费互联网，智慧城市，智能制造，智慧医疗，保险科技，智慧物流，航空航天，智慧文旅，科学实验，数字政务,"['合规认证', '可交易']",
APP个人隐私合规评估,https://dex.hubei-data.com/product/detail/573,奇安信网神信息技术（北京）股份有限公司,面议,线下交付,智慧交通，身份验证，气象气候，民生服务，人工智能，智慧医疗，金融科技，消费互联网，智慧城市，智能制造，保险科技，智慧物流，航空航天，智慧文旅，科学实验，数字政务,"['合规认证', '可交易']",
APP安全测试服务,https://dex.hubei-data.com/product/detail/572,奇安信网神信息技术（北京）股份有限公司,面议,线下交付,智慧交通，身份验证，气象气候，民生服务，金融科技，人工智能，智慧医疗，消费互联网，智慧城市，智能制造，保险科技，航空航天，智慧文旅，智慧物流，科学实验，数字政务,"['合规认证', '可交易']",
渗透测试服务,https://dex.hubei-data.com/product/detail/571,奇安信网神信息技术（北京）股份有限公司,面议,线下交付,智慧交通，身份验证，气象气候，金融科技，人工智能，智慧医疗，消费互联网，民生服务，智慧城市，智能制造，保险科技，智慧物流，智慧文旅，航空航天，科学实验，数字政务,"['合规认证', '可交易']",
基础环境评估服务（漏扫基线）,https://dex.hubei-data.com/product/detail/570,奇安信网神信息技术（北京）股份有限公司,面议,线下交付,智慧交通，身份验证，气象气候，民生服务，金融科技，人工智能，智慧医疗，消费互联网，智慧城市，智能制造，保险科技，智慧物流，航空航天，智慧文旅，科学实验，数字政务,"['合规认证', '可交易']",
内网资产发现服务,https://dex.hubei-data.com/product/detail/569,奇安信网神信息技术（北京）股份有限公司,面议,线下交付,智慧交通，身份验证，气象气候，民生服务，金融科技，人工智能，智慧医疗，消费互联网，智慧城市，智能制造，保险科技，智慧物流，航空航天，智慧文旅，科学实验，数字政务,"['合规认证', '可交易']",
互联网资产发现服务,https://dex.hubei-data.com/product/detail/568,奇安信网神信息技术（北京）股份有限公司,面议,线下交付,智慧交通，身份验证，气象气候，民生服务，金融科技，人工智能，智慧医疗，消费互联网，智慧城市，智能制造，保险科技，智慧物流，智慧文旅，航空航天，科学实验，数字政务,"['合规认证', '可交易']",
数据质量评价服务,https://dex.hubei-data.com/product/detail/567,清雁科技（北京）有限公司,面议,线下交付,智慧交通，身份验证，民生服务，气象气候，金融科技，人工智能，消费互联网，智慧医疗，智慧城市，智能制造，智慧物流，保险科技，航空航天，智慧文旅，科学实验，数字政务,"['合规认证', '可交易']",
数据治理平台,https://dex.hubei-data.com/product/detail/547,深圳市华傲数据技术有限公司,面议,线下交付,智慧交通，身份验证，民生服务，气象气候，金融科技，人工智能，智慧医疗，消费互联网，智慧城市，智能制造，保险科技，智慧物流，智慧文旅，航空航天，科学实验，数字政务,"['合规认证', '可交易']",
海钓活动统计分析服务,https://dex.hubei-data.com/product/detail/544,杭州趣链科技有限公司,面议,线下交付,智慧文旅，智慧物流，数字政务，智慧交通,"['合规认证', '可交易']",
海洋应急预警服务,https://dex.hubei-data.com/product/detail/543,杭州趣链科技有限公司,面议,线下交付,气象气候，智慧交通，航空航天，科学实验，保险科技,"['合规认证', '可交易']",
海钓装备租赁推荐服务,https://dex.hubei-data.com/product/detail/542,杭州趣链科技有限公司,面议,线下交付,消费互联网，智慧物流，智慧文旅，数字政务,"['合规认证', '可交易']",
海洋生物资源数据服务,https://dex.hubei-data.com/product/detail/537,杭州趣链科技有限公司,面议,线下交付,科学实验，智慧物流，智慧文旅，智慧城市,"['合规认证', '可交易']",
钓点热度分析服务,https://dex.hubei-data.com/product/detail/536,杭州趣链科技有限公司,面议,线下交付,消费互联网，智慧文旅，数字政务，科学实验，智慧物流,"['合规认证', '可交易']",
气象数据服务,https://dex.hubei-data.com/product/detail/535,杭州趣链科技有限公司,面议,线下交付,气象气候，保险科技，智慧文旅，智慧物流，智慧城市，科学实验,"['合规认证', '可交易']",
数据流通合规审计服务,https://dex.hubei-data.com/product/detail/534,杭州趣链科技有限公司,面议,线下交付,人工智能，金融科技，数字政务，智慧物流,"['合规认证', '可交易']",
跨行业数据协同服务,https://dex.hubei-data.com/product/detail/533,杭州趣链科技有限公司,面议,线下交付,人工智能，消费互联网，智能制造，智慧物流，智慧文旅，数字政务，金融科技，智慧交通，智慧医疗,"['合规认证', '可交易']",
区块链算力优化服务,https://dex.hubei-data.com/product/detail/532,杭州趣链科技有限公司,面议,线下交付,智慧交通，人工智能，智能制造，智慧物流，数字政务，科学实验,"['合规认证', '可交易']",
数据动态分析报告服务,https://dex.hubei-data.com/product/detail/531,杭州趣链科技有限公司,面议,线下交付,人工智能，金融科技，数字政务，智慧物流，智慧交通，智能制造，科学实验，智慧文旅,"['合规认证', '可交易']",
数据协同优化服务,https://dex.hubei-data.com/product/detail/530,杭州趣链科技有限公司,面议,线下交付,智慧交通，人工智能，智能制造，智慧物流，数字政务，科学实验，智慧文旅，智慧城市，智慧医疗，金融科技,"['合规认证', '可交易']",
数据共享追踪服务,https://dex.hubei-data.com/product/detail/529,杭州趣链科技有限公司,面议,线下交付,智慧交通，人工智能，智能制造，智慧物流，数字政务，智慧医疗，民生服务,"['合规认证', '可交易']",
数据风险监控服务,https://dex.hubei-data.com/product/detail/528,杭州趣链科技有限公司,面议,线下交付,金融科技，智能制造，智慧物流，人工智能，数字政务，保险科技，消费互联网，智慧文旅，科学实验，智慧医疗，智慧交通，智慧城市,"['合规认证', '可交易']",
数据交易合规审查服务,https://dex.hubei-data.com/product/detail/527,杭州趣链科技有限公司,面议,线下交付,人工智能，数字政务，智慧物流，智慧城市，智慧医疗，智慧交通,"['合规认证', '可交易']",
数据目录管理与优化服务,https://dex.hubei-data.com/product/detail/526,杭州趣链科技有限公司,面议,线下交付,智慧交通，智慧城市，智慧医疗，人工智能，智慧物流，智能制造，数字政务，智慧文旅，科学实验，金融科技,"['合规认证', '可交易']",
智能合约数据交易服务,https://dex.hubei-data.com/product/detail/525,杭州趣链科技有限公司,面议,线下交付,智慧交通，金融科技，人工智能，消费互联网，智慧物流，智慧文旅，数字政务,"['合规认证', '可交易']",
分布式数据存储服务,https://dex.hubei-data.com/product/detail/522,杭州趣链科技有限公司,面议,线下交付,智慧交通，智慧医疗，智慧城市，智能制造，智慧物流，智慧文旅，数字政务，科学实验，气象气候，人工智能，金融科技，保险科技，消费互联网,"['合规认证', '可交易']",
数据隐私保护与共享服务,https://dex.hubei-data.com/product/detail/521,杭州趣链科技有限公司,面议,线下交付,人工智能，智慧交通，智慧文旅，智慧物流，智慧城市，数字政务，科学实验，金融科技，智慧医疗，保险科技，智能制造，消费互联网,"['合规认证', '可交易']",
数据交易价值评估服务,https://dex.hubei-data.com/product/detail/518,杭州趣链科技有限公司,面议,线下交付,智慧交通，人工智能，消费互联网，智能制造，智慧物流，智慧文旅，数字政务，智慧医疗，金融科技，保险科技,"['合规认证', '可交易']",
律师服务推荐,https://dex.hubei-data.com/product/detail/517,杭州趣链科技有限公司,面议,线下交付,民生服务，智慧城市，数字政务，保险科技，金融科技,"['合规认证', '可交易']",
数据公证服务接口,https://dex.hubei-data.com/product/detail/516,杭州趣链科技有限公司,面议,线下交付,身份验证，民生服务，数字政务，智慧城市，金融科技，保险科技,"['合规认证', '可交易']",
数据侵权取证服务,https://dex.hubei-data.com/product/detail/515,杭州趣链科技有限公司,面议,线下交付,身份验证，民生服务，金融科技，保险科技，智能制造，数字政务，科学实验，消费互联网，智慧医疗,"['合规认证', '可交易']",
数据监测服务,https://dex.hubei-data.com/product/detail/514,杭州趣链科技有限公司,面议,线下交付,智慧交通，气象气候，民生服务，人工智能，金融科技，智慧医疗，智能制造，智慧城市，智慧物流，智慧文旅，数字政务，科学实验，保险科技,"['合规认证', '可交易']",
数据存证确权服务,https://dex.hubei-data.com/product/detail/512,杭州趣链科技有限公司,面议,线下交付,金融科技，智慧交通，智慧医疗，智慧城市，智能制造，智慧物流，智慧文旅，数字政务，科学实验，保险科技，民生服务，消费互联网,"['合规认证', '可交易']",
数据供需对接服务,https://dex.hubei-data.com/product/detail/511,杭州趣链科技有限公司,面议,线下交付,智慧交通，金融科技，智能制造，智慧城市，智慧物流，智慧文旅，数字政务，智慧医疗，保险科技，民生服务,"['合规认证', '可交易']",
港澳台通行证OCR识别,https://dex.hubei-data.com/product/detail/463,贵州数据宝网络科技有限公司,面议,线下交付,身份验证，人工智能,"['合规认证', '可交易']",
港澳台居民居住证OCR识别,https://dex.hubei-data.com/product/detail/462,贵州数据宝网络科技有限公司,面议,线下交付,身份验证，人工智能,"['合规认证', '可交易']",
数字活体检测,https://dex.hubei-data.com/product/detail/460,贵州数据宝网络科技有限公司,面议,线下交付,身份验证，人工智能,"['合规认证', '可交易']",
车辆运力评估,https://dex.hubei-data.com/product/detail/459,贵州数据宝网络科技有限公司,面议,API接口,智慧交通,"['合规认证', '可交易']",
全国车辆配置查验,https://dex.hubei-data.com/product/detail/457,贵州数据宝网络科技有限公司,面议,API接口,智慧交通，消费互联网,"['合规认证', '可交易']",
企业二要素验证,https://dex.hubei-data.com/product/detail/452,贵州数据宝网络科技有限公司,面议,API接口,消费互联网，民生服务,"['合规认证', '可交易']",
车辆通行费用评估,https://dex.hubei-data.com/product/detail/451,贵州数据宝网络科技有限公司,面议,API接口,智慧交通,"['合规认证', '可交易']",
企业失信被执行人查验,https://dex.hubei-data.com/product/detail/447,贵州数据宝网络科技有限公司,面议,API接口,身份验证，智慧城市,"['合规认证', '可交易']",
全网手机二要素验证（证件号+手机号）,https://dex.hubei-data.com/product/detail/444,贵州数据宝网络科技有限公司,面议,API接口,人工智能，消费互联网,"['合规认证', '可交易']",
全网手机二要素验证（姓名+手机号）,https://dex.hubei-data.com/product/detail/443,贵州数据宝网络科技有限公司,面议,API接口,人工智能，消费互联网,"['合规认证', '可交易']",
数据质量评估（治理）服务,https://dex.hubei-data.com/product/detail/397,北京航天紫光科技有限公司,面议,线下交付,智慧交通，气象气候，金融科技，智慧医疗，智慧城市，保险科技，航空航天，数字政务，人工智能，消费互联网，智能制造，智慧物流，智慧文旅,"['合规认证', '可交易']",
数据产品规划（研发）服务,https://dex.hubei-data.com/product/detail/396,北京航天紫光科技有限公司,面议,线下交付,智慧交通，金融科技，气象气候，智慧医疗，智慧城市，保险科技，航空航天，数字政务，人工智能，消费互联网，智能制造，智慧物流，智慧文旅,"['合规认证', '可交易']",
数据资源盘点（整合）服务,https://dex.hubei-data.com/product/detail/343,北京航天紫光科技有限公司,面议,线下交付,智慧交通，气象气候，金融科技，智慧医疗，智慧城市，保险科技，航空航天，数字政务，智慧文旅，智慧物流，智能制造，消费互联网，人工智能,"['合规认证', '可交易']",
律师服务（法律尽调与合规评估）,https://dex.hubei-data.com/product/detail/339,上海中联（武汉）律师事务所,面议,线下交付,智慧交通，身份验证，民生服务，气象气候，金融科技，人工智能，智慧医疗，消费互联网，智慧城市，保险科技，智慧物流，智慧文旅，航空航天，科学实验，数字政务，智能制造,['可交易'],
数据资产盘点服务,https://dex.hubei-data.com/product/detail/322,贵州数据宝网络科技有限公司,面议,线下交付,智慧交通，身份验证，民生服务，气象气候，金融科技，人工智能，消费互联网，智慧医疗，智慧城市，智能制造，智慧物流，保险科技，航空航天，智慧文旅，科学实验，数字政务,"['合规认证', '可交易']",
数据质量测评服务,https://dex.hubei-data.com/product/detail/321,贵州数据宝网络科技有限公司,面议,线下交付,智慧交通，身份验证，民生服务，气象气候，金融科技，人工智能，消费互联网，智慧医疗，智慧城市，智能制造，智慧物流，保险科技，航空航天，智慧文旅，科学实验，数字政务,"['合规认证', '可交易']",
数据资产入表咨询服务,https://dex.hubei-data.com/product/detail/320,中兴财光华会计师事务所（特殊普通合伙）,面议,线下交付,智慧交通，身份验证，民生服务，气象气候，金融科技，人工智能，智慧医疗，消费互联网，智慧城市，智能制造，保险科技，智慧物流，航空航天，智慧文旅，科学实验，数字政务,['可交易'],
数据产品设计,https://dex.hubei-data.com/product/detail/316,贵州数据宝网络科技有限公司,面议,线下交付,身份验证，智慧交通，气象气候，民生服务，人工智能，金融科技，智慧医疗，消费互联网，智能制造，智慧城市，保险科技，智慧物流，智慧文旅，航空航天，科学实验，数字政务,"['合规认证', '可交易']",
数据资产入表,https://dex.hubei-data.com/product/detail/314,亚信科技(中国)有限公司,面议,线下交付,智慧交通，金融科技，智慧医疗，智慧城市，保险科技，数字政务，民生服务，人工智能，智能制造，智慧物流，智慧文旅,"['合规认证', '可交易']",
数据资产评估,https://dex.hubei-data.com/product/detail/313,湖北永信行房地产土地资产评估咨询有限公司,面议,线下交付,智慧交通，气象气候，金融科技，智慧医疗，智慧城市，保险科技，数字政务，民生服务，人工智能，消费互联网，智能制造，智慧物流，智慧文旅,['可交易'],
资产评估,https://dex.hubei-data.com/product/detail/311,湖北玖誉房地产评估有限公司,面议,线下交付,智慧交通，身份验证，气象气候，民生服务，金融科技，人工智能，智慧医疗，消费互联网，智慧城市，智能制造，保险科技，智慧物流，航空航天，智慧文旅，科学实验，数字政务,['可交易'],
数据资产入表,https://dex.hubei-data.com/product/detail/310,杭州趣链科技有限公司,面议,线下交付,智慧交通，身份验证，民生服务，气象气候，人工智能，金融科技，智慧医疗，消费互联网，智慧城市，智能制造，智慧物流，保险科技，航空航天，智慧文旅，科学实验，数字政务,"['合规认证', '可交易']",
中科通达智慧社区综合服务平台,https://dex.hubei-data.com/product/detail/309,武汉中科通达高新技术股份有限公司,面议,线下交付,民生服务，人工智能，智慧城市,"['合规认证', '可交易']",
中科通达情指行一体化平台,https://dex.hubei-data.com/product/detail/308,武汉中科通达高新技术股份有限公司,面议,线下交付,智慧交通，智慧城市，人工智能，民生服务,"['合规认证', '可交易']",
中科通达交通综合管控平台,https://dex.hubei-data.com/product/detail/307,武汉中科通达高新技术股份有限公司,面议,线下交付,智慧交通，智慧城市，人工智能，民生服务,"['合规认证', '可交易']",
中科通达智瞳视觉中台,https://dex.hubei-data.com/product/detail/306,武汉中科通达高新技术股份有限公司,面议,线下交付,智慧交通，智慧城市，人工智能,"['合规认证', '可交易']",
中科通达视频中台,https://dex.hubei-data.com/product/detail/305,武汉中科通达高新技术股份有限公司,面议,线下交付,智慧交通，智慧城市，民生服务，人工智能,"['合规认证', '可交易']",
数据资产入表咨询,https://dex.hubei-data.com/product/detail/304,南京金宁汇科技有限公司,面议,线下交付,智慧交通，智慧城市，数字政务，智慧物流，智慧文旅，智能制造，民生服务，智慧医疗，科学实验，身份验证，消费互联网,['可交易'],
数据资产入表专项服务,https://dex.hubei-data.com/product/detail/303,湖北数据集团有限公司,面议,线下交付,智慧交通，气象气候，身份验证，民生服务，金融科技，人工智能，智慧医疗，消费互联网，智慧城市，智能制造，保险科技，智慧物流，航空航天，智慧文旅，科学实验，数字政务,"['合规认证', '可交易']",
金融业务风险分析预警模型,https://dex.hubei-data.com/product/detail/301,咸宁金融投资集团有限责任公司,面议,API接口,金融科技,"['合规认证', '可交易']",
数据处理及加工服务,https://dex.hubei-data.com/product/detail/300,亚信科技(中国)有限公司,面议,线下交付,智慧交通，智慧城市，数字政务，人工智能，身份验证，民生服务，智能制造，智慧文旅,"['合规认证', '可交易']",
数据资产入表服务,https://dex.hubei-data.com/product/detail/295,贵州数据宝网络科技有限公司,面议,线下交付,智慧交通，身份验证，民生服务，气象气候，金融科技，人工智能，消费互联网，智慧城市，智能制造，智慧医疗，保险科技，智慧物流，智慧文旅，航空航天，科学实验，数字政务,"['合规认证', '可交易']",
数据要素×一站式法律服务,https://dex.hubei-data.com/product/detail/293,北京市京师（上海）律师事务所,面议,线下交付,智慧交通，消费互联网，人工智能，气象气候，身份验证，民生服务，金融科技，智慧医疗，智慧城市，智能制造，智慧物流，保险科技，航空航天，智慧文旅，数字政务,['可交易'],
中科通达数据中台,https://dex.hubei-data.com/product/detail/292,武汉中科通达高新技术股份有限公司,面议,线下交付,智慧交通，金融科技，数字政务，民生服务，智慧城市，人工智能,"['合规认证', '可交易']",
中科通达视频图像综合应用平台,https://dex.hubei-data.com/product/detail/291,武汉中科通达高新技术股份有限公司,面议,线下交付,智慧交通，智慧城市，民生服务，人工智能,"['合规认证', '可交易']",
中科通达数智云OS,https://dex.hubei-data.com/product/detail/290,武汉中科通达高新技术股份有限公司,面议,线下交付,智慧交通，金融科技，数字政务，人工智能，民生服务,"['合规认证', '可交易']",
中科通达智慧运维管理平台,https://dex.hubei-data.com/product/detail/289,武汉中科通达高新技术股份有限公司,面议,线下交付,智慧交通，智慧城市，数字政务，人工智能,"['合规认证', '可交易']",
中科通达企业数字化运营管理平台,https://dex.hubei-data.com/product/detail/286,武汉中科通达高新技术股份有限公司,面议,线下交付,数字政务，人工智能,"['合规认证', '可交易']",
楼宇智慧运营产品,https://dex.hubei-data.com/product/detail/284,武汉洪山科技投资集团有限公司,面议,下载地址,智慧城市，民生服务,"['合规认证', '可交易']",
管网跟踪维护数据集,https://dex.hubei-data.com/product/detail/277,武汉光谷信息管网投资有限公司,面议,下载地址,智慧交通，智慧城市，数字政务，人工智能，智能制造，智慧物流，民生服务,"['合规认证', '可交易']",
BRT站点日客流分析,https://dex.hubei-data.com/product/detail/274,宜昌城发大数据有限公司,面议,下载地址,智慧城市，消费互联网，智慧文旅,"['合规认证', '可交易']",
农村人口聚集区产品,https://dex.hubei-data.com/product/detail/272,中科宇图科技股份有限公司,面议,下载地址,智慧城市，民生服务，数字政务,"['合规认证', '可交易']",
全国兴趣点POI产品,https://dex.hubei-data.com/product/detail/271,中科宇图科技股份有限公司,面议,下载地址,智慧城市，智慧交通，智慧物流，民生服务，金融科技,"['合规认证', '可交易']",
标准地址产品（12级）,https://dex.hubei-data.com/product/detail/269,中科宇图科技股份有限公司,面议,下载地址,智慧交通，智慧城市，保险科技，金融科技，数字政务，民生服务，人工智能，智慧物流，智慧文旅，智慧医疗,"['合规认证', '可交易']",
人工智能红绿灯系统,https://dex.hubei-data.com/product/detail/267,汉江智行科技有限公司,面议,下载地址,智慧交通，智慧城市，科学实验，民生服务，人工智能，智慧物流,"['合规认证', '可交易']",
全渠道智能零售生态数据应用,https://dex.hubei-data.com/product/detail/265,武汉家家养的牛生物科技有限公司,面议,下载地址,暂无,"['合规认证', '可交易']",
企业详情信息核验--测试,https://dex.hubei-data.com/product/detail/264,贵州数据宝网络科技有限公司,面议,下载地址,暂无,"['合规认证', '可交易']",
2023年江西省招投标项目统计分析报告,https://dex.hubei-data.com/product/detail/263,江西省政服通信息技术有限公司,面议,下载地址,智慧交通，金融科技，人工智能，智慧城市，智慧医疗，数字政务，民生服务，智能制造，消费互联网，智慧文旅,"['合规认证', '可交易']",
数据运营服务,https://dex.hubei-data.com/product/detail/262,江西省政服通信息技术有限公司,面议,线下交付,暂无,"['合规认证', '可交易']",
企业融资担保业务数据集,https://dex.hubei-data.com/product/detail/261,武汉光谷科技融资担保有限公司,面议,下载地址,金融科技,"['合规认证', '可交易']",
平安指数,https://dex.hubei-data.com/product/detail/258,全景智联（武汉）科技有限公司,面议,下载地址,智慧城市，数字政务，身份验证，民生服务，人工智能,"['合规认证', '可交易']",
平安监测,https://dex.hubei-data.com/product/detail/257,全景智联（武汉）科技有限公司,面议,下载地址,身份验证，人工智能，民生服务，数字政务，智慧城市,"['合规认证', '可交易']",
极验IP风险库,https://dex.hubei-data.com/product/detail/256,武汉极意网络科技有限公司,面议,API接口,智慧交通，金融科技，智慧城市，数字政务，身份验证，人工智能，消费互联网，智慧文旅，民生服务,"['合规认证', '可交易']",
极验行为验证,https://dex.hubei-data.com/product/detail/255,武汉极意网络科技有限公司,面议,下载地址,智慧交通，身份验证，民生服务，人工智能，金融科技，智慧城市，消费互联网，智慧文旅，数字政务,"['合规认证', '可交易']",
极验设备风险库,https://dex.hubei-data.com/product/detail/254,武汉极意网络科技有限公司,面议,API接口,暂无,"['合规认证', '可交易']",
停车分布模型,https://dex.hubei-data.com/product/detail/251,黄冈市城投停车场建设运营有限公司,面议,下载地址,智慧交通,"['合规认证', '可交易']",
多式联运运费贷,https://dex.hubei-data.com/product/detail/250,湖北供应链物流公共信息服务股份有限公司,面议,下载地址,金融科技，智慧物流,"['合规认证', '可交易']",
常年法律顾问服务,https://dex.hubei-data.com/product/detail/249,广东卓建律师事务所,面议,线下交付,智慧交通，金融科技，气象气候，智慧医疗，智慧城市，保险科技，航空航天，科学实验，数字政务，智慧文旅，智慧物流，智能制造，消费互联网，人工智能，民生服务，身份验证,['可交易'],
AI大模型能力聚合平台,https://dex.hubei-data.com/product/detail/246,中国移动通信集团设计院有限公司,面议,线下交付,暂无,"['合规认证', '可交易']",
身份证OCR识别,https://dex.hubei-data.com/product/detail/244,贵州数据宝网络科技有限公司,面议,线下交付,身份验证，人工智能,"['合规认证', '可交易']",
短信服务,https://dex.hubei-data.com/product/detail/242,贵州数据宝网络科技有限公司,面议,线下交付,消费互联网，人工智能,"['合规认证', '可交易']",
企业微信私有化,https://dex.hubei-data.com/product/detail/240,北京畅邮空间信息技术有限公司,面议,线下交付,数字政务，消费互联网，身份验证,"['合规认证', '可交易']",
实人认证h5,https://dex.hubei-data.com/product/detail/237,贵州数据宝网络科技有限公司,面议,API接口,身份验证，人工智能,"['合规认证', '可交易']",
企业详情信息核验,https://dex.hubei-data.com/product/detail/236,贵州数据宝网络科技有限公司,面议,API接口,身份验证,"['合规认证', '可交易']",
元信任网络安全保险,https://dex.hubei-data.com/product/detail/235,中国移动通信集团设计院有限公司,面议,线下交付,暂无,['可交易'],
软件产品度量服务,https://dex.hubei-data.com/product/detail/234,中国移动通信集团设计院有限公司,面议,线下交付,暂无,['可交易'],
元信任一体化全程可信安全防护服务,https://dex.hubei-data.com/product/detail/233,中国移动通信集团设计院有限公司,面议,线下交付,暂无,"['合规认证', '可交易']",
城市运行管理服务平台产品-专项场景及行业应用,https://dex.hubei-data.com/product/detail/231,哈尔滨哈工智慧嘉利通科技股份有限公司,面议,线下交付,智慧城市，数字政务,"['合规认证', '可交易']",
武汉酸柠檬企业管理咨询有限公司,https://dex.hubei-data.com/product/detail/226,武汉酸柠檬企业管理咨询有限公司,面议,线下交付,暂无,"['合规认证', '可交易']",
首义智慧房管洞察分析,https://dex.hubei-data.com/product/detail/225,武汉首义数字产业投资发展有限公司,面议,下载地址,智慧城市，民生服务，数字政务,"['合规认证', '可交易']",
系统接口集成服务,https://dex.hubei-data.com/product/detail/223,湖北创赢科技有限公司,面议,线下交付,智慧医疗,"['合规认证', '可交易']",
CT血管分析,https://dex.hubei-data.com/product/detail/222,湖北创赢科技有限公司,面议,线下交付,智慧医疗,"['合规认证', '可交易']",
放射信息子系统,https://dex.hubei-data.com/product/detail/217,湖北创赢科技有限公司,面议,线下交付,智慧医疗,"['合规认证', '可交易']",
精细化模型,https://dex.hubei-data.com/product/detail/214,武汉中昊空间科技有限公司,面议,下载地址,智慧交通，民生服务，智慧城市,"['合规认证', '可交易']",
规划矢量图,https://dex.hubei-data.com/product/detail/213,武汉中昊空间科技有限公司,面议,下载地址,民生服务，智慧城市，数字政务,"['合规认证', '可交易']",
白膜,https://dex.hubei-data.com/product/detail/212,武汉中昊空间科技有限公司,面议,下载地址,智慧交通，民生服务，智慧城市，数字政务,"['合规认证', '可交易']",
三维模型,https://dex.hubei-data.com/product/detail/211,武汉中昊空间科技有限公司,面议,下载地址,民生服务，智慧交通，数字政务，航空航天，智慧物流，气象气候,"['合规认证', '可交易']",
GIS地理服务,https://dex.hubei-data.com/product/detail/210,武汉中昊空间科技有限公司,面议,下载地址,智慧交通，民生服务，智慧城市，智慧物流，气象气候，数字政务,"['合规认证', '可交易']",
臻道数据治理平台,https://dex.hubei-data.com/product/detail/209,北京卓信智恒数据科技股份有限公司,面议,线下交付,暂无,"['合规认证', '可交易']",
联投城市运营智慧新城二期项目规划矢量图,https://dex.hubei-data.com/product/detail/207,武汉中昊空间科技有限公司,面议,下载地址,民生服务，智慧城市，数字政务,"['合规认证', '可交易']",
联投城市运营智慧新城二期项目精细化模型,https://dex.hubei-data.com/product/detail/206,武汉中昊空间科技有限公司,面议,下载地址,智慧城市，数字政务，智慧交通，民生服务,"['合规认证', '可交易']",
联投城市运营智慧新城二期项目白膜,https://dex.hubei-data.com/product/detail/204,武汉中昊空间科技有限公司,面议,下载地址,智慧交通，民生服务，智慧城市，数字政务,"['合规认证', '可交易']",
基础设施运维服务,https://dex.hubei-data.com/product/detail/203,骤雨湾（武汉）技术服务有限公司,面议,线下交付,智慧城市，数字政务,"['合规认证', '可交易']",
联投城市运营智慧新城二期项目三维模型,https://dex.hubei-data.com/product/detail/201,武汉中昊空间科技有限公司,面议,下载地址,智慧交通，数字政务，智慧城市,"['合规认证', '可交易']",
联投城市运营智慧新城二期项目GIS地理服务,https://dex.hubei-data.com/product/detail/200,武汉中昊空间科技有限公司,面议,下载地址,智慧交通，智慧城市，数字政务,"['合规认证', '可交易']",
宜昌城市信息模型（CIM）数据服务,https://dex.hubei-data.com/product/detail/199,宜昌城市大脑运营管理有限公司,面议,下载地址,智慧城市,"['合规认证', '可交易']",
重点企业用电监测,https://dex.hubei-data.com/product/detail/193,湖北华中电力科技开发有限责任公司,面议,下载地址,暂无,"['合规认证', '可交易']",
工地试验室数据集产品,https://dex.hubei-data.com/product/detail/190,湖北交投智能检测股份有限公司,面议,下载地址,智慧交通,"['合规认证', '可交易']",
法律服务,https://dex.hubei-data.com/product/detail/187,上海市汇业（武汉）律师事务所,面议,线下交付,暂无,['可交易'],
车联网智能交通边缘计算服务,https://dex.hubei-data.com/product/detail/186,深圳市喜悦智慧数据有限公司,面议,线下交付,智慧交通，金融科技，智慧医疗，智慧城市，科学实验，数字政务，民生服务，智能制造，人工智能，智慧物流，航空航天，气象气候，消费互联网，保险科技，智慧文旅，身份验证,"['合规认证', '可交易']",
行业经济数据,https://dex.hubei-data.com/product/detail/177,用友网络科技股份有限公司,面议,下载地址,智慧交通，民生服务，人工智能，气象气候，金融科技，消费互联网，智能制造，智慧医疗，智慧城市，智慧物流，智慧文旅，保险科技，航空航天，科学实验，数字政务，身份验证,"['合规认证', '可交易']",
金融市场数据,https://dex.hubei-data.com/product/detail/176,用友网络科技股份有限公司,面议,下载地址,智慧交通，民生服务，气象气候，人工智能，消费互联网，金融科技，智慧医疗，智能制造，智慧物流，智慧城市，保险科技，智慧文旅，航空航天，科学实验，数字政务，身份验证,"['合规认证', '可交易']",
宏观行业数据,https://dex.hubei-data.com/product/detail/175,用友网络科技股份有限公司,面议,下载地址,智慧交通，民生服务，人工智能，气象气候，金融科技，消费互联网，智能制造，智慧医疗，智慧城市，智慧物流，智慧文旅，保险科技，航空航天，科学实验，数字政务，身份验证,"['合规认证', '可交易']",
企业画像,https://dex.hubei-data.com/product/detail/174,用友网络科技股份有限公司,面议,下载地址,智慧交通，民生服务，人工智能，气象气候，金融科技，消费互联网，智能制造，智慧医疗，智慧城市，智慧物流，智慧文旅，保险科技，航空航天，科学实验，数字政务，身份验证,"['合规认证', '可交易']",
对标数据服务,https://dex.hubei-data.com/product/detail/173,用友网络科技股份有限公司,面议,下载地址,智慧交通，民生服务，人工智能，气象气候，金融科技，消费互联网，智能制造，智慧医疗，智慧城市，智慧物流，智慧文旅，保险科技，航空航天，科学实验，数字政务，身份验证,"['合规认证', '可交易']",
智能经营诊断,https://dex.hubei-data.com/product/detail/172,用友网络科技股份有限公司,面议,下载地址,智慧交通，民生服务，人工智能，气象气候，金融科技，消费互联网，智能制造，智慧医疗，智慧城市，智慧物流，智慧文旅，保险科技，航空航天，科学实验，数字政务，身份验证,"['合规认证', '可交易']",
IPO经营分析,https://dex.hubei-data.com/product/detail/171,用友网络科技股份有限公司,面议,下载地址,智慧交通，民生服务，人工智能，气象气候，金融科技，消费互联网，智能制造，智慧医疗，智慧城市，智慧物流，智慧文旅，保险科技，航空航天，科学实验，数字政务，身份验证,"['合规认证', '可交易']",
生产成本分析,https://dex.hubei-data.com/product/detail/170,用友网络科技股份有限公司,面议,下载地址,智慧交通，民生服务，人工智能，气象气候，金融科技，消费互联网，智能制造，智慧医疗，智慧城市，智慧物流，智慧文旅，保险科技，航空航天，科学实验，数字政务，身份验证,"['合规认证', '可交易']",
收入成本分析,https://dex.hubei-data.com/product/detail/169,用友网络科技股份有限公司,面议,下载地址,智慧交通，民生服务，人工智能，气象气候，金融科技，消费互联网，智能制造，智慧医疗，智慧城市，智慧物流，智慧文旅，保险科技，航空航天，科学实验，数字政务，身份验证,"['合规认证', '可交易']",
资金监控分析,https://dex.hubei-data.com/product/detail/168,用友网络科技股份有限公司,面议,下载地址,智慧交通，民生服务，人工智能，气象气候，金融科技，消费互联网，智能制造，智慧医疗，智慧城市，智慧物流，智慧文旅，保险科技，航空航天，科学实验，数字政务，身份验证,"['合规认证', '可交易']",
BI智能分析,https://dex.hubei-data.com/product/detail/167,用友网络科技股份有限公司,面议,下载地址,智慧交通，民生服务，气象气候，人工智能，金融科技，消费互联网，智慧医疗，智能制造，智慧城市，智慧物流，保险科技，智慧文旅，航空航天，科学实验，数字政务，身份验证,"['合规认证', '可交易']",
数据湖,https://dex.hubei-data.com/product/detail/166,用友网络科技股份有限公司,面议,下载地址,智慧交通，民生服务，人工智能，气象气候，金融科技，消费互联网，智能制造，智慧医疗，智慧城市，智慧物流，保险科技，智慧文旅，航空航天，科学实验，数字政务，身份验证,"['合规认证', '可交易']",
数据工场,https://dex.hubei-data.com/product/detail/165,用友网络科技股份有限公司,面议,下载地址,智慧交通，民生服务，人工智能，气象气候，金融科技，消费互联网，智能制造，智慧医疗，智慧城市，智慧物流，保险科技，智慧文旅，航空航天，科学实验，数字政务，身份验证,"['合规认证', '可交易']",
数据治理,https://dex.hubei-data.com/product/detail/164,用友网络科技股份有限公司,面议,下载地址,智慧交通，民生服务，人工智能，气象气候，金融科技，消费互联网，智能制造，智慧医疗，智慧城市，智慧物流，智慧文旅，保险科技，航空航天，科学实验，数字政务，身份验证,"['合规认证', '可交易']",
服务器及存储,https://dex.hubei-data.com/product/detail/163,中国电信股份有限公司武汉分公司,面议,线下交付,消费互联网，智慧城市,"['合规认证', '可交易']",
主数据,https://dex.hubei-data.com/product/detail/162,用友网络科技股份有限公司,面议,下载地址,智慧交通，民生服务，人工智能，气象气候，金融科技，消费互联网，智能制造，智慧医疗，智慧城市，智慧物流，智慧文旅，保险科技，航空航天，科学实验，数字政务，身份验证,"['合规认证', '可交易']",
风险评估,https://dex.hubei-data.com/product/detail/136,湖北星野科技发展有限公司,面议,线下交付,金融科技，智慧医疗，智慧城市，保险科技，智慧交通，气象气候，航空航天，科学实验，数字政务，身份验证，民生服务，人工智能，消费互联网，智能制造，智慧物流，智慧文旅,['可交易'],
安全服务,https://dex.hubei-data.com/product/detail/135,湖北星野科技发展有限公司,面议,线下交付,智慧交通，身份验证，民生服务，气象气候，金融科技，人工智能，消费互联网，智慧医疗，智慧城市，智能制造，智慧物流，保险科技，航空航天，智慧文旅，科学实验，数字政务,"['合规认证', '可交易']",
检验检测（网络安全等级保护测评、商用密码应用安全性评估、软件测试、源代码安全审计）,https://dex.hubei-data.com/product/detail/134,湖北星野科技发展有限公司,面议,线下交付,智慧交通，身份验证，民生服务，气象气候，金融科技，人工智能，消费互联网，智慧医疗，智慧城市，智能制造，智慧物流，保险科技，航空航天，智慧文旅，科学实验，数字政务,"['合规认证', '可交易']",
武汉中北路片区测绘地理时空数据和碳计量数据,https://dex.hubei-data.com/product/detail/133,武汉市测绘研究院,￥100000,下载地址,民生服务，智慧城市，科学实验,"['合规认证', '可交易']",
鄂小治-边远基站监控,https://dex.hubei-data.com/product/detail/132,湖北数据集团有限公司,面议,下载地址,智慧城市，民生服务,"['合规认证', '可交易']",
鄂小治-住房空置率管理,https://dex.hubei-data.com/product/detail/131,湖北数据集团有限公司,面议,下载地址,民生服务，智慧城市，数字政务,"['合规认证', '可交易']",
鄂小经-商圈活力指数,https://dex.hubei-data.com/product/detail/129,湖北数据集团有限公司,面议,下载地址,民生服务，智慧城市，数字政务，消费互联网,"['合规认证', '可交易']",
鄂小经-农文旅供货,https://dex.hubei-data.com/product/detail/128,湖北数据集团有限公司,面议,下载地址,民生服务，数字政务，智慧城市,"['合规认证', '可交易']",
鄂小经-跨境电商应用,https://dex.hubei-data.com/product/detail/126,湖北数据集团有限公司,面议,下载地址,民生服务，智慧城市，身份验证,"['合规认证', '可交易']",
鄂小治–智能环保监测,https://dex.hubei-data.com/product/detail/123,湖北数据集团有限公司,面议,下载地址,民生服务，智慧城市，消费互联网,"['合规认证', '可交易']",
鄂小治–重点企业监测,https://dex.hubei-data.com/product/detail/122,湖北数据集团有限公司,面议,下载地址,民生服务，消费互联网，智慧城市，身份验证,"['合规认证', '可交易']",
电力大数据助力养老精细化管理产品,https://dex.hubei-data.com/product/detail/121,湖北数据集团有限公司,面议,下载地址,人工智能，民生服务，消费互联网，保险科技,"['合规认证', '可交易']",
特殊人群关照关注数据服务产品,https://dex.hubei-data.com/product/detail/120,湖北数据集团有限公司,面议,下载地址,金融科技，消费互联网，智慧医疗,"['合规认证', '可交易']",
住房空置率监测分析产品,https://dex.hubei-data.com/product/detail/119,湖北数据集团有限公司,面议,下载地址,数字政务，保险科技，智慧城市，智慧医疗,"['合规认证', '可交易']",
能源看区域经济发展产品,https://dex.hubei-data.com/product/detail/117,湖北数据集团有限公司,面议,下载地址,航空航天，保险科技，智慧城市,"['合规认证', '可交易']",
鄂小经–实体店铺选择,https://dex.hubei-data.com/product/detail/116,湖北数据集团有限公司,面议,下载地址,民生服务，消费互联网，身份验证，智慧城市,"['合规认证', '可交易']",
企业安全生产用电分析产品,https://dex.hubei-data.com/product/detail/115,湖北数据集团有限公司,面议,下载地址,智慧物流，智能制造，消费互联网,"['合规认证', '可交易']",
鄂小查-租赁服务,https://dex.hubei-data.com/product/detail/114,湖北数据集团有限公司,面议,下载地址,民生服务，身份验证，智慧城市，消费互联网,"['合规认证', '可交易']",
鄂小查-就业服务,https://dex.hubei-data.com/product/detail/113,湖北数据集团有限公司,面议,下载地址,民生服务，消费互联网，身份验证，智慧城市,"['合规认证', '可交易']",
鄂小查-婚恋服务,https://dex.hubei-data.com/product/detail/112,湖北数据集团有限公司,面议,下载地址,民生服务，消费互联网，智慧城市，身份验证,"['合规认证', '可交易']",
重点企业生产用电分析产品,https://dex.hubei-data.com/product/detail/111,湖北数据集团有限公司,面议,下载地址,消费互联网，智慧医疗，智慧物流,"['合规认证', '可交易']",
商圈活力指数产品,https://dex.hubei-data.com/product/detail/110,湖北数据集团有限公司,面议,下载地址,人工智能，民生服务,"['合规认证', '可交易']",
产业链经济分析产品,https://dex.hubei-data.com/product/detail/109,湖北数据集团有限公司,面议,下载地址,数字政务，智慧城市，智慧医疗,"['合规认证', '可交易']",
电力助金融数据服务产品,https://dex.hubei-data.com/product/detail/108,湖北数据集团有限公司,面议,下载地址,智慧交通，科学实验，航空航天，数字政务,"['合规认证', '可交易']",
通信基站用能监测服务产品,https://dex.hubei-data.com/product/detail/107,湖北数据集团有限公司,面议,API接口,数字政务，智慧物流，消费互联网,"['合规认证', '可交易']",
鄂小查-家政服务,https://dex.hubei-data.com/product/detail/106,湖北数据集团有限公司,面议,下载地址,智慧城市，民生服务，身份验证，数字政务,"['合规认证', '可交易']",
亚米级定位服务,https://dex.hubei-data.com/product/detail/85,中科星图数字地球合肥有限公司,面议,下载地址,暂无,"['合规认证', '可交易']",
融安隐私计算平台,https://dex.hubei-data.com/product/detail/78,神州融安数字科技（北京）有限公司,面议,下载地址,暂无,"['合规认证', '可交易']",
IPv4地址查询-高精准版,https://dex.hubei-data.com/product/detail/76,天聚地合（苏州）科技股份有限公司,面议,API接口,暂无,"['合规认证', '可交易']",
律师服务（法律尽调与合规评估）,https://dex.hubei-data.com/product/detail/75,上海中联（武汉）律师事务所,面议,线下交付,暂无,['可交易'],
售电数据辅助分析服务,https://dex.hubei-data.com/product/detail/74,湖北华中电力科技开发有限责任公司,面议,API接口,暂无,"['合规认证', '可交易']",
数字活体检测,https://dex.hubei-data.com/product/detail/67,贵州数据宝网络科技有限公司,面议,API接口,智慧交通,"['合规认证', '可交易']",
通信基站用能监测,https://dex.hubei-data.com/product/detail/66,湖北华中电力科技开发有限责任公司,面议,API接口,暂无,"['合规认证', '可交易']",
电力供应商合同融资数据服务,https://dex.hubei-data.com/product/detail/65,湖北华中电力科技开发有限责任公司,面议,API接口,金融科技,"['合规认证', '可交易']",
营业执照OCR识别,https://dex.hubei-data.com/product/detail/53,贵州数据宝网络科技有限公司,￥0.23,API接口,金融科技，智慧交通，科学实验，数字政务，智慧城市,"['合规认证', '可交易']",
企业运力核验,https://dex.hubei-data.com/product/detail/52,贵州数据宝网络科技有限公司,￥1.8,API接口,智慧交通，金融科技，智慧城市，数字政务,"['合规认证', '可交易']",
客车全量因子,https://dex.hubei-data.com/product/detail/51,贵州数据宝网络科技有限公司,￥1.44,API接口,智慧交通，金融科技，智慧医疗，智慧城市，数字政务,"['合规认证', '可交易']",
活体检测H5,https://dex.hubei-data.com/product/detail/50,贵州数据宝网络科技有限公司,￥0.07,API接口,金融科技，智慧城市，保险科技，数字政务，身份验证,"['合规认证', '可交易']",
驾驶证OCR识别,https://dex.hubei-data.com/product/detail/49,贵州数据宝网络科技有限公司,￥0.15,API接口,金融科技，智慧城市，保险科技，身份验证，数字政务,"['合规认证', '可交易']",
银行卡OCR识别,https://dex.hubei-data.com/product/detail/48,贵州数据宝网络科技有限公司,￥0.07,API接口,金融科技，智慧医疗，智慧城市，数字政务，身份验证,"['合规认证', '可交易']",
行驶证OCR识别,https://dex.hubei-data.com/product/detail/47,贵州数据宝网络科技有限公司,￥0.07,API接口,智慧交通，金融科技，智慧城市，保险科技，数字政务,"['合规认证', '可交易']",
全国乘用车合格证核验,https://dex.hubei-data.com/product/detail/33,贵州数据宝网络科技有限公司,￥1.8,API接口,金融科技，智慧交通，智慧城市，数字政务，保险科技,"['合规认证', '可交易']",
企业道路运输经营许可证核验,https://dex.hubei-data.com/product/detail/32,贵州数据宝网络科技有限公司,￥1.2,API接口,智慧交通，金融科技，智慧城市，保险科技，数字政务,"['合规认证', '可交易']",
道路运输从业人员资格证核验,https://dex.hubei-data.com/product/detail/31,贵州数据宝网络科技有限公司,￥1.2,API接口,智慧交通，金融科技，智慧城市，保险科技，数字政务,"['合规认证', '可交易']",
高速车辆超载行为评估,https://dex.hubei-data.com/product/detail/30,贵州数据宝网络科技有限公司,￥7.2,API接口,智慧交通，金融科技，智慧城市，保险科技，数字政务,"['合规认证', '可交易']",
高速车辆出入口地区频次TOP20,https://dex.hubei-data.com/product/detail/29,贵州数据宝网络科技有限公司,￥7.2,API接口,智慧交通，金融科技，智慧城市，数字政务，民生服务,"['合规认证', '可交易']",
高速货车运力指数（上路时长排名）,https://dex.hubei-data.com/product/detail/28,贵州数据宝网络科技有限公司,￥12,API接口,智慧交通，金融科技，智慧城市，保险科技，数字政务,"['合规认证', '可交易']",
高速车辆行驶里程核验,https://dex.hubei-data.com/product/detail/27,贵州数据宝网络科技有限公司,￥0.72,API接口,金融科技，智慧城市，保险科技，数字政务,"['合规认证', '可交易']",
高速车辆行驶时间核验,https://dex.hubei-data.com/product/detail/26,贵州数据宝网络科技有限公司,￥0.72,API接口,金融科技，智慧城市，数字政务，保险科技,"['合规认证', '可交易']",
高速车辆行驶时间段评估,https://dex.hubei-data.com/product/detail/25,贵州数据宝网络科技有限公司,￥0.72,API接口,金融科技，智慧城市，保险科技，数字政务,"['合规认证', '可交易']",
高速车辆超速行为评估,https://dex.hubei-data.com/product/detail/24,贵州数据宝网络科技有限公司,￥0.72,API接口,金融科技，智慧城市，保险科技，数字政务,"['合规认证', '可交易']",
高速车辆ETC支付次数评估,https://dex.hubei-data.com/product/detail/23,贵州数据宝网络科技有限公司,￥0.72,API接口,金融科技，智慧城市，保险科技，数字政务,"['合规认证', '可交易']",
高速车辆现金支付行为评估,https://dex.hubei-data.com/product/detail/22,贵州数据宝网络科技有限公司,￥0.72,API接口,金融科技，智慧城市，保险科技，数字政务,"['合规认证', '可交易']",
高速车辆电子支付行为评估,https://dex.hubei-data.com/product/detail/21,贵州数据宝网络科技有限公司,￥0.72,API接口,金融科技，智慧城市，保险科技，数字政务,"['合规认证', '可交易']",
高速车辆通行总次数核验,https://dex.hubei-data.com/product/detail/20,贵州数据宝网络科技有限公司,￥1.8,API接口,金融科技，智慧城市，保险科技，数字政务,"['合规认证', '可交易']",
车辆高速信息订阅V2,https://dex.hubei-data.com/product/detail/19,贵州数据宝网络科技有限公司,￥0.72,API接口,金融科技，智慧交通，智慧城市，保险科技，数字政务,"['合规认证', '可交易']",
企业经营凭证核验,https://dex.hubei-data.com/product/detail/18,贵州数据宝网络科技有限公司,￥0.23,API接口,金融科技，保险科技，数字政务，智慧文旅,"['合规认证', '可交易']",
企业经营异常信息查验,https://dex.hubei-data.com/product/detail/17,贵州数据宝网络科技有限公司,￥0.6,API接口,金融科技，智慧城市，保险科技，数字政务，智慧文旅,"['合规认证', '可交易']",
企业主要人员核验,https://dex.hubei-data.com/product/detail/16,贵州数据宝网络科技有限公司,￥0.8,API接口,数字政务，保险科技，智慧城市，金融科技，民生服务,"['合规认证', '可交易']",
企业信息综合评估,https://dex.hubei-data.com/product/detail/15,贵州数据宝网络科技有限公司,￥0.8,API接口,数字政务，金融科技，智慧物流，保险科技,"['合规认证', '可交易']",
企业信息数量查验,https://dex.hubei-data.com/product/detail/14,贵州数据宝网络科技有限公司,￥1,API接口,数字政务，金融科技，智慧城市，智能制造,"['合规认证', '可交易']",
企业失信被执行人失信详情查验,https://dex.hubei-data.com/product/detail/13,贵州数据宝网络科技有限公司,￥1.2,API接口,数字政务，金融科技，保险科技，智慧城市，智能制造,"['合规认证', '可交易']",
企业行政处罚信息查验,https://dex.hubei-data.com/product/detail/12,贵州数据宝网络科技有限公司,￥1,API接口,数字政务，金融科技，保险科技，智能制造,"['合规认证', '可交易']",
企业红黑名单核验,https://dex.hubei-data.com/product/detail/11,贵州数据宝网络科技有限公司,￥6.7,API接口,民生服务，智慧文旅，保险科技，金融科技，数字政务,"['合规认证', '可交易']",
企业二要素验证,https://dex.hubei-data.com/product/detail/10,贵州数据宝网络科技有限公司,￥0.4,API接口,数字政务，金融科技，保险科技，智慧文旅,"['合规认证', '可交易']",
企业三要素验证（详版）,https://dex.hubei-data.com/product/detail/9,贵州数据宝网络科技有限公司,￥0.42,API接口,智慧文旅，数字政务，智慧城市，消费互联网,"['合规认证', '可交易']",
全网手机在网时长验证,https://dex.hubei-data.com/product/detail/8,贵州数据宝网络科技有限公司,￥0.58,API接口,智慧交通，金融科技，智慧城市，数字政务，智慧物流，智慧文旅,"['合规认证', '可交易']",
全网手机状态验证,https://dex.hubei-data.com/product/detail/7,贵州数据宝网络科技有限公司,￥0.47,API接口,智慧交通，数字政务，金融科技，智慧医疗，智慧城市，智慧文旅,"['合规认证', '可交易']",
全网手机三要素验证（详版MD5）,https://dex.hubei-data.com/product/detail/6,贵州数据宝网络科技有限公司,￥1.2,API接口,智慧城市，数字政务，消费互联网，智慧物流，智慧文旅，金融科技,"['合规认证', '可交易']",
全网手机消费区间验证（MD5）,https://dex.hubei-data.com/product/detail/5,贵州数据宝网络科技有限公司,￥0.72,API接口,金融科技，民生服务，消费互联网,"['合规认证', '可交易']",
全网手机号归属地核验（MD5）,https://dex.hubei-data.com/product/detail/4,贵州数据宝网络科技有限公司,￥0.06,API接口,金融科技，智慧医疗，智慧城市，保险科技，航空航天，科学实验，身份验证,"['合规认证', '可交易']",
认证宝(实名认证),https://dex.hubei-data.com/product/detail/3,贵州数据宝网络科技有限公司,￥0.48,API接口,金融科技，智慧医疗，智慧城市，航空航天，科学实验，身份验证,"['合规认证', '可交易']",
人像比对,https://dex.hubei-data.com/product/detail/2,贵州数据宝网络科技有限公司,￥0.6,API接口,金融科技，智慧医疗，智慧城市，保险科技，身份验证,"['合规认证', '可交易']",
CCRT政信类债权数据确权登记数据资源,https://dex.hubei-data.com/product/detail/857,国电投（湖北）有限公司,￥1000,线下交付,金融科技，消费互联网，智慧城市，数字政务，民生服务,"['互联互通', '仅展示']",
企业业绩图谱查询,https://dex.hubei-data.com/product/detail/847,北京明树数据科技有限公司,面议,下载地址,智慧交通，金融科技，智慧城市,"['互联互通', '仅展示']",
专项债项目数据查询,https://dex.hubei-data.com/product/detail/846,北京明树数据科技有限公司,面议,下载地址,智慧交通，金融科技，智慧城市,"['互联互通', '仅展示']",
基建投融资政策数据查询,https://dex.hubei-data.com/product/detail/845,北京明树数据科技有限公司,面议,下载地址,智慧交通，金融科技，智慧城市,"['互联互通', '仅展示']",
环保专题项目数据查询,https://dex.hubei-data.com/product/detail/844,北京明树数据科技有限公司,面议,下载地址,智慧交通，金融科技，智慧城市,"['互联互通', '仅展示']",
区域经济财政债务数据查询,https://dex.hubei-data.com/product/detail/843,北京明树数据科技有限公司,面议,下载地址,智慧交通，金融科技，智慧城市,"['互联互通', '仅展示']",
基建项目中标速递查询,https://dex.hubei-data.com/product/detail/842,北京明树数据科技有限公司,面议,下载地址,智慧城市，智慧交通，金融科技,"['互联互通', '仅展示']",
数字活体检测,https://dex.hubei-data.com/product/detail/762,贵州数据宝网络科技有限公司,面议,API接口,人工智能，身份验证,"['互联互通', '仅展示']",
港澳台居民居住证OCR识别,https://dex.hubei-data.com/product/detail/761,贵州数据宝网络科技有限公司,面议,API接口,人工智能，身份验证,"['互联互通', '仅展示']",
港澳台通行证OCR识别,https://dex.hubei-data.com/product/detail/760,贵州数据宝网络科技有限公司,面议,API接口,人工智能，身份验证,"['互联互通', '仅展示']",
东信云科技营赛洞见营销大模型,https://dex.hubei-data.com/product/detail/758,深圳市东信云科技有限公司,面议,下载地址,消费互联网,"['互联互通', '仅展示']",
数据清洗融合平台,https://dex.hubei-data.com/product/detail/729,深圳市华傲数据技术有限公司,面议,下载地址,智慧交通，气象气候，金融科技，智慧医疗，智慧城市，保险科技，航空航天，科学实验，数字政务，智慧文旅，智慧物流，智能制造，消费互联网，人工智能，民生服务,"['互联互通', '仅展示']",
数据直报系统,https://dex.hubei-data.com/product/detail/728,深圳市华傲数据技术有限公司,面议,下载地址,智慧交通，气象气候，金融科技，智慧医疗，智慧城市，保险科技，航空航天，科学实验，数字政务，智慧文旅，智慧物流，智能制造，消费互联网，民生服务,"['互联互通', '仅展示']",
长安链管理服务平台,https://dex.hubei-data.com/product/detail/727,深圳市华傲数据技术有限公司,面议,下载地址,金融科技，智慧交通，气象气候，智慧医疗，智慧城市，保险科技，航空航天，科学实验，数字政务，智慧文旅，智慧物流，智能制造，消费互联网，身份验证，民生服务，人工智能,"['互联互通', '仅展示']",
数据共享交换平台,https://dex.hubei-data.com/product/detail/726,深圳市华傲数据技术有限公司,面议,下载地址,智慧交通，气象气候，民生服务，金融科技，人工智能，智慧医疗，消费互联网，智能制造，智慧城市，保险科技，智慧物流，航空航天，智慧文旅，科学实验，数字政务,"['互联互通', '仅展示']",
华傲政企标准体系知识库管理数据产品,https://dex.hubei-data.com/product/detail/725,深圳市华傲数据技术有限公司,面议,下载地址,智慧交通，民生服务，气象气候，金融科技，人工智能，智慧医疗，消费互联网，智慧城市，智能制造，保险科技，智慧物流，航空航天，智慧文旅，科学实验，数字政务,"['互联互通', '仅展示']",
华傲政企规范建模数据产品,https://dex.hubei-data.com/product/detail/724,深圳市华傲数据技术有限公司,面议,下载地址,智慧交通，气象气候，民生服务，金融科技，人工智能，智慧医疗，消费互联网，智慧城市，智能制造，保险科技，智慧物流，航空航天，智慧文旅，科学实验，数字政务,"['互联互通', '仅展示']",
华傲政务人口基础库参考数据集数据产品,https://dex.hubei-data.com/product/detail/723,深圳市华傲数据技术有限公司,面议,下载地址,智慧交通，气象气候，民生服务，金融科技，智慧医疗，智慧城市，智慧物流，保险科技，航空航天，智慧文旅，数字政务,"['互联互通', '仅展示']",
华傲政务法人基础库参考数据集数据产品,https://dex.hubei-data.com/product/detail/722,深圳市华傲数据技术有限公司,面议,下载地址,智慧交通，气象气候，民生服务，金融科技，智慧医疗，智慧城市，智能制造，保险科技，智慧物流，航空航天，智慧文旅，数字政务,"['互联互通', '仅展示']",
华傲政务惠企政策直达数据产品,https://dex.hubei-data.com/product/detail/721,深圳市华傲数据技术有限公司,面议,下载地址,智慧交通，人工智能，民生服务，智慧医疗，智慧城市，智慧物流，智慧文旅，数字政务,"['互联互通', '仅展示']",
华傲政务热线预警 AI 大语言模型数据产品,https://dex.hubei-data.com/product/detail/715,深圳市华傲数据技术有限公司,面议,下载地址,智慧交通，气象气候，智慧医疗，智慧城市，数字政务，民生服务，智慧物流，智慧文旅，人工智能,"['互联互通', '仅展示']",
华傲证券股票债券价值研究技术因子数据产品,https://dex.hubei-data.com/product/detail/714,深圳市华傲数据技术有限公司,面议,下载地址,金融科技，人工智能，消费互联网，保险科技,"['互联互通', '仅展示']",
热线类数据预警分析系统,https://dex.hubei-data.com/product/detail/709,深圳市华傲数据技术有限公司,面议,下载地址,智慧交通，气象气候，智慧医疗，智慧城市，数字政务，民生服务，人工智能，智慧物流，智慧文旅,"['互联互通', '仅展示']",
全网手机三要素验证（携号转网）,https://dex.hubei-data.com/product/detail/684,贵州数据宝网络科技有限公司,面议,API接口,消费互联网，身份验证,"['互联互通', '仅展示']",
车辆品牌型号查验,https://dex.hubei-data.com/product/detail/683,贵州数据宝网络科技有限公司,面议,API接口,智慧交通，消费互联网,"['互联互通', '仅展示']",
全国车辆上险查验（车牌号）,https://dex.hubei-data.com/product/detail/682,贵州数据宝网络科技有限公司,面议,API接口,保险科技，智慧交通,"['互联互通', '仅展示']",
银行卡二要素验证（卡号+姓名）,https://dex.hubei-data.com/product/detail/679,贵州数据宝网络科技有限公司,面议,API接口,金融科技,"['互联互通', '仅展示']",
银行卡三要素验证（详版）,https://dex.hubei-data.com/product/detail/677,贵州数据宝网络科技有限公司,面议,API接口,金融科技,"['互联互通', '仅展示']",
银行卡三要素验证,https://dex.hubei-data.com/product/detail/676,贵州数据宝网络科技有限公司,面议,API接口,金融科技,"['互联互通', '仅展示']",
银行卡四要素验证（详版）,https://dex.hubei-data.com/product/detail/674,贵州数据宝网络科技有限公司,面议,API接口,金融科技,"['互联互通', '仅展示']",
银行卡四要素验证,https://dex.hubei-data.com/product/detail/673,贵州数据宝网络科技有限公司,面议,API接口,金融科技,"['互联互通', '仅展示']",
货车车险风控评分模型,https://dex.hubei-data.com/product/detail/667,贵州数据宝网络科技有限公司,面议,API接口,智慧交通,"['互联互通', '仅展示']",
全国商用车合格证核验,https://dex.hubei-data.com/product/detail/661,贵州数据宝网络科技有限公司,面议,API接口,智慧交通,"['互联互通', '仅展示']",
针对投标保函信息数据的模型,https://dex.hubei-data.com/product/detail/510,数研院（福建）信息产业发展有限公司,面议,下载地址,金融科技，民生服务,"['互联互通', '仅展示']",
针对信贷贷前信息核验（反欺诈验证）,https://dex.hubei-data.com/product/detail/509,数研院（福建）信息产业发展有限公司,面议,下载地址,金融科技，民生服务,"['互联互通', '仅展示']",
针对公积金信息数据的模型,https://dex.hubei-data.com/product/detail/508,数研院（福建）信息产业发展有限公司,面议,下载地址,金融科技，民生服务,"['互联互通', '仅展示']",
社保信息数据的模型,https://dex.hubei-data.com/product/detail/507,数研院（福建）信息产业发展有限公司,面议,下载地址,金融科技，民生服务,"['互联互通', '仅展示']",
车辆运力评估,https://dex.hubei-data.com/product/detail/503,贵州数据宝网络科技有限公司,面议,API接口,智慧交通，金融科技,"['互联互通', '仅展示']",
全国车辆配置查验,https://dex.hubei-data.com/product/detail/502,贵州数据宝网络科技有限公司,面议,API接口,智慧交通,"['互联互通', '仅展示']",
企业二要素验证,https://dex.hubei-data.com/product/detail/501,贵州数据宝网络科技有限公司,面议,API接口,金融科技，民生服务,"['互联互通', '仅展示']",
车辆通行费用评估,https://dex.hubei-data.com/product/detail/500,贵州数据宝网络科技有限公司,面议,API接口,智慧交通,"['互联互通', '仅展示']",
企业失信被执行人查验,https://dex.hubei-data.com/product/detail/499,贵州数据宝网络科技有限公司,面议,API接口,身份验证，金融科技,"['互联互通', '仅展示']",
全网手机二要素验证（证件号+手机号）,https://dex.hubei-data.com/product/detail/498,贵州数据宝网络科技有限公司,面议,API接口,身份验证，消费互联网,"['互联互通', '仅展示']",
全网手机二要素验证（姓名+手机号）,https://dex.hubei-data.com/product/detail/497,贵州数据宝网络科技有限公司,面议,API接口,消费互联网，身份验证,"['互联互通', '仅展示']",
不动产信息数据的模型,https://dex.hubei-data.com/product/detail/495,数研院（福建）信息产业发展有限公司,面议,下载地址,金融科技，民生服务,"['互联互通', '仅展示']",
基于多模态大模型的智慧城市训练数据集,https://dex.hubei-data.com/product/detail/755,武汉中科通达高新技术股份有限公司,面议,下载地址,智慧交通，人工智能，智慧城市,"['数据知识产权', '仅展示']",
项目运维管理数据集,https://dex.hubei-data.com/product/detail/539,武汉中科通达高新技术股份有限公司,面议,下载地址,金融科技，智慧城市，人工智能,"['数据知识产权', '仅展示']",
企业项目管理全生命周期数据集,https://dex.hubei-data.com/product/detail/538,武汉中科通达高新技术股份有限公司,面议,下载地址,金融科技，数字政务，人工智能,"['数据知识产权', '仅展示']",
宜昌市成品油综合监管云平台,https://dex.hubei-data.com/product/detail/513,宜昌城市大脑运营管理有限公司,面议,下载地址,民生服务，数字政务，智慧城市,"['数据知识产权', '仅展示']",
企业票税数据,https://dex.hubei-data.com/product/detail/1856,数族科技（南京）股份有限公司,面议,API接口,金融科技，数字政务，消费互联网，智能制造，电子商务,['仅展示'],
大水井古建筑群及周边实景三维数据集,https://dex.hubei-data.com/product/detail/1855,利川市大数据服务中心,面议,下载地址,自然资源，智慧文旅,['仅展示'],
工程供应商智评360,https://dex.hubei-data.com/product/detail/1853,湖北联投咨询管理有限公司,面议,下载地址,其他,['仅展示'],
光伏电站智慧运维高质量数据集,https://dex.hubei-data.com/product/detail/1852,武汉顶好能源科技有限公司,面议,下载地址,绿色低碳,['仅展示'],
全球核心国家新闻数据全景库数据集,https://dex.hubei-data.com/product/detail/1851,中科凡语（武汉）科技有限公司,面议,下载地址,科学实验，智慧城市,['仅展示'],
水环境监测数据集,https://dex.hubei-data.com/product/detail/1850,武汉市生态环境局,面议,下载地址,绿色低碳，智慧城市,['仅展示'],
两点十分动漫数据集,https://dex.hubei-data.com/product/detail/1849,武汉两点十分文化传播有限公司,面议,下载地址,智慧文旅,['仅展示'],
智慧工地·工程安全风险预警数据集,https://dex.hubei-data.com/product/detail/1848,湖北省工业建筑集团有限公司,面议,下载地址,应急管理，住房建设,['仅展示'],
数鉴·科创引擎数据集,https://dex.hubei-data.com/product/detail/1847,武汉索元数据信息有限公司,面议,下载地址,科学实验，具身智能,['仅展示'],
CIM道路全息底座与“智路”交通运输多模态AI数据集,https://dex.hubei-data.com/product/detail/1846,武汉光谷数字新基建发展有限公司,面议,下载地址,智慧交通，应急管理，智慧城市，智能驾驶,['仅展示'],
结直肠与肛周疾病多病种全病程多模态精细标注数据集,https://dex.hubei-data.com/product/detail/1845,武汉市第八医院（武汉市肛肠医院）,面议,下载地址,智慧医疗，教育教学，具身智能,['仅展示'],
面向智能驾驶领域的车载红外高质量数据集,https://dex.hubei-data.com/product/detail/1844,武汉轩辕智驾科技有限公司,面议,下载地址,智能驾驶,['仅展示'],
交通出行溯源算法模型,https://dex.hubei-data.com/product/detail/1842,武汉市规划研究院（武汉市交通发展战略研究院）,面议,线下交付,智慧交通，智慧城市,['仅展示'],
交通承载力分析算法模型,https://dex.hubei-data.com/product/detail/1841,武汉市规划研究院（武汉市交通发展战略研究院）,面议,线下交付,智慧交通，智慧城市,['仅展示'],
公路运行特征分析算法模型,https://dex.hubei-data.com/product/detail/1840,武汉市规划研究院（武汉市交通发展战略研究院）,面议,线下交付,智慧交通，智慧城市,['仅展示'],
公服设施服务评估模型,https://dex.hubei-data.com/product/detail/1839,武汉市规划研究院（武汉市交通发展战略研究院）,面议,线下交付,智慧城市,['仅展示'],
交通影响评估算法模型,https://dex.hubei-data.com/product/detail/1838,武汉市规划研究院（武汉市交通发展战略研究院）,面议,线下交付,智慧交通，智慧城市,['仅展示'],
城市交通体检模型,https://dex.hubei-data.com/product/detail/1837,武汉市规划研究院（武汉市交通发展战略研究院）,面议,线下交付,智慧交通，智慧城市,['仅展示'],
圆口铜鱼鱼种特征分析识别数据集,https://dex.hubei-data.com/product/detail/1832,武汉中科瑞通信息技术有限公司,面议,下载地址,人工智能，农业农村,['仅展示'],
长丝裂腹鱼鱼种特征分析识别数据集,https://dex.hubei-data.com/product/detail/1831,武汉中科瑞通信息技术有限公司,面议,下载地址,人工智能，农业农村,['仅展示'],
四川裂腹鱼鱼种特征分析识别数据集,https://dex.hubei-data.com/product/detail/1830,武汉中科瑞通信息技术有限公司,面议,下载地址,人工智能，农业农村,['仅展示'],
翘嘴鲌鱼种特征分析识别数据集,https://dex.hubei-data.com/product/detail/1829,武汉中科瑞通信息技术有限公司,面议,下载地址,人工智能，农业农村,['仅展示'],
短须裂腹鱼鱼种特征分析识别数据集,https://dex.hubei-data.com/product/detail/1828,武汉中科瑞通信息技术有限公司,面议,下载地址,人工智能，农业农村,['仅展示'],
白条鱼种特征分析识别数据集,https://dex.hubei-data.com/product/detail/1827,武汉中科瑞通信息技术有限公司,面议,下载地址,人工智能，农业农村,['仅展示'],
长薄鳅鱼种特征分析识别数据集,https://dex.hubei-data.com/product/detail/1822,武汉中科瑞通信息技术有限公司,面议,下载地址,人工智能，农业农村,['仅展示'],
岩原鲤鱼种特征分析识别数据集,https://dex.hubei-data.com/product/detail/1821,武汉中科瑞通信息技术有限公司,面议,下载地址,人工智能，农业农村,['仅展示'],
裸体异鳔鳅鮀鱼种特征分析识别数据集,https://dex.hubei-data.com/product/detail/1818,武汉中科瑞通信息技术有限公司,面议,下载地址,人工智能，农业农村,['仅展示'],
白甲鱼鱼种特征分析识别数据集,https://dex.hubei-data.com/product/detail/1816,武汉中科瑞通信息技术有限公司,面议,下载地址,人工智能，农业农村,['仅展示'],
湖北省气象观测月统计值,https://dex.hubei-data.com/product/detail/1815,湖北省气象信息与技术保障中心（湖北省气象档案馆、新一代天气雷达技术支持武汉分中心）,面议,API接口,气象气候,['仅展示'],
湖北省地面气象站年统计信息,https://dex.hubei-data.com/product/detail/1814,湖北省气象信息与技术保障中心（湖北省气象档案馆、新一代天气雷达技术支持武汉分中心）,面议,API接口,气象气候,['仅展示'],
湖北气象格点实况产品,https://dex.hubei-data.com/product/detail/1813,湖北省气象信息与技术保障中心（湖北省气象档案馆、新一代天气雷达技术支持武汉分中心）,面议,API接口,气象气候,['仅展示'],
湖北省智能网格预报产品,https://dex.hubei-data.com/product/detail/1812,湖北省气象信息与技术保障中心（湖北省气象档案馆、新一代天气雷达技术支持武汉分中心）,面议,API接口,气象气候,['仅展示'],
湖北省暴雨灾害资源库,https://dex.hubei-data.com/product/detail/1810,湖北省气象信息与技术保障中心（湖北省气象档案馆、新一代天气雷达技术支持武汉分中心）,面议,API接口,气象气候,['仅展示'],
长江流域雷达拼图产品,https://dex.hubei-data.com/product/detail/1803,湖北省气象信息与技术保障中心（湖北省气象档案馆、新一代天气雷达技术支持武汉分中心）,面议,API接口,气象气候,['仅展示'],
细鳞裂腹鱼鱼种特征分析识别数据集,https://dex.hubei-data.com/product/detail/1794,武汉中科瑞通信息技术有限公司,面议,下载地址,人工智能，农业农村,['仅展示'],
齐口裂腹鱼鱼种特征分析识别数据集,https://dex.hubei-data.com/product/detail/1793,武汉中科瑞通信息技术有限公司,面议,下载地址,人工智能，农业农村,['仅展示'],
金沙鲈鲤鱼种特征分析识别数据集,https://dex.hubei-data.com/product/detail/1792,武汉中科瑞通信息技术有限公司,面议,下载地址,人工智能，农业农村,['仅展示'],
长鳍吻鮈鱼种特征分析识别数据集,https://dex.hubei-data.com/product/detail/1791,武汉中科瑞通信息技术有限公司,面议,下载地址,人工智能，农业农村,['仅展示'],
前臀鮡鱼种特征分析识别数据集,https://dex.hubei-data.com/product/detail/1790,武汉中科瑞通信息技术有限公司,面议,下载地址,人工智能，农业农村,['仅展示'],
中华刀鲇鱼种特征分析识别数据集,https://dex.hubei-data.com/product/detail/1789,武汉中科瑞通信息技术有限公司,面议,下载地址,人工智能，农业农村,['仅展示'],
中国结鱼鱼种特征分析识别数据集,https://dex.hubei-data.com/product/detail/1788,武汉中科瑞通信息技术有限公司,面议,下载地址,人工智能，农业农村,['仅展示'],
乌鳢鱼种特征分析识别数据集,https://dex.hubei-data.com/product/detail/1787,武汉中科瑞通信息技术有限公司,面议,下载地址,人工智能，农业农村,['仅展示'],
青鱼鱼种特征分析识别数据集,https://dex.hubei-data.com/product/detail/1786,武汉中科瑞通信息技术有限公司,面议,下载地址,人工智能，农业农村,['仅展示'],
鲢鱼鱼种特征分析识别数据集,https://dex.hubei-data.com/product/detail/1782,武汉中科瑞通信息技术有限公司,面议,下载地址,人工智能，农业农村,['仅展示'],
清博研究院智库报告,https://dex.hubei-data.com/product/detail/1775,北京清博智能科技有限公司,面议,下载地址,数字政务，教育教学，智慧交通，气象气候，金融科技，智慧医疗，智慧城市，保险科技，航空航天，科学实验，身份验证，民生服务，人力资源，电子商务，农业农村，智慧能源，智慧文旅，智慧物流，智能制造，消费互联网，人工智能，应急管理，绿色低碳，公共安全，其他，低空经济，具身智能，智能驾驶，智慧海洋，生物制造，住房建设，自然资源,['仅展示'],
鲤鱼鱼种特征分析识别数据集,https://dex.hubei-data.com/product/detail/1754,武汉中科瑞通信息技术有限公司,面议,下载地址,人工智能，农业农村,['仅展示'],
巨魾鱼种特征分析识别数据集,https://dex.hubei-data.com/product/detail/1753,武汉中科瑞通信息技术有限公司,面议,下载地址,人工智能，农业农村,['仅展示'],
鲫鱼鱼种特征分析识别数据集,https://dex.hubei-data.com/product/detail/1752,武汉中科瑞通信息技术有限公司,面议,下载地址,人工智能，农业农村,['仅展示'],
黄颡鱼鱼种特征分析识别数据集,https://dex.hubei-data.com/product/detail/1751,武汉中科瑞通信息技术有限公司,面议,下载地址,人工智能，农业农村,['仅展示'],
草鱼鱼种特征分析识别数据集,https://dex.hubei-data.com/product/detail/1750,武汉中科瑞通信息技术有限公司,面议,下载地址,人工智能,['仅展示'],
教育数据服务,https://dex.hubei-data.com/product/detail/944,数毅科技（武汉）有限公司,面议,下载地址,教育教学,['仅展示'],
高速公路智慧运维预警服务,https://dex.hubei-data.com/product/detail/941,数毅科技（武汉）有限公司,面议,下载地址,智慧交通,['仅展示'],
澜沧裂腹鱼鱼种特征分析识别数据集,https://dex.hubei-data.com/product/detail/931,武汉中科瑞通信息技术有限公司,面议,下载地址,人工智能,['仅展示'],
灰裂腹鱼鱼种特征分析识别数据集,https://dex.hubei-data.com/product/detail/930,武汉中科瑞通信息技术有限公司,面议,下载地址,人工智能,['仅展示'],
后背鲈鲤鱼种特征分析识别数据集,https://dex.hubei-data.com/product/detail/929,武汉中科瑞通信息技术有限公司,面议,下载地址,人工智能,['仅展示'],
光唇裂腹鱼鱼种特征分析识别数据集,https://dex.hubei-data.com/product/detail/928,武汉中科瑞通信息技术有限公司,面议,下载地址,人工智能,['仅展示'],
叉尾鲇鱼种特征分析识别数据集,https://dex.hubei-data.com/product/detail/927,武汉中科瑞通信息技术有限公司,面议,下载地址,人工智能，农业农村,['仅展示'],
劳务人员技能与信用数据,https://dex.hubei-data.com/product/detail/926,新疆双河水利水电工程建设有限责任公司,面议,下载地址,智慧城市,['仅展示'],
双河工建集采平台-水泥稳定土材料价格,https://dex.hubei-data.com/product/detail/925,新疆双河工程建设有限责任公司,面议,下载地址,智慧城市,['仅展示'],
双河工建集采平台-沥青材料价格,https://dex.hubei-data.com/product/detail/924,新疆双河工程建设有限责任公司,面议,下载地址,智慧城市,['仅展示'],
双河工建集采平台-阀门材料市场价格,https://dex.hubei-data.com/product/detail/923,新疆双河工程建设有限责任公司,面议,下载地址,智慧城市,['仅展示'],
双河工建集采平台-井盖市场价格,https://dex.hubei-data.com/product/detail/922,新疆双河工程建设有限责任公司,面议,下载地址,智慧城市,['仅展示'],
双河工建集采平台-排水管市场价格,https://dex.hubei-data.com/product/detail/921,新疆双河工程建设有限责任公司,面议,下载地址,智慧城市,['仅展示'],
双河工建集采平台-门窗价格,https://dex.hubei-data.com/product/detail/920,新疆双河工程建设有限责任公司,面议,下载地址,智慧城市,['仅展示'],
双河工建集采平台-给水管材料价格,https://dex.hubei-data.com/product/detail/919,新疆双河工程建设有限责任公司,面议,下载地址,智慧城市,['仅展示'],
双河工建集采平台-电缆材料价格,https://dex.hubei-data.com/product/detail/918,新疆双河工程建设有限责任公司,面议,下载地址,智慧城市,['仅展示'],
双河工建集采平台-加气块市场材料价格,https://dex.hubei-data.com/product/detail/917,新疆双河工程建设有限责任公司,面议,下载地址,智慧城市,['仅展示'],
双河工建集采平台-钢筋材料市场价格统计,https://dex.hubei-data.com/product/detail/916,新疆双河工程建设有限责任公司,面议,下载地址,智慧城市,['仅展示'],
新疆特色农副产品 在武汉的销售数据,https://dex.hubei-data.com/product/detail/913,新疆双河农优商贸有限公司,面议,下载地址,消费互联网,['仅展示'],
1.项目数据画像,https://dex.hubei-data.com/product/detail/911,新疆双河水利水电工程建设有限责任公司,面议,下载地址,智慧城市，民生服务,['仅展示'],
墓区福位产品规划数据,https://dex.hubei-data.com/product/detail/910,新疆天寿纪念园林有限公司,￥800,下载地址,民生服务,['仅展示'],
双河市水力发电增长数据,https://dex.hubei-data.com/product/detail/909,新疆双河能源发展（集团）有限公司,面议,下载地址,智慧城市，民生服务,['仅展示'],
双河市光伏并网增长数据,https://dex.hubei-data.com/product/detail/908,新疆双河能源发展（集团）有限公司,面议,下载地址,智慧城市，民生服务,['仅展示'],
双河市全社会用电总量,https://dex.hubei-data.com/product/detail/907,新疆双河能源发展（集团）有限公司,面议,下载地址,智慧城市，民生服务,['仅展示'],
双河市三产电量数据,https://dex.hubei-data.com/product/detail/906,新疆双河能源发展（集团）有限公司,面议,下载地址,智慧城市，民生服务,['仅展示'],
双河市二产电量数据,https://dex.hubei-data.com/product/detail/905,新疆双河能源发展（集团）有限公司,面议,下载地址,智慧城市，民生服务,['仅展示'],
双河市一产电量数据,https://dex.hubei-data.com/product/detail/904,新疆双河能源发展（集团）有限公司,面议,下载地址,智慧城市，民生服务,['仅展示'],
2024年国农食品分割品销售数据,https://dex.hubei-data.com/product/detail/901,新疆双河国农食品有限公司,面议,下载地址,民生服务，智慧物流,['仅展示'],
双河工建集采平台-建筑材料价格信息数据,https://dex.hubei-data.com/product/detail/900,新疆双河工程建设有限责任公司,面议,下载地址,智慧城市,['仅展示'],
NFC苹果原浆（汁）订单数据,https://dex.hubei-data.com/product/detail/899,新疆双桥果蔬有限公司,面议,下载地址,消费互联网,['仅展示'],
道路修建测绘预算,https://dex.hubei-data.com/product/detail/897,新疆双河城市建设（集团）有限责任公司,面议,下载地址,智慧交通，民生服务,['仅展示'],
工商户客户燃气缴费及时率,https://dex.hubei-data.com/product/detail/896,武汉市燃气集团有限公司,面议,下载地址,智慧城市，身份验证，民生服务，金融科技,['仅展示'],
个人客户燃气器具使用情况,https://dex.hubei-data.com/product/detail/886,武汉市燃气集团有限公司,面议,下载地址,智慧城市，身份验证，金融科技，保险科技，数字政务，民生服务,['仅展示'],
鄂州智慧停车应用数据,https://dex.hubei-data.com/product/detail/883,鄂州市城市大数据产业发展有限公司,面议,下载地址,智慧交通，智慧城市,['仅展示'],
产品/季节/区域 食品安全快速检测分析报告,https://dex.hubei-data.com/product/detail/879,食安康（湖北）科技有限公司,面议,下载地址,民生服务,['仅展示'],
果蔬类食用农产品快速检测数据集,https://dex.hubei-data.com/product/detail/878,食安康（湖北）科技有限公司,面议,下载地址,民生服务，保险科技,['仅展示'],
建设工程劳务工人作业工单及工资核验服务,https://dex.hubei-data.com/product/detail/869,湖北升思科技股份有限公司,面议,下载地址,智慧城市，身份验证，民生服务,['仅展示'],
施工现场安全帽规范佩戴AI 智能安全检测模型,https://dex.hubei-data.com/product/detail/868,湖北升思科技股份有限公司,面议,下载地址,智慧城市，人工智能,['仅展示'],
施工现场裸土覆盖AI智能环保监管检测模型,https://dex.hubei-data.com/product/detail/867,湖北升思科技股份有限公司,面议,下载地址,智慧城市，人工智能,['仅展示'],
斑鳠鱼种特征分析识别数据集,https://dex.hubei-data.com/product/detail/866,武汉中科瑞通信息技术有限公司,面议,线下交付,人工智能,['仅展示'],
武汉市道路走航监测数据集,https://dex.hubei-data.com/product/detail/865,武汉市测绘研究院,面议,下载地址,智慧交通，科学实验，智慧城市,['仅展示'],
数易贷,https://dex.hubei-data.com/product/detail/860,中国工商银行股份有限公司武汉分行,面议,线下交付,金融科技,['仅展示'],
官猫司法鉴定实验室业务管理系统,https://dex.hubei-data.com/product/detail/856,湖北中新科维检验检测有限公司,面议,线下交付,科学实验,['仅展示'],
智能农业大模型高质量数据,https://dex.hubei-data.com/product/detail/841,武汉珈和科技有限公司,面议,下载地址,气象气候，保险科技，人工智能,['仅展示'],
科创创新能力数据集,https://dex.hubei-data.com/product/detail/840,武汉光谷数字产业集团有限公司,面议,下载地址,消费互联网，金融科技，保险科技，智能制造，人工智能，航空航天，科学实验，数字政务,['仅展示'],
“投资中国”产业链数据集,https://dex.hubei-data.com/product/detail/839,武汉东湖大数据科技股份有限公司,面议,下载地址,气象气候，保险科技，金融科技，人工智能，智慧交通，智能制造,['仅展示'],
超高清人类恒牙牙体与根管三维形态数据集,https://dex.hubei-data.com/product/detail/838,武汉大学口腔医院（湖北省口腔医院）,面议,下载地址,智慧医疗,['仅展示'],
清言-声誉管理解决平台,,北京清博智能科技有限公司,￥10000,下载地址,应急管理，公共安全,['预售商品'],
水体遥感监测一张图,,中科星图数字地球合肥有限公司,￥0,下载地址,民生服务,['预售商品'],
耕地遥感监测一张图,,中科星图数字地球合肥有限公司,￥0,下载地址,民生服务,['预售商品'],
林地遥感监测一张图,,中科星图数字地球合肥有限公司,￥0,下载地址,民生服务，数字政务,['预售商品'],
全国建筑物遥感监测,,中科星图数字地球合肥有限公司,￥0,下载地址,数字政务，智慧城市，人工智能,['预售商品'],
湖库蓝藻水华遥感监测,,中科星图数字地球合肥有限公司,￥0,下载地址,民生服务，数字政务,['预售商品'],
亚米级位置图像编码,,中科星图数字地球合肥有限公司,￥0,下载地址,人工智能,['预售商品'],
输电线路隐患遥感监测,,中科星图数字地球合肥有限公司,￥0,下载地址,民生服务,['预售商品'],
光伏遥感监测,,中科星图数字地球合肥有限公司,￥0,下载地址,民生服务,['预售商品'],
耕地“非农非粮化”遥感监测,,中科星图数字地球合肥有限公司,￥0,下载地址,民生服务,['预售商品'],
作物种植长势遥感监测,,中科星图数字地球合肥有限公司,￥0,下载地址,民生服务,['预售商品'],
作物种植类型与面积遥感监测,,中科星图数字地球合肥有限公司,￥0,下载地址,民生服务,['预售商品'],
数据加工服务,,宜昌城市大脑运营管理有限公司,￥1000,下载地址,数字政务，民生服务,['预售商品'],
鄂小问,,湖北数据集团有限公司,￥5000,下载地址,人工智能,['预售商品'],
企业四要素验证,,贵州数据宝网络科技有限公司,￥7.65,API接口,智慧交通，金融科技，智慧城市，保险科技，身份验证，数字政务,['预售商品'],
驾驶证OCR识别,,贵州数据宝网络科技有限公司,￥10.56,API接口,智慧交通，智慧城市，保险科技，身份验证，民生服务,['预售商品'],
中科通达AI城市治理系统,,武汉中科通达高新技术股份有限公司,,,,['展示推荐'],
“肾”机妙算-全球首创肾癌复发预警及精准用药平台,,华中科技大学,,,,['展示推荐'],
保标AI超级销售,,世舶科技（武汉）有限公司,,,,['展示推荐'],
数智焕新——高校建筑数字孪生智能运维与全场景服务平台领航者,,湖北大学,,,,['展示推荐'],
多源融合型农作物遥感智能测产通用解决方案,,武汉思众空间信息科技有限公司,,,,['展示推荐'],
基于多模态大模型的自主进化客服系统,,武汉天喻信息产业股份有限公司,,,,['展示推荐'],
基于大语言模型的政务服务智能交互平台建设,,联通（湖北）产业互联网有限公司,,,,['展示推荐'],
长江北斗数据治理交通信息化融合创新项目,,联通（湖北）产业互联网有限公司,,,,['展示推荐'],
基于全光谱的钙钛矿叠层电池量子级全息精密诊断技术和装备,,武汉爱疆科技有限公司,,,,['展示推荐'],
武汉市教育质量监测与评价大数据平台建设项目,,联通（湖北）产业互联网有限公司,,,,['展示推荐'],
武汉理工大学AI校长助理驱动大学治理体系重构,,武汉理工大学,,,,['展示推荐'],
缺陷秒级拦截：汽车制造中数据要素x AI视觉的实时质检增强系统,,联通（湖北）产业互联网有限公司,,,,['展示推荐'],
“天工云”助力建筑工程行业数字化转型,,中建三局信息科技有限公司,,,,['展示推荐'],
基于多模态大模型和自监督学习的高速公路表观病害数据智能标注,,中交基础设施养护集团有限公司,,,,['展示推荐'],
交通基建行业通识数据集,,中国交通信息科技集团有限公司武汉分公司,,,,['展示推荐'],
多源数据融合与AI赋能的大气污染精准治理——武汉市“蓝天卫士”数据集创新实践,,武汉市生态环境宣教中心,,,,['展示推荐'],
地铁隧道全生命周期管理数据集,,武汉精隧科技有限公司,,,,['展示推荐'],
交通基础设施多模态三维构件数据集,,中国交通信息科技集团有限公司武汉分公司,,,,['展示推荐'],
AI智慧养老顾问,,武汉大学测绘遥感信息工程全国重点实验室,,,,['展示推荐'],
武昌区人工智能大数据汇聚平台,,武汉市武昌区大数据中心,,,,['展示推荐'],
基于AI算法的 IDC 机房空调绿色节能控制系统,,中国移动通信集团湖北有限公司咸宁分公司,,,,['展示推荐'],
基于大模型的新疆棉花纤维质量数据融合平台和智能分析系统,,湖北大学,,,,['展示推荐'],
数智HR：企业管理者的全能AI助手,,湖北协同智能科技有限公司,,,,['展示推荐'],
宫颈病变人工智能辅助筛查与诊断系统（CINDA）,,武汉大学测绘遥感信息工程全国重点实验室,,,,['展示推荐'],
高性能向量数据库系统,,武汉理工大学,,,,['展示推荐'],
湖北省气象数据要素在森林防火中的创新应用,,联通（湖北）产业互联网有限公司,,,,['展示推荐'],
文明一万年·智能社会体验馆,,文明一万年（武汉）智能科技有限公司,,,,['展示推荐'],
江汉区政务体系统一网络安全运营服务项目,,联通（湖北）产业互联网有限公司,,,,['展示推荐'],
视频大模型数据集构建与资产化应用,,武汉兴图新科电子股份有限公司,,,,['展示推荐'],
楚小肴─大模型赋能楚菜文化传播与楚菜产业高质量发展,,湖北经济学院,,,,['展示推荐'],
基于地址的高质量数据集,,武汉智品堂科技有限公司,,,,['展示推荐'],
“数据要素✖人工智能”双轮驱动构建产业园区新范式,,武汉光谷联合集团有限公司,,,,['展示推荐'],
人工智能在医学装备申购论证中的应用,,武汉平纹信息技术有限公司,,,,['展示推荐'],
数链医保：基于全流程数据贯通的大模型在医保领域的融合应用,,湖北省医疗保障局医疗保障信息中心,,,,['展示推荐'],
鄂州市智慧城管AI+大数据城市治理应用实践,,鄂州市城市管理执法委员会,,,,['展示推荐'],
仙桃市暴雨灾害阈值研究,,仙桃市气象局,,,,['展示推荐'],
高质量气象数据支撑东风试车场,,襄阳市气象服务中心,,,,['展示推荐'],
云梦县文旅局“一码游”项目,,中国联合网络通信有限公司孝感市分公司,,,,['展示推荐'],
小微企业企业经营数据AI估算模型,,武汉凌禹信息科技有限公司,,,,['展示推荐'],
AI“评”百城，智“理”万象：城市文明测评新范式,,湖北经济学院,,,,['展示推荐'],
江陵5G 智驭平安信息枢纽构建工程,,联通（湖北）产业互联网有限公司,,,,['展示推荐'],
智慧医疗服务之云智眼监管平台建设,,联通（湖北）产业互联网有限公司,,,,['展示推荐'],
团风县马曹庙智慧信息化建设项目,,联通（湖北）产业互联网有限公司,,,,['展示推荐'],
天门市政数局数字政务门牌建设项目,,联通（湖北）产业互联网有限公司,,,,['展示推荐'],
武汉全域文旅执法智能协同中台项目,,武汉市文化和旅游市场综合执法支队,,,,['展示推荐'],
红安县紧密型数字医共体建设项目,,联通（湖北）产业互联网有限公司,,,,['展示推荐'],
湖北移动文旅大数据,,中移信息技术有限公司,,,,['展示推荐'],
荆州市绿色出行智慧公交建设项目(一期)——荆州公交智能化升级改造,,联通（湖北）产业互联网有限公司,,,,['展示推荐'],
工程项目建设审批管理系统,,仙桃市政务服务和大数据管理局,,,,['展示推荐'],
湖北德泰新材料有限公司数字化转型改造项目,,联通（湖北）产业互联网有限公司,,,,['展示推荐'],
湖北重装5G工业互联网平台,,联通（湖北）产业互联网有限公司,,,,['展示推荐'],
安陆市金禄科技有限公司5G专网项目,,联通（湖北）产业互联网有限公司,,,,['展示推荐'],
工业互联网标识解析二级节点,,仙桃市政务服务和大数据管理局,,,,['展示推荐'],
劲佳工业互联网平台,,劲佳科技有限公司,,,,['展示推荐'],
“互联网+监管”平台,,仙桃市政务服务和大数据管理局,,,,['展示推荐'],
仙桃市智慧党校项目,,仙桃市政务服务和大数据管理局,,,,['展示推荐'],
汉川捷安5G+AI 人员行为识别项目,,联通（湖北）产业互联网有限公司,,,,['展示推荐'],
武汉市城市运行一体化管理平台,,武汉市城市运行管理中心,,,,['展示推荐'],
咸宁市12345热线升级,,中国电信股份有限公司咸宁分公司,,,,['展示推荐'],
“数字汉粮”信息化项目,,武汉市蔡储粮食储备有限公司,,,,['展示推荐'],
咸宁市发改委重大项目监控项目,,中国电信股份有限公司咸宁分公司,,,,['展示推荐'],
孝感市数字乡村治理平台项目,,联通（湖北）产业互联网有限公司,,,,['展示推荐'],
基于 5G 专网与数据要素驱动的小米智能制造全连接工厂示范项目,,中移建设有限公司,,,,['展示推荐'],
AI工业产品外观缺陷检测系统,,宜昌既济数能集团有限公司,,,,['展示推荐'],
孝感麻糖米酒智慧工厂项目,,联通（湖北）产业互联网有限公司,,,,['展示推荐'],
光谷慧眼：数智孪生驱动立体防控感知网,,中移系统集成有限公司,,,,['展示推荐'],
数字赋能·IP活化：打造沉浸式实景剧本智游街区,,汉江师范学院,,,,['展示推荐'],
孝感市区域医疗建设项目,,联通（湖北）产业互联网有限公司,,,,['展示推荐'],
数据引领社区变革，智慧创造未来价值 ——以数据要素驱动变革，智能治理开启未来新篇章,,安陆市政务服务和大数据管理局,,,,['展示推荐'],
智绘地质安全：三峡库首多源监测数据赋能地质灾害空天地一体化预警体系,,宜昌市自然资源和城乡建设局,,,,['展示推荐'],
面向离散制造业的数字制造综合管理平台,,湖北微钉科技有限公司,,,,['展示推荐'],
城乡道路客运一体化综合出行服务,,武汉斯艾特科技股份有限公司,,,,['展示推荐'],
咸安区基层数据治理一套表平台服务项目,,联通（湖北）产业互联网有限公司,,,,['展示推荐'],
荆门市生态环境局环保企业画像,,荆门数来信息技术有限公司,,,,['展示推荐'],
智慧实验室安全管控云平台,,耀客明道物联网（武汉）有限公司,,,,['展示推荐'],
破除数据孤岛-黄石城市大脑重构智慧应急数据链,,黄石市国投数字产业集团有限公司,,,,['展示推荐'],
BIM数据助力商业转型项目,,荆门智城数据服务有限公司,,,,['展示推荐'],
城市模拟系统——城市决策的数智化依据,,中国工商银行股份有限公司十堰分行,,,,['展示推荐'],
基于多模态交互的下一代AI数字阅读平台创新与应用,,湖北中文在线数字出版有限公司,,,,['展示推荐'],
大畈镇数字乡镇项目,,中国联合网络通信有限公司咸宁市分公司,,,,['展示推荐'],
MES生产管理系统项目,,荆门智城数据服务有限公司,,,,['展示推荐'],
公共资源交易系统建设项目,,仙桃市政务服务和大数据管理局,,,,['展示推荐'],
仙桃市城市数字公共基础设施建设项目,,仙桃市政务服务和大数据管理局,,,,['展示推荐'],
大冶市数字档案馆建设项目,,大冶市档案馆,,,,['展示推荐'],
赤壁成品油综合监管云平台项目,,中国移动通信集团湖北有限公司咸宁分公司,,,,['展示推荐'],
数公基平台数据要素X城市部件监控及维护,,荆门智城数据服务有限公司,,,,['展示推荐'],
基于 AI 技术的高精度摄像模组外观检测系统的研发,,湖北三赢兴光电科技股份有限公司,,,,['展示推荐'],
能碳数字化综合智慧平台支撑绿色低碳转型发展,,湖北零碳能源科技有限公司,,,,['展示推荐'],
融合气象农业大数据，助力农业防灾减灾能力提升,,湖北省气候中心,,,,['展示推荐'],
楚珍数藏·智游孝乡 ——古籍数字资产与文旅数据融合应用平台,,湖北省捌零壹网络空间安全科技研究院,,,,['展示推荐'],
京山市一网统管建设,,荆门软通智慧科技有限公司,,,,['展示推荐'],
基于数据要素的车辆租赁,,罗田县丰源资产经营有限公司,,,,['展示推荐'],
“互联网+监管”平台,,黄冈市政务服务中心,,,,['展示推荐'],
孝感市惠民惠企政策服务平台,,江苏风云科技服务有限公司,,,,['展示推荐'],
咸宁市公共数据授权运营平台项目,,中移系统集成有限公司,,,,['展示推荐'],
未来社区：以小切口撬动大智慧,,中移系统集成有限公司,,,,['展示推荐'],
孝感市工业经济数据分析平台,,孝感市大数据中心,,,,['展示推荐'],
数据赋能保障性租赁住房精准供给与管理,,罗田县丰源资产经营有限公司,,,,['展示推荐'],
数据赋能城市数智化治理,,孝感市大数据中心,,,,['展示推荐'],
城乡公交客运服务一体化调度管理平台,,湖北中安星科技有限公司,,,,['展示推荐'],
咸宁120院前急救指挥调度系统,,中国电信股份有限公司咸宁分公司,,,,['展示推荐'],
赤壁市基层社会治理平台“有呼壁应”小程序,,赤壁市政务服务和大数据管理局,,,,['展示推荐'],
基于马斯洛需求层次理论探讨智能微表情的发生机制,,湖北省天空智能科技有限责任公司,,,,['展示推荐'],
咸宁市消防救援支队指挥调度系统升级改造项目,,中国电信股份有限公司咸宁分公司,,,,['展示推荐'],
黄石市城市智慧停车管理平台项目,,联通（湖北）产业互联网有限公司,,,,['展示推荐'],
采用现代信息技术 打造酒文旅轻应用,,湖北省天杉酒业有限责任公司,,,,['展示推荐'],
通城县智慧城管建设工程项目,,中国电信股份有限公司咸宁分公司,,,,['展示推荐'],
孝感市智慧城市运行一体化管控与服务创新平台,,孝感市大数据中心,,,,['展示推荐'],
创业担保贷款线上服务平台,,中国联合网络通信有限公司咸宁市分公司,,,,['展示推荐'],
咸宁市公共卫生重大疫情信息平台项目,,中国电信股份有限公司咸宁分公司,,,,['展示推荐'],
商品防伪溯源管理系统,,湖北创享信息技术有限公司,,,,['展示推荐'],
随州市供应链金融服务平台,,随州市金融控股（集团）有限公司,,,,['展示推荐'],
咸宁市“停车场数据中台”项目,,湖北省灵醒云科技有限公司,,,,['展示推荐'],
大冶市企业一体化服务平台项目,,武汉锐杰科技发展有限公司,,,,['展示推荐'],
监理行业大数据智能化应用管理系统 —— 星智汇的构建与智能服务升级,,星极(武汉)科技有限公司,,,,['展示推荐'],
丹江口市文物监管平台,,丹江口市博物馆,,,,['展示推荐'],
国有资产智能盘点与动态监测,,罗田县丰源资产经营有限公司,,,,['展示推荐'],
基于湖北交投电子采购平台系统，提供采购全场景智能项目决策依据,,湖北华通工程咨询有限公司,,,,['展示推荐'],
统一预约便民服务平台,,黄冈数产建设有限公司,,,,['展示推荐'],
密斋康养管,,罗田县丰源资产经营有限公司,,,,['展示推荐'],
基于数据驱动的绿色公路碳核算系统集成解决方案,,湖北经济学院,,,,['展示推荐'],
独输一智——智能化输液控制系统,,湖北医药学院,,,,['展示推荐'],
荆楚智治·通山范式——“五个一”政法综治数智中枢,,中国移动通信集团湖北有限公司咸宁分公司,,,,['展示推荐'],
医疗健康数据助力保险核保项目,,荆门市智慧城市建设运营有限公司,,,,['展示推荐'],
城市治理案例之数据赋能全域指挥调度平台的创新路径,,浪潮智慧城市科技有限公司,,,,['展示推荐'],
基于电力物资(设备)供应驱动全产业运营,,湖北华中电力科技开发有限责任公司,,,,['展示推荐'],
流量计大数据与数字化分析,,国家石油天然气管网集团有限公司西气东输分公司,,,,['展示推荐'],
黄州云政务APP,,中科永为(武汉)科技有限公司黄州分公司,,,,['展示推荐'],
人工智能赋能无人机在供电行业实现自动巡检,,黄石数产人工智能科技有限公司,,,,['展示推荐'],
五情监测数据要素及应用,,荆州职业技术学院,,,,['展示推荐'],
厨房燃烧净化烹饪系统的应用,,湖北桉邦科技发展有限公司,,,,['展示推荐'],
智慧团风公共安全视频监控建设项目,,中国电信股份有限公司团风分公司,,,,['展示推荐'],
黄冈市一体化政务大数据平台,,黄冈市数据中心,,,,['展示推荐'],
“数智恐龙园”文旅创新项目,,卓谨信息科技（常州）有限公司,,,,['展示推荐'],
十堰城区智慧渣土监管服务平台,,十堰日报传媒集团有限公司,,,,['展示推荐'],
醉媒十堰 —— 十堰乡村文旅资源数字化运营赋能计划,,湖北汽车工业学院,,,,['展示推荐'],
基于密态计算技术搭建医疗保障行业可信数据空间,,浙江蚂蚁密算科技有限公司,,,,['展示推荐'],
成品油管理云平台创新监管新手段,,中移系统集成有限公司,,,,['展示推荐'],
智慧水务5G+ 筑牢农村饮水防线,,中移系统集成有限公司,,,,['展示推荐'],
未来视界：5G寄递物流智能监控矩阵,,中移系统集成有限公司,,,,['展示推荐'],
建筑质量隐患识别大模型赋能高质量建造,,中建三局信息科技有限公司,,,,['展示推荐'],
智慧停车,,罗田县丰源资产经营有限公司,,,,['展示推荐'],
黄冈市智慧金融服务平台,,黄冈数产建设有限公司,,,,['展示推荐'],
咸宁市金融供应链平台,,联通（湖北）产业互联网有限公司,,,,['展示推荐'],
肥比寻常——小分子硅钛耕壤提质引领者,,星启塔农业科技（恩施州）有限公司,,,,['展示推荐'],
5G智慧能耗监管 助力厂区双碳提升,,中移系统集成有限公司,,,,['展示推荐'],
5G赋能智慧园区 深挖数据价值 构筑安全生产管控新体系,,中移系统集成有限公司,,,,['展示推荐'],
湖北省联社“科技型企业知识价值信用贷”创新方案,,湖北省农村信用社联合社,,,,['展示推荐'],
5G+智慧旅游,,联通（湖北）产业互联网有限公司,,,,['展示推荐'],
AI大数据保险反欺诈项目,,中国平安财产保险股份有限公司湖北分公司,,,,['展示推荐'],
采茶烹茗-武当山茶非遗制茶工艺体验VR,,湖北堰龙马动漫科技股份有限公司,,,,['展示推荐'],
十堰市丹江口库区水质智慧监管体系建设项目,,联通（湖北）产业互联网有限公司,,,,['展示推荐'],
十堰市快递物流产业园智慧园区管理系统建设项目,,联通（湖北）产业互联网有限公司,,,,['展示推荐'],
孝南区公务用车监管平台,,联通（湖北）产业互联网有限公司,,,,['展示推荐'],
医院医用耗材UDI全链条追溯管理系统,,襄阳市第一人民医院（襄阳市肿瘤医院）,,,,['展示推荐'],
数字化运营管理系统,,中国重汽集团湖北华威专用汽车有限公司,,,,['展示推荐'],
汉南区测绘地理信息数据一张图系统,,武汉市汉南区勘察测量队,,,,['展示推荐'],
房县教育技术装备保障中心云桌面建设项目,,中国电信股份有限公司房县分公司,,,,['展示推荐'],
以环责险模式为落地场景的生态环境公共数据流通创新案例,,荆门市智慧城市建设运营有限公司,,,,['展示推荐'],
双跨工业互联网平台,,国投融合（黄石）科技有限公司,,,,['展示推荐'],
文生文,,武汉恒润科技信息有限公司,,,,['展示推荐'],
联达医共体智能监护系统：人工智能赋能的多参数无线监测与数据共享平台,,武汉瑞铭斯科技有限公司,,,,['展示推荐'],
通山智慧派出所一键报警项目,,中国电信股份有限公司通山分公司,,,,['展示推荐'],
基于垂直模型的城市交通管理与环境维护具身智能机器人关键技术,,湖北三丰小松物流技术有限公司,,,,['展示推荐'],
南漳县供销天鲜配县域生鲜集采共配生态平台,,南漳县楚创融媒体有限公司,,,,['展示推荐'],
十堰市郧阳区龙泉流域综合治理项目,,联通（湖北）产业互联网有限公司,,,,['展示推荐'],
智膳云链-大模型赋能的数字食堂智慧监管先锋,,中国移动通信集团湖北有限公司孝感分公司,,,,['展示推荐'],
智慧物流,,湖北数智城市建设运营有限公司,,,,['展示推荐'],
阳新县城区市政设施智慧化升级利用建设项目,,阳新县城市管理执法局,,,,['展示推荐'],
数字商贸,,湖北数智城市建设运营有限公司,,,,['展示推荐'],
银杏商贸消费数据服务方案,,中移系统集成有限公司,,,,['展示推荐'],
亚洲医疗集团云平台信息化项目,,联通（湖北）产业互联网有限公司,,,,['展示推荐'],
智慧文化旅游,,湖北数智城市建设运营有限公司,,,,['展示推荐'],
阳新经济开发区滨江工业园（医药化工园区）安全风险智能化管控平台,,阳新县富池镇人民政府,,,,['展示推荐'],
汉川市“无感智办”平台数据开发利用典型案列,,武汉锐杰科技发展有限公司,,,,['展示推荐'],
智慧农业,,湖北数智城市建设运营有限公司,,,,['展示推荐'],
AI赋能数据要素流通，构建产业链协同智慧中枢平台,,湖北经济学院,,,,['展示推荐'],
信息×信用“双轮驱动” 金融服务实体“提质增效”,,黄石市诚惠金融信息服务有限公司,,,,['展示推荐'],
圣水湖文旅・大模型数创运营平台,,湖北圣水湖旅游发展集团股份有限公司,,,,['展示推荐'],
垃圾分类教育及资源循环,,湖北经济学院,,,,['展示推荐'],
智慧环境保护,,湖北数智城市建设运营有限公司,,,,['展示推荐'],
智慧数字金融,,湖北数智城市建设运营有限公司,,,,['展示推荐'],
智慧医疗,,湖北数智城市建设运营有限公司,,,,['展示推荐'],
水下均州,,湖北堰龙马动漫科技股份有限公司,,,,['展示推荐'],
5G 催生清洁能源数据金矿，无人巡检打造智能运维新范式,,中移系统集成有限公司,,,,['展示推荐'],
AI智能生管,,湖北文仲信息技术有限公司,,,,['展示推荐'],
VR龙头香,,湖北堰龙马动漫科技股份有限公司,,,,['展示推荐'],
智慧城市运行一体化管控与服务创新平台,,中移系统集成有限公司,,,,['展示推荐'],
“天空地人”立体监测智慧农业平台,,武汉珈和科技有限公司,,,,['展示推荐'],
智慧工业经济运行监测平台,,联通（湖北）产业互联网有限公司,,,,['展示推荐'],
华旦机械“云链智造”——5G+仓储云平台引领的制造业数字化转型实践,,联通（湖北）产业互联网有限公司,,,,['展示推荐'],
用时序数据的AI技术落地工业智能,,武汉天启云数智能技术有限公司,,,,['展示推荐'],
翼耕未来——基于智能合约的无人机精准助农平台,,湖北经济学院,,,,['展示推荐'],
数据要素赋能咖啡企业韧性提升解决方案,,湖北经济学院,,,,['展示推荐'],
气象数据焕新随州“景区+研学”新体验,,随州市心愿开心农场有限公司,,,,['展示推荐'],
ERP平台数据赋能生产,,湖北凯力专用汽车有限公司,,,,['展示推荐'],
基于治安数据要素赋能的基础管控应用平台,,武汉众智数字技术有限公司,,,,['展示推荐'],
黄石市金融信息服务平台供应链金融模块项目（一期）,,联通（湖北）产业互联网有限公司,,,,['展示推荐'],
利川市矿山三维综合监管平台,,湖北省地质局第二地质大队,,,,['展示推荐'],
随州市城市运行管理服务平台建设项目,,联通（湖北）产业互联网有限公司,,,,['展示推荐'],
大冶市民情通统一诉求处办平台,,大冶政务服务与大数据管理局,,,,['展示推荐'],
数据要素驱动的云资源智管平台,,湖北中网科技有限公司,,,,['展示推荐'],
宜城市人民医院数智化病理中心建设项目,,宜城市人民医院,,,,['展示推荐'],
东设元数工业互联网平台,,中国移动通信集团湖北有限公司十堰分公司,,,,['展示推荐'],
碳途绿程——聚焦节能减排，共创绿色校园,,湖北经济学院,,,,['展示推荐'],
电信与数字金融应用解决方案,,湖北消费金融股份有限公司,,,,['展示推荐'],
企点创AI人工智能服务平台,,湖北企点创网络科技有限公司,,,,['展示推荐'],
页岩气藏数据集建设与数据挖掘,,湖北紫东页岩气科技有限公司,,,,['展示推荐'],
基于 CT 与 AI 融合多模态数据的慢性鼻窦炎精准诊疗平台的构建,,华中科技大学同济医学院附属同济医院,,,,['展示推荐'],
随州市区域医疗数字一体化平台项目,,随州聚鑫大数据运营有限公司,,,,['展示推荐'],
智慧园区建设,,程力汽车集团股份有限公司,,,,['展示推荐'],
数据赋能防返贫监测 守牢不发生规模性返贫底线,,宜昌市农业农村信息中心,,,,['展示推荐'],
“知途”AI旅行编剧——个性化剧本杀式文旅路线生成器,,黄冈师范学院,,,,['展示推荐'],
三国赤壁古战场景区信息化提升项目,,中国移动通信集团湖北有限公司咸宁分公司,,,,['展示推荐'],
随州市智慧燃气监管平台项目,,联通（湖北）产业互联网有限公司,,,,['展示推荐'],
湖北省畜牧兽医数据要素赋能金融创新项目,,湖北省农业事业发展中心,,,,['展示推荐'],
荆门智慧城市：“一部手机游荆门”智慧文旅综合服务平台,,中移系统集成有限公司,,,,['展示推荐'],
全过程人民民主数智平台,,点亮数智（湖北）科技有限公司,,,,['展示推荐'],
孝感市成品油综合监管云平台,,北京神州龙芯科技有限公司,,,,['展示推荐'],
十堰科技研学体验中心,,十堰大数据运营有限公司,,,,['展示推荐'],
无人机边缘云盒——配网智能巡检新技术应用项目,,国网浙江省电力有限公司杭州市临平区供电公司,,,,['展示推荐'],
擎动县域健康升级，构筑百万人口数据驱动新动脉,,中移系统集成有限公司,,,,['展示推荐'],
公路隧道一体化智慧管控平台,,陕西瑞亚智能技术有限公司,,,,['展示推荐'],
阳新县智慧停车管理运营项目,,阳新县城市管理执法局,,,,['展示推荐'],
宫颈细胞多模态大数据AI辅助诊断平台,,武汉兰丁云医学检验实验室有限公司,,,,['展示推荐'],
政务知识管理与应用平台,,湖北金山云数字技术有限公司,,,,['展示推荐'],
数据要素驱动中小流域防汛应急多跨协同作战,,武汉中地云申科技有限公司,,,,['展示推荐'],
出版行业垂直大模型AIGC数据集生态平台,,武汉理工数字传播工程有限公司,,,,['展示推荐'],
成品油综合监管平台,,仙桃市政务服务和大数据管理局,,,,['展示推荐'],
多语高质量数据集助力多语言教育教学,,传神语联网网络科技股份有限公司,,,,['展示推荐'],
新型大容量跨时空热化学储能供热技术的应用,,西安热工研究院有限公司,,,,['展示推荐'],
新能源汽车充换电服务订单交易信息,,孝感市长兴投资有限公司,,,,['展示推荐'],
三国赤壁古战场景区信息化提升项目,,赤壁三国古战场管理有限公司,,,,['展示推荐'],
智能监测平台融合多源数据 赋能城市舆情精准治理,,湖北经济学院,,,,['展示推荐'],
智慧派出所,,中国电信股份有限公司鹤峰分公司,,,,['展示推荐'],
来凤县数字乡村平台,,来凤县政务服务和大数据管理局,,,,['展示推荐'],
众生云智能服务平台,,众创网（武汉）科技有限公司,,,,['展示推荐'],
咸丰智慧文旅数字化集成及营销推广中台项目,,奔昂科技有限公司,,,,['展示推荐'],
东西湖区平安指数系统研发项目,,联通（湖北）产业互联网有限公司,,,,['展示推荐'],
巴东县医疗电子票据管理平台,,中国电信股份有限公司巴东分公司,,,,['展示推荐'],
AI视觉检测系统,,湖北汉工数实物联科技有限公司,,,,['展示推荐'],
数字文旅—玉皇山红色旅游景区推介,,湖北愚公农业旅游文化发展有限公司,,,,['展示推荐'],
城市治理案例之全域数据解码基层治理服务平台,,嘉鱼县政务服务和大数据管理局(嘉鱼县公共资源交易监督管理局),,,,['展示推荐'],
湖北航鹏化学动力数字孪生智慧工厂项目,,中移(上海)信息通信科技有限公司,,,,['展示推荐'],
随州市三医协同数智便民平台,,随州市医疗保障局,,,,['展示推荐'],
黄陂区市政道路路内停车泊位有偿使用项目,,联通（湖北）产业互联网有限公司,,,,['展示推荐'],
“绿水青山就是金山银山”-湖北七姊妹山国家级自然保护区5G科研监测系统建设项目,,联通（湖北）产业互联网有限公司,,,,['展示推荐'],
武汉XX公安局5G单警音视频执法记录仪采购及无感盘查平台建设项目,,联通（湖北）产业互联网有限公司,,,,['展示推荐'],
潜江市云综窗,,国泰新点软件股份有限公司,,,,['展示推荐'],
十堰掌上旅游地图,,十堰日报传媒集团有限公司,,,,['展示推荐'],
重返乡土 城乡共育幸福力乡村文旅体验项目,,十堰臻尊电子商务有限责任公司,,,,['展示推荐'],
"数据赋能随县智慧矿山，蹚出""数领随县之路""",,随州市大数据中心,,,,['展示推荐'],
实施新业态创新发展,,湖北同商严选食品科技有限公司,,,,['展示推荐'],
农业数据要素应用创新平台,,湖北番茄公社数字农场有限公司,,,,['展示推荐'],
AI数据平台助力大数据智能化与国产化实践,,武汉达梦数据技术有限公司,,,,['展示推荐'],
政企联动的数字化住房供应链平台,,黄石市东楚优房供应链有限公司,,,,['展示推荐'],
大冶市智慧农房全过程数字化平台,,大冶市农业农村局,,,,['展示推荐'],
宜昌城市大脑城区气象监测系统(坨子雨)信息化建设项目,,武汉华信联创技术工程有限公司,,,,['展示推荐'],
鹤境数生——黄鹤楼智慧文旅全场景创新引擎,,联通（湖北）产业互联网有限公司,,,,['展示推荐'],
恩施州数字乡村平台服务,,联通（湖北）产业互联网有限公司,,,,['展示推荐'],
ERP系统,,恩施安贝森科技服务股份有限公司,,,,['展示推荐'],
“供能卫士”—数智化园区综合供能能效诊断系统,,国网浙江省电力有限公司杭州市临平区供电公司,,,,['展示推荐'],
仙桃市公共服务管理中心（智慧大厅) 建设项目,,仙桃市政务服务和大数据管理局,,,,['展示推荐'],
大冶市智慧交通建设项目,,大冶市交通运输综合执法执法大队,,,,['展示推荐'],
仙桃市“i仙桃”系列APP项目,,仙桃市政务服务和大数据管理局,,,,['展示推荐'],
十堰市张湾区新型智慧城市低空经济配套基础设施建设项目,,中国铁塔股份有限公司十堰市分公司,,,,['展示推荐'],
猕链万数：智慧农业新引擎—以猕猴桃为钥，解锁数据要素驱动的智慧农业无限可能,,湖北省农业科学院果树茶叶研究所,,,,['展示推荐'],
智慧农业助力丘陵 水稻全产业链 高质量发展,,浠水县长福农业产业化综合服务有限公司,,,,['展示推荐'],
医院信息化建设促进医院高质量发展,,湖北省钟祥市人民医院,,,,['展示推荐'],
”数治乡云“乡村治理动态监测与决策优化平台,,湖北民族大学,,,,['展示推荐'],
武汉规划专属大模型 WPDIGPT 的开发与应用,,武汉市规划研究院（武汉市交通发展战略研究院）,,,,['展示推荐'],
奔县之旅，文物为媒——文化遗产助力竹溪县域旅游,,汉江师范学院,,,,['展示推荐'],
数基赋能·智汇乡兴:安陆市数字乡村与数公基平台的“数据基因重组”实践,,安陆市数化运行保障中心,,,,['展示推荐'],
丹江口市化工园区安全风险智能化管控平台,,南京工大环境科技有限公司,,,,['展示推荐'],
赤壁市智慧医疗建设项目,,中国联合网络通信有限公司咸宁市分公司,,,,['展示推荐'],
建始县2021年高标准农田建设物联网建设项目,,建始县农业综合开发服务中心,,,,['展示推荐'],
武当茸耀：非遗鹿产品数字化传承与共享平台,,茸耀（湖北）健康科技有限公司,,,,['展示推荐'],
基于高质量数据集群的的建筑业动态知识中枢,,湖北升思科技股份有限公司,,,,['展示推荐'],
数智健康医疗共享服务平台,,宜昌市百姓健康医疗大数据科技有限公司,,,,['展示推荐'],
浠水县新型基础设施及智慧能源大脑建设项目,,湖北数途网络科技有限公司,,,,['展示推荐'],
多源信息驱动的气象风险预警赋能长江内河水上交通安全,,湖北省气象台（长江流域气象台）,,,,['展示推荐'],
解语睿联,,湖北工程学院,,,,['展示推荐'],
磁湖智枢-黄石智慧交通中枢系统,,湖北东楚通科技有限公司,,,,['展示推荐'],
电力工程数字孪生安全管控平台,,湖北科尔斯电力有限公司,,,,['展示推荐'],
襄阳医疗健康一体化大数据平台,,东软集团（襄阳）有限公司,,,,['展示推荐'],
加快布局共享经济，推动专用车高端化发展,,宝路汽车产业（十堰）有限公司,,,,['展示推荐'],
恩施州劳动就业金融服务平台,,联通（湖北）产业互联网有限公司,,,,['展示推荐'],
激活数据要素潜能 推动中行湖北分行科技金融行稳致远,,联通（湖北）产业互联网有限公司,,,,['展示推荐'],
恩施电力气象精细化预报系统,,恩施土家族苗族自治州气象局,,,,['展示推荐'],
程力集团资产数字化系统项目,,联通（湖北）产业互联网有限公司,,,,['展示推荐'],
数智气象赋能 筑牢鄂州电网安全防线,,鄂州市气象局,,,,['展示推荐'],
郧西县河夹绿色低碳数字化新型园区科普教育基地智慧运营管理一体化平台,,郧西县鑫源工业投资开发有限公司,,,,['展示推荐'],
猇亭城市运营停车行为分析数据集,,宜昌市金城市运营管理有限公司,,,,['展示推荐'],
构建全链条智慧烟叶气象服务，赋能乡村振兴“金叶子”,,十堰市气象服务中心,,,,['展示推荐'],
气象数据助力蕲艾生产提质增效,,蕲春县气象局,,,,['展示推荐'],
平安校园,,孝感市城市运行管理中心,,,,['展示推荐'],
武昌区刑事犯罪数字地图,,湖北中科网络科技股份有限公司,,,,['展示推荐'],
共筑“人工智能+交通”产教融合基地，开创行业数据价值挖掘新范式,,湖北交通职业技术学院,,,,['展示推荐'],
数考通 —— 智能数字化考试生态平台,,湖北工程学院,,,,['展示推荐'],
大冶市数字住建项目,,大冶市住房和城乡建设局,,,,['展示推荐'],
广仁药业药品赋码追溯管控,,湖北广仁药业有限公司,,,,['展示推荐'],
AI网格员基层治理公共服务平台,,湖北江汉明珠新媒体有限公司,,,,['展示推荐'],
长江新区智能制造产业园安全生产监管平台,,联通（湖北）产业互联网有限公司,,,,['展示推荐'],
郧阳区消落地智慧监管平台,,湖北省广播电视信息网络股份有限公司郧阳支公司,,,,['展示推荐'],
天然气流量计智能配管数据应用助力天然气计量全链条数智化,,国家石油天然气管网集团有限公司西气东输分公司,,,,['展示推荐'],
随州市一体化数字住建平台,,随州市住房和城市更新信息中心,,,,['展示推荐'],
武汉智慧气象服务系统,,武汉市公共气象服务中心,,,,['展示推荐'],
气象保障，助力电网冬季冰害防御,,中国气象局武汉暴雨研究所,,,,['展示推荐'],
多源数据驱动 打造城市积涝气象服务样板,,荆州市气象局,,,,['展示推荐'],
数智气象护航计划：园区工程气象参数服务与创新,,湖北省气象服务中心,,,,['展示推荐'],
“协和·明星”超声AI大数据平台,,华中科技大学同济医学院附属协和医院,,,,['展示推荐'],
武汉华工赛百数据系统有限公司,,武汉华工赛百数据系统有限公司,,,,['展示推荐'],
“AI育种”智能体驱动的产业链数据共享平台,,武汉耘阵科技有限责任公司,,,,['展示推荐'],
"数链长江·气象智枢——基于数据要素的""气象×""多场景赋能与数商生态构建",,湖北省气象信息与技术保障中心（湖北省气象档案馆、新一代天气雷达技术支持武汉分中心）,,,,['展示推荐'],
基于国产BIM的数字营建一体化平台,,中信建筑设计研究总院有限公司,,,,['展示推荐'],
湖北省大气污染精准溯源与应对“一张图”平台应用及示范,,湖北省生态环境科学研究院,,,,['展示推荐'],
“电-碳-金融”三链数据创新服务体系,,国网湖北省电力有限公司经济技术研究院,,,,['展示推荐'],
基于数据驱动的能源数字化管理系统,,格创东智（深圳）科技有限公司,,,,['展示推荐'],
数智赋能安全生产——湖北省风险隐患监测预警体系,,湖北省应急救援中心(湖北省危险化学品登记中心、湖北省应急管理厅信息中心）,,,,['展示推荐'],
新疆能化网产融数字化平台建设,,第十一师发展改革综合服务中心,,,,['展示推荐'],
一体化算力网协同项目建设,,哈密市数字化发展局,,,,['展示推荐'],
数字化盐碱地治理,,平罗县发展和改革局,,,,['展示推荐'],
“生态云”助推林业治理现代化,,陕西省林业局,,,,['展示推荐'],
“数字敦煌”资源库平台建设,,敦煌研究院,,,,['展示推荐'],
企业信用代码核验服务模型,,湖北数据集团有限公司,,,,['展示推荐'],
省公路水运工程监理企业信用评价模型,,杭州数梦工场科技有限公司,,,,['展示推荐'],
第一类医疗器械产品备案信息查询接口服务,,湖北数据集团有限公司,,,,['展示推荐'],
全省各地区卫生机构明细查询接口服务,,湖北数据集团有限公司,,,,['展示推荐'],
药品监督抽查不合格查询接口服务,,湖北数据集团有限公司,,,,['展示推荐'],
企业清税凭证查询接口服务,,湖北数据集团有限公司,,,,['展示推荐'],
知识产权侵权纠纷风险评估服务模型,,湖北数据集团有限公司,,,,['展示推荐'],
湖北省政府采购公告信息查询接口服务,,湖北数据集团有限公司,,,,['展示推荐'],
企业债最大兑付规模信息查询接口服务,,湖北数据集团有限公司,,,,['展示推荐'],
金融机构反洗钱可疑交易监测模型,,湖北数据集团有限公司,,,,['展示推荐'],
期货公司分类评价模型,,湖北数据集团有限公司,,,,['展示推荐'],
医保目录价格查询接口服务,,湖北数据集团有限公司,,,,['展示推荐'],
环保法规遵从性审查服务接口,,湖北数据集团有限公司,,,,['展示推荐'],
政府采购严重违法失信名单查询接口服务,,湖北数据集团有限公司,,,,['展示推荐'],
境内上市公司信息查询接口服务,,湖北数据集团有限公司,,,,['展示推荐'],
在线教育平台教学质量评价模型,,湖北数据集团有限公司,,,,['展示推荐'],
企业安全生产风险评估模型,,湖北数据集团有限公司,,,,['展示推荐'],
国内水路运输经营许可证接口查询服务,,杭州数梦工场科技有限公司,,,,['展示推荐'],
绿色物流发展指数模型,,杭州数梦工场科技有限公司,,,,['展示推荐'],
道路客运班线经营许可证接口查询服务,,杭州数梦工场科技有限公司,,,,['展示推荐'],
临时涉航建筑物许可准予行政许可决定书查询接口服务,,杭州数梦工场科技有限公司,,,,['展示推荐'],
物流景气指数模型,,杭州数梦工场科技有限公司,,,,['展示推荐'],
空气质量指数监测与预警系统,,杭州数梦工场科技有限公司,,,,['展示推荐'],
网约出租汽车经营许可证查询服务,,杭州数梦工场科技有限公司,,,,['展示推荐'],
全市常驻人口信息分析模型,,湖北数据集团有限公司,,,,['展示推荐'],
校外培训机构“白、灰、黑”名单接口查询服务,,湖北数据集团有限公司,,,,['展示推荐'],
智慧农业精准种植模型,,湖北数据集团有限公司,,,,['展示推荐'],
突发异常气象信息推送模型,,湖北数据集团有限公司,,,,['展示推荐'],
数字洱海监管服务平台建设,,大理白族自治州洱海管理局,,,,['展示推荐'],
围绕“东数西算”打造智算高地,,贵州省大数据发展管理局,,,,['展示推荐'],
四川云教：数字化教育新启航,,四川省教育信息化与大数据中心,,,,['展示推荐'],
“渝快办”政务服务一网通办,,重庆市人民政府办公厅,,,,['展示推荐'],
“剑网”行动强化网络版权保护,,国家版权局,,,,['展示推荐'],
企业税务信息详情查询接口,,湖北数据集团有限公司,,,,['展示推荐'],
查询发票详情接口,,湖北数据集团有限公司,,,,['展示推荐'],
企业税票授权链接获取接口,,湖北数据集团有限公司,,,,['展示推荐'],
企业近3年经营状况指标,,湖北数据集团有限公司,,,,['展示推荐'],
企业近2年经营状况指标,,湖北数据集团有限公司,,,,['展示推荐'],
企业近1年经营状况指标,,湖北数据集团有限公司,,,,['展示推荐'],
小微企业征信报告,,湖北数据集团有限公司,,,,['展示推荐'],
保险智能理赔服务,,湖北数据集团有限公司,,,,['展示推荐'],
就业推荐模型,,湖北数据集团有限公司,,,,['展示推荐'],
用工背调报告查询接口服务,,湖北数据集团有限公司,,,,['展示推荐'],
精准云网夯实大冶铁矿智能化,,中国移动通信集团湖北有限公司黄石分公司,,,,['展示推荐'],
建设天地一体“数公基”，“5G+北斗”赋能麻城新质生产力,,中国电信股份有限公司黄冈分公司,,,,['展示推荐'],
打造内陆开放“新沿海”，5G助力长江内河智慧港口迈上新台阶,,中国电信荆州分公司,,,,['展示推荐'],
5G+AI行为管理，重新定义注塑行业无尘车间卫生标准,,汉川杰安塑料科技有限公司,,,,['展示推荐'],
麻城首家5G全连接工厂，赋能机电行业数智化转型,,中国移动通信集团湖北有限公司黄冈分公司,,,,['展示推荐'],
让城市“更聪明”，从细分场景助力智慧城市建设,,中国移动通信集团湖北有限公司孝感分公司,,,,['展示推荐'],
远程操控、AI质检——食品工厂里的5G黑科技,,中国联合网络通信有限公司武汉市分公司,,,,['展示推荐'],
5G+车载终端，助力襄阳提升城市交通运营能力,,中国联合网络通信有限公司湖北省分公司,,,,['展示推荐'],
走进双5G智慧工厂，四大板块解决企业痛点问题,,武汉光迅科技股份有限公司,,,,['展示推荐'],
基于5G-A以及AI算法构建新型智慧工厂,,湖北新业烟草薄片开发有限公司,,,,['展示推荐'],
打造海南数据要素开发利用新模式,,海南省大数据管理局,,,,['展示推荐'],
中国-东盟跨境征信服务平台建设,,广西联合征信有限公司,,,,['展示推荐'],
“数字湾区”建设,,广东省政务服务和数据管理局,,,,['展示推荐'],
建设智慧工厂 实现“智造”升级,,湘潭市数据局,,,,['展示推荐'],
供应链物流数据资源体系建设与应用,,湖北省数据局,,,,['展示推荐'],
数字化盾构工厂智慧管理平台,,河南省发展改革委（河南省数据局）,,,,['展示推荐'],
推动健康医疗数据价值实现,,山东健康医疗大数据管理中心,,,,['展示推荐'],
“两山”转化智能综合服务平台建设,,抚州市政务服务和数据局,,,,['展示推荐'],
升级“闽政通” 深化政务服务“掌上办”,,福建省数据局,,,,['展示推荐'],
合肥量子城域网建设,,合肥市信息中心,,,,['展示推荐'],
一体化智能化公共数据平台建设,,浙江省数据局,,,,['展示推荐'],
数“绘”千年古城,,苏州国家历史文化名城保护区管理委员会,,,,['展示推荐'],
基于数据链打造农业托管智慧链,,绥化市智慧农业发展中心,,,,['展示推荐'],
一体化推进农业农村数字化转型发展,,吉林省政务服务和数字化建设管理局,,,,['展示推荐'],
钢铁流程大数据体系建设,,鞍山钢铁集团有限公司,,,,['展示推荐'],
推进政务云网建设提升治理能力现代化,,内蒙古自治区大数据中心,,,,['展示推荐'],
大数据法律监督模型应用场景体系化建设,,最高人民检察院,,,,['展示推荐'],
北京市“城市码”建设应用,,北京市政务服务和数据管理局,,,,['展示推荐'],
智慧城市大脑“双管双放”模式,,中新天津生态城数据局,,,,['展示推荐'],
水资源智能化监管体系,,河北省水利厅,,,,['展示推荐'],
医疗数据要素在保险风控中的应用,,吕梁市数据局,,,,['展示推荐'],
跨境金融服务平台建设,,国家外汇管理局科技司,,,,['展示推荐'],
数字赋能消防救援“一张图”,,国家消防救援局,,,,['展示推荐'],
“中医处方一件事”数字化改革建设,,浙江省中医药管理局,,,,['展示推荐'],
矿山安全监测预警与风险管控数智云平台建设,,矿冶科技集团有限公司,,,,['展示推荐'],
丰隽云镜货运机场数字孪生项目建设,,顺丰科技有限公司,,,,['展示推荐'],
北京大兴国际机场智慧机场建设实践,,中国民航局,,,,['展示推荐'],
互联网法院开启新时代数字中国司法新模式,,最高人民法院,,,,['展示推荐'],
国家5G新媒体平台-融媒体大数据共享服务,,中央广播电视总台,,,,['展示推荐'],
全国推广数字化电子发票,,国家税务总局,,,,['展示推荐'],
高危行业安全监管数字化转型建设,,应急管理部科技和信息化司,,,,['展示推荐'],
国家公共文化云建设,,文化和旅游部全国公共文化发展中心,,,,['展示推荐'],
“区块链+蔬菜”质量追溯创新应用,,农业农村部信息中心,,,,['展示推荐'],
数字孪生水利防汛抗旱“四预”建设,,水利部信息中心,,,,['展示推荐'],
新型基础测绘数据生产服务体系,,交通运输部东海航海保障中心上海海图中心,,,,['展示推荐'],
全国房屋建筑“数字身份证”,,住房和城乡建设部,,,,['展示推荐'],
构建自然资源三维立体“一张图”,,自然资源部,,,,['展示推荐'],
社会保障卡居民服务“一卡通”建设,,人力资源社会保障部,,,,['展示推荐'],
建设国家级互联网骨干直联点网络,,工业和信息化部信息通信管理局,,,,['展示推荐'],
中国国际贸易“单一窗口”建设,,海关总署国家口岸管理办公室,,,,['展示推荐'],
基于能源智慧观碳平台 探索“双碳”数据流通应用,,国网吉林省电力有限公司,,,,['展示推荐'],
能耗监测数据多元应用 助力政企绿色高质量发展,,云南电网有限责任公司,,,,['展示推荐'],
“大数据+数字孪生” 助力提升流域水环境监测预警水平,,四川生态环境监测总站,,,,['展示推荐'],
基于多源数据融合的能源行业数据共创空间 赋能绿色低碳发展,,广东电网有限责任公司,,,,['展示推荐'],
数据赋能能源行业绿色低碳转型,,国家电网有限公司大数据中心,,,,['展示推荐'],
跨行业数据要素融合应用 构筑铁路安全新防线,,新疆维吾尔自治区气象服务中心,,,,['展示推荐'],
数据支持自然灾害应急响应处置,,中国科学院西北生态环境资源研究院,,,,['展示推荐'],
全流程数据融合 加速中药调剂传承创新,,北京中医药大学,,,,['展示推荐'],
人工智能助力医疗健康数据融合应用 全面提升基层医疗服务能力,,讯飞医疗科技股份有限公司,,,,['展示推荐'],
多源数据省域共享 助推文旅服务提升,,江苏省数字文化智慧旅游发展中心,,,,['展示推荐'],
文旅数据共享 提升旅游目的地影响力,,甘肃省文化和旅游厅,,,,['展示推荐'],
数据资源共享 助力文物保护、艺术传承、文化推广,,敦煌研究院,,,,['展示推荐'],
汇聚优质文物数据资源 加速文化传播和文创产业发展,,故宫博物院,,,,['展示推荐'],
数据赋能稀贵金属产业发展,,云南省科学技术院,,,,['展示推荐'],
工程科技数据融合 加速工程技术创新,,中国工程院战略咨询中心,,,,['展示推荐'],
科技文献数据挖掘 助力科研效率提升和大模型训练,,中国科学院文献情报中心,,,,['展示推荐'],
搭建普惠金融综合服务平台 破解中小微企业融资难点问题,,西藏高驰征信有限责任公司,,,,['展示推荐'],
“以数补链”发展新质生产力 赋能车路云一体化产业能级提升,,浙江德清莫干山智联未来科技有限公司,,,,['展示推荐'],
能源物流数智化管理 引领危化运输新模式,,新奥能源物流有限公司,,,,['展示推荐'],
公交数智化运营助力提升市民生活品质,,重庆市公共交通控股有限公司,,,,['展示推荐'],
公路货运智慧物流数据应用 降低物流运输成本,,江苏满运软件科技有限公司,,,,['展示推荐'],
打通江海联运数据 助力航运物流降本增效,,舟山市港航和口岸管理局,,,,['展示推荐'],
海量消费数据赋能传统零售业转型升级,,山西全球蛙电子商务有限公司,,,,['展示推荐'],
多源餐饮数据实时精准服务 赋能餐饮行业数字化增效,,企迈科技有限公司,,,,['展示推荐'],
产业链数据要素应用 赋能产业协同效率提升,,国能互通内蒙古网络科技有限公司,,,,['展示推荐'],
畜牧产业大脑助推畜牧业高质量发展,,浙江省畜牧农机发展中心,,,,['展示推荐'],
伏羲农场：构建智慧农业数据底座,,中国科学院计算技术研究所,,,,['展示推荐'],
打造农业农村大数据平台 有效支撑农业强国和乡村振兴建设,,农业农村部大数据发展中心,,,,['展示推荐'],
多元数据融合 支撑空间与天文科技创新发现,,中国科学院国家空间科学中心,,,,['展示推荐'],
贯通多层级多行业生态环境数据 提升蓝藻治理水平,,合肥市生态环境局,,,,['展示推荐'],
推动数据要素创新应用 助力新能源发展及消纳,,国网新疆电力有限公司,,,,['展示推荐'],
跨层级数据贯通提升基层治理现代化水平,,烟台市大数据中心,,,,['展示推荐'],
“气象保险增值服务”赋能风电设施建设运营减损增效,,台州市气象局,,,,['展示推荐'],
跨部门气象数据共享 助力地质灾害分级预警体系建设,,四川省国土空间生态修复与地质灾害防治研究院,,,,['展示推荐'],
强化大数据应用 构建数字应急体系,,福建省电子政务建设运营有限公司,,,,['展示推荐'],
“一网统管”风险防控与应急指挥体系——以高质量数据要素推动应急管理能力提升,,广东省应急管理厅,,,,['展示推荐'],
高质量药物数据集提高新药研发质效,,北京市计算中心有限公司,,,,['展示推荐'],
医疗数据智能化分析辅助提升基层诊疗水平,,讯飞医疗科技股份有限公司,,,,['展示推荐'],
图书出版数据融合创新应用推动产业转型升级,,武汉理工数字传播工程有限公司,,,,['展示推荐'],
城市生命线安全监测监管的数据要素整合与应用,,软通智慧信息技术有限公司,,,,['展示推荐'],
自然灾害风险监测预警系统,,武汉中地云申科技有限公司,,,,['展示推荐'],
数据资源融合应用 助力文物传承保护和价值增值,,湖南省博物院,,,,['展示推荐'],
高质量化学及材料科学数据集 加速材料研发范式变革,,合肥机数量子科技有限公司,,,,['展示推荐'],
融合农业农村大数据和遥感风控数据 助力普惠金融服务,,浙江网商银行股份有限公司,,,,['展示推荐'],
多式联运数据贯通促进物流降本增效,,浙江四港联动发展有限公司,,,,['展示推荐'],
产业链数据融合应用 助力提升大宗商品流通效率,,上海钢联电子商务股份有限公司,,,,['展示推荐'],
数据要素赋能小商品数字贸易便利化,,浙江中国小商品城集团股份有限公司,,,,['展示推荐'],
多源数据融合提升稻麦重大病害监测预警能力,,江苏省互联网农业发展中心,,,,['展示推荐'],
打造工业数据空间 赋能产业链上下游发展,,四川长虹电子控股集团有限公司,,,,['展示推荐'],
数据要素驱动适应多式联运需求的运输装备协同制造,,国家能源投资集团有限公司,,,,['展示推荐'],
基于多源异构数据融合的新能源气象服务,,湖北省气象服务中心,,,,['展示推荐'],
HXGIS气象大数据云平台数据处理方案,,武汉华信联创技术工程有限公司,,,,['展示推荐'],
南水北调水源地（丹江口）水质安全保障数字化平台,,丹江口市行政审批和大数据信息中心,,,,['展示推荐'],
生态环境分区管控×流域综合治理，助力构建湖北新发展格局,,湖北省生态环境科学研究院,,,,['展示推荐'],
数据要素赋能农产品供应链创新发展,,湖北统讯智能科技有限公司,,,,['展示推荐'],
数据化实验动物管理支撑中国斑马鱼研究,,中国科学院水生生物研究所,,,,['展示推荐'],
“以用为导向”的湖北科创供应链平台,,湖北科创供应链有限公司,,,,['展示推荐'],
智慧水产养殖平台 数字化技术引领现代农业，推动乡村振兴,,中国电信股份有限公司湖北分公司,,,,['展示推荐'],
“三级链接”数据驾驶舱赋能现代大学治理,,武汉理工大学,,,,['展示推荐'],
建筑全生命周期管理PLM平台一模到底激活建筑业数据应用新动能,,中南建筑设计院股份有限公司,,,,['展示推荐'],
城市数字公共基础设施赋能城市治理精细化,,吉奥时空信息技术股份有限公司,,,,['展示推荐'],
基于信用数据共享的“先诊疗后付费”信用就医新模式,,武汉默联股份有限公司,,,,['展示推荐'],
大数据驱动的宫颈癌早期筛查技术及实践 细胞病理诊断助力提升宫颈癌筛查效率和精准度,,武汉兰丁智能医学股份有限公司,,,,['展示推荐'],
基于消化数据库的人工智能诊断系统,,武汉楚精灵医疗科技有限公司,,,,['展示推荐'],
关键数据要素实时监测与流通助力湖北省卫生监督实现数智化,,深圳市瑞健医信科技有限公司,,,,['展示推荐'],
多语言数据关键技术开发及应用助力打造语言服务行业发展新生态,,传神语联网网络科技股份有限公司,,,,['展示推荐'],
多源异构数据融合分析模型 助力碳排放行业前瞻性监管、引导社会资源流向低碳领域,,碳排放权登记结算（武汉）有限责任公司,,,,['展示推荐'],
襄阳市车联网数据赋能智慧交管引领出行“智”时代,,汉江智行科技有限公司,,,,['展示推荐'],
舱驾结合多模态数据闭环引领交通运输安全与保险业科技变革,,武汉极目智能技术有限公司,,,,['展示推荐'],
iNC-Cloud数据平台在数控装备智能制造的应用,,武汉华中数控股份有限公司,,,,['展示推荐'],
重塑光棒生产数据链驱动产业上下游工艺升级与价值共创,,烽火通信科技股份有限公司,,,,['展示推荐'],
精细治理，数据赋能文旅行业监管,,湖北数字文旅集团有限公司,,,,['展示推荐'],
鄂企通码数字赋能企业服务创新应用场景,,湖北省楚天云有限公司,,,,['展示推荐'],
低空共享无人机示范区项目案例 低空数据赋能城市治理应用、促进政府管理提质增效,,普宙科技有限公司,,,,['展示推荐'],
基于防汛防涝数据在城市运行管理中的应用,,航天科工网络信息发展有限公司,,,,['展示推荐'],
基于AIGC多模态融合的大模型研究及在新商业文旅元宇宙中的应用,,深兰科技（武汉）股份有限公司,,,,['展示推荐'],
数据要素助力港航产业链供应链企业融资赋能,,湖北港口资本有限公司,,,,['展示推荐'],
基于光栅阵列的多源数据融合感知与路网智控,,湖北交投科技发展有限公司,,,,['展示推荐'],
数字化B2B互联网平台加速产业互联推动传统产业转型和升级,,武汉易久批信息技术有限公司,,,,['展示推荐'],
扫呗智慧消费数据营销中台,,武汉利楚商务服务有限公司,,,,['展示推荐'],
基于大数据的空调AI运行节能关键技术研究及应用,,小米智能家电（武汉）有限公司,,,,['展示推荐'],
“铁水公空仓”五网数据融合赋能多式联运降低物流成本,,湖北供应链物流公共信息服务股份有限公司,,,,['展示推荐'],
基于“车路云”多源融合数据的自动驾驶安全监管与应用,,武汉车网智联测试运营管理有限公司,,,,['展示推荐'],
武当山“数字武当”项目,,武当山文化旅游发展集团有限公司,,,,['展示推荐'],
武汉气候投融资综合服务平台多源数据融合驱动绿色金融服务创新发展,,武汉双碳产业发展服务有限公司,,,,['展示推荐'],
“鄂融通”中小微企业信用评分体系项目,,中国建设银行股份有限公司湖北省分行,,,,['展示推荐'],
“严选商城”—建筑施工企业一站式电商化交易平台,,中建三局云采供应链有限公司,,,,['展示推荐'],
纺织服装供应链平台助力产业能级提升,,湖北华纺供应链有限公司,,,,['展示推荐'],
基于数据驱动的全流程水泥低碳智能生产平台,,华新水泥技术管理(武汉)有限公司,,,,['展示推荐'],
宜昌运管服平台赋能“宜接就办”处置城市事件,,宜昌市城市运行管理中心,,,,['展示推荐'],
城市数字孪生操作系统,,武汉云计算科技有限公司,,,,['展示推荐'],
基于工业互联网+区块链的医联体新型个人健康医疗数据开放共享提升患者服务主动便捷,,华中科技大学同济医学院附属协和医院,,,,['展示推荐'],
基于多点触发机制的大型医院重大突发公共卫生事件主动监测预警系统,,华中科技大学同济医学院附属同济医院,,,,['展示推荐'],
湖北文旅产业监管决策平台,,湖北聚游科技有限公司,,,,['展示推荐'],
基于数据驱动的工厂数字孪生仿真优化系统,,武汉华工赛百数据系统有限公司,,,,['展示推荐'],
北斗农机数据采集及其智慧化应用服务,,湖北地信科技集团股份有限公司,,,,['展示推荐'],
畜禽无害化处理监管与养殖业保险联动平台在金融服务领域的实践,,武汉至为科技有限公司,,,,['展示推荐'],
