aiModelInfo,algorithmDescription,apiInfo,apiValue,applicationScenario,applyAt,approvalLabel,areaCode,auditRemark,auditStatus,billingSpecification,briefIntroduction,companyName,contactPhone,createdAt,currentOpUserId,dimiDataInfo,domain,gaomiInfo,id,industryCategory,isPreOrder,mainImage,modelUsageMethod,operatorAt,operatorId,operatorName,orderCount,price,productAdvantages,productAttachment,productAttachments,productCategory,productDescription,productName,productPrice,productServiceIntro,productType,productValidity,productZone,provinceCode,registrationId,registrationStatus,relateUserAssetId,relateUserAssetOuterId,serviceProvider,serviceRatio,serviceType,shelfTime,status,updatedAt,uploadAuthFile,userId,username,waitApprover
,,,,,2024-12-17 21:47:48,,620100,,APPROVED,1,图南普智一体算力调度平台定位于算力运营的基础设施和算力流量的关口，以天翼云作为能力底座，构建智网+灵云+安全运营模式，形成七类核心产品线，平台提供云、网、数、智、安等多要素为一体的融合性服务能力，通过开展算力感知、算力调度、算力交易、算力编排、算力监管等核心能力建设，实现高效云间互联和不同厂家、不同地区不同技术架构的算力汇聚，整合优质模型、数据集等知识库与底层异构GPU算力深度融合，贯穿智算服务的全生命周期，为用户提供一键入云、跨域部署等服务体验，围绕供需双方需求，推进以算力为基础的云、大数据、AI运营工作落地，切实打造普惠、泛在的普智一体算力调度平台，实现算力同水、电、燃气一样成为社会级服务。,中电万维信息技术有限责任公司,,2024-11-14 17:15:11,,,,,PD24111417151120208,TELECOM,False,http://img.gsdep.cn/default-bucket/2024/11/14/2ff1500b-7b31-45a5-b81b-3c406495190e_20241114171411A228.jpg,,2024-12-17 21:48:03,OP203406,,3,0.0,,"{""other"": [], ""safety"": [], ""sample"": []}","{""sample"":[],""safety"":[],""other"":[]}",,,“图南”普智一体算力调度平台,0.00,"<p style=""text-indent: 22pt; text-align: left;""><span style=""color: rgb(0, 0, 0); font-family: 宋体;"">1.通过平台，提供云、网、数、智、安等多要素融合性服务能力，实现从算力注册、纳管、交易、编排、调度及监管等环节的全流程闭环服务体系，为用户提供一键入云、跨域部署等服务体验。</span></p><p style=""text-indent: 22pt; text-align: left;""><span style=""color: rgb(0, 0, 0); font-family: 宋体;"">2.通过平台，依据用户需求，匹配最符合用户需求的资源，各方用户不再关注资源的安全、运维等工作，精细化控制资源和用户的使用，实现降本增效</span></p>",DATA_REPORT,,SCIENTIFIC_INNOVATION,620000,,,,,中电万维信息技术有限责任公司,0%,,2024-12-18 08:59:59,ON_SHELF,2024-12-18 08:59:59,,U24102209273438906,,
,,,"{""apiUrl"":"""",""remarks"":"""",""requestFields"":[{""description"":"""",""example"":"""",""field"":""""}],""requestMethod"":""GET"",""responseFields"":[{""description"":"""",""example"":"""",""field"":""""}]}",通过大数据、人工智能与可视化等技术实现对全球范围内IPv4和IPv6地址的地理、网络、通联、漏洞、风险等七大属性解析。,2024-10-23 09:22:47,,620100,,APPROVED,2,IP归属地-离线库是将网络空间地图测绘技术与人工智能(AI）算法相结合，利用动态密度聚类算法和基于多层神经网络的IP地址定位算法，完成IP地址地理位置定位。IPv4归属地离线库是IP地址定位数据的离线数据包，分为街道级、区县级、城市级共3个版本类型，能够满足客户不同定位精度的需求。,郑州埃文科技有限公司,,2024-10-23 09:22:42,,,,,PD24102309224184704,INFORMATION_TRANSMISSION_SOFTWARE_IT_SERVICES,False,http://img.gsdep.cn/default-bucket/2024/10/23/e8c5979f-0cf3-4d86-b9b9-d00d6f76fa9e_20241023092101A030.png,,2024-10-23 09:22:57,OP203406,,2,0.01,"12年数据积累，全球全量数据，每日更新。
覆盖范围
定位覆盖全球全量数据，含所有网络设备如PC机、手机等
个性化定制
可选单区域和多区域两种区域，支持TXT格式和AWDB两种格式，同时可根据用户需求实现字段定制，并提供日、周、月、季度等数据更新定制服务。
支持语言
中文和英文","{""other"": [], ""safety"": [], ""sample"": [], ""example"": []}","{""sample"":[],""safety"":[],""example"":[],""other"":[]}",,,IP归属地,0.01,<p>43亿全量IPv4，城市级别</p><p>2^128全量IPv6，城市级别</p><p> IP历史位置聚类，去除无效范围</p><p>含运营商数据</p><p>每日更新</p>,DATASET,2026-10-31 00:00:00,SCIENTIFIC_INNOVATION,620000,,,UAS24102309201828301,,郑州埃文科技有限公司,0%,,2024-10-23 09:23:06,ON_SHELF,2024-10-23 09:23:06,,U24102308535869602,,
,,,,,2024-12-27 11:47:37,,620100,,APPROVED,1,全生命周期项目管理系统集项目管理、资源调配、风险控制、决策支持等功能于一体，覆盖项目规划、启动、执行、监控、收尾全阶段，确保项目高效、有序地推进。,中电万维信息技术有限责任公司兰州分公司,,2024-12-27 11:47:35,,,,,PD24122711473484102,SCIENCE,False,https://img.gsdep.cn/default-bucket/2024/12/27/712acef9-9c8d-4243-bf85-65cd7f2d00d5_20241227114621A040.jpg,,2024-12-30 10:46:38,OP203406,,0,0.0,,"{""registrationProof"": [{""name"": ""产品开发自证说明 甘交所.pdf"", ""url"": ""https://img.gsdep.cn/default-bucket/2024/12/27/28200939-db18-4969-8f46-82c67efd87be_20241227114730A041.pdf""}], ""other"": [], ""safety"": [], ""registrationCertificate"": [], ""sample"": []}","{""sample"":[],""safety"":[],""other"":[],""registrationProof"":[{""name"":""产品开发自证说明 甘交所.pdf"",""url"":""https://img.gsdep.cn/default-bucket/2024/12/27/28200939-db18-4969-8f46-82c67efd87be_20241227114730A041.pdf""}],""registrationCertificate"":[]}",,,全生命周期项目管理系统,0.00,<p>1.项目管理：系统提供项目计划制定、任务分配、进度跟踪等功能，确保项目按照既定目标顺利推进。</p><p>2.资源调配：系统能够监控和管理项目所需的资源，包括人力、物资、财务等，优化资源使用效率。</p><p>3.风险控制：通过风险识别、评估和缓解策略，系统帮助项目团队及时应对可能出现的风险，减少项目失败的可能性。</p><p>4.决策支持：系统收集并分析项目数据，为项目管理层提供决策依据，帮助做出更加合理和有效的决策。</p><p>5.覆盖全阶段：从项目的规划、启动、执行、监控到收尾，系统提供全程支持，确保项目的每个阶段都能得到有效管理。</p><p>6确保高效有序：通过规范化的流程和自动化工具，系统能够提高项目管理效率，降低人为错误，确保项目按照计划高效、有序地推进。</p>,DATA_REPORT,2034-12-31 00:00:00,URBAN_GOVERNANCE,620000,,,,,中电万维信息技术有限责任公司兰州分公司,0%,,2024-12-30 17:23:48,ON_SHELF,2024-12-30 17:23:48,,U24122310133945104,,
,,,,,2024-12-27 11:50:09,,620100,,APPROVED,1,"学生入学报名系统遵循“同一平台、不同入口、分级权限、共享数据”理念,从入学环节开始通过信息化手段方便学生和家长报名,对学生基础信息进行录入、分类和管理。协助学校,教育局统计学生信息,同时满足政策信息发布等需求",中电万维信息技术有限责任公司兰州分公司,,2024-12-27 11:50:07,,,,,PD24122711500711403,SCIENCE,False,https://img.gsdep.cn/default-bucket/2024/12/27/c2cba8cd-594c-4e7a-9a17-f27e0fc9cb63_20241227114901A043.jpg,,2024-12-30 10:46:34,OP203406,,0,0.0,,"{""registrationProof"": [{""name"": ""产品开发自证说明 甘交所.pdf"", ""url"": ""https://img.gsdep.cn/default-bucket/2024/12/27/a51156be-a682-45c7-86f6-d2c9c4bc6732_20241227115003A044.pdf""}], ""other"": [], ""safety"": [], ""registrationCertificate"": [], ""sample"": []}","{""sample"":[],""safety"":[],""other"":[],""registrationProof"":[{""name"":""产品开发自证说明 甘交所.pdf"",""url"":""https://img.gsdep.cn/default-bucket/2024/12/27/a51156be-a682-45c7-86f6-d2c9c4bc6732_20241227115003A044.pdf""}],""registrationCertificate"":[]}",,,学生入学报名系统,0.00,"<p>1.基础数据维护:包括家长须知、招生年龄段、报名时间段、分配学校管理员、招生人数等信息的维护。</p><p>2.生源等级划分:根据基础数据中学校和生源所在地划分的片区,在同一片区内再按有无户口、有无自购房、户口登记时间、购房时间、租房时间等条件划分等级。</p><p>3.学生信息录入:家长按学生实际情况及录取要求选择或填写基本信息,核对无误保存,打印户籍学生信息表。</p><p>4.生源审核录取:学校查看本学校的报名情况,通知学生携带材料进行现场审核,教育局按当年的招生计划人数1810.01进行录取,超过招生计划的统一调配。</p><p>5.报名服务流程:报名过程采用网上信息预审,现场资料核对的方式进行,针对家长及学校、教育局在各环节具体步骤,提供详细操作说明。</p><p>6统计与分析:对平台的数据资源从多个维度进行统计分析,形成各类报表供教育局和学校分析使用,为下一年的招生计划设置提供数据参考。</p><p><br></p>",DATA_REPORT,2034-12-31 00:00:00,SCIENTIFIC_INNOVATION,620000,,,,,中电万维信息技术有限责任公司兰州分公司,0%,,2024-12-30 17:23:49,ON_SHELF,2024-12-30 17:23:49,,U24122310133945104,,
,,,,,2024-12-27 11:38:26,,620100,,APPROVED,1,"园区管理系统建立智能化的管理平台,整合内部资源,提高企业内人、事,物及其他资源的管理,打破数据壁垒,融合各节点,构建一套适应现代化管理的综合信息平台。",中电万维信息技术有限责任公司兰州分公司,,2024-12-27 11:38:23,,,,,PD24122711382304203,SCIENCE,False,https://img.gsdep.cn/default-bucket/2024/12/27/419f76c7-9cf9-454e-ac85-c36df69cae9d_20241227113615A038.jpg,,2024-12-30 10:46:41,OP203406,,0,0.0,,"{""registrationProof"": [{""name"": ""产品开发自证说明 甘交所.pdf"", ""url"": ""https://img.gsdep.cn/default-bucket/2024/12/27/e2953494-fa0e-42ce-9e5d-473c3ff17ea9_20241227113818A039.pdf""}], ""other"": [], ""safety"": [], ""registrationCertificate"": [], ""sample"": []}","{""sample"":[],""safety"":[],""other"":[],""registrationProof"":[{""name"":""产品开发自证说明 甘交所.pdf"",""url"":""https://img.gsdep.cn/default-bucket/2024/12/27/e2953494-fa0e-42ce-9e5d-473c3ff17ea9_20241227113818A039.pdf""}],""registrationCertificate"":[]}",,,园区管理系统,0.00,"<p>1.数据管理与决策支持:集成多种传感器和物联网设备,实时采集园区内各类资源、设施和环境的数据。利用大数据可视化技术,将复杂的园区运营数据转化为直观的图表和图像,为管理者提供科学的决策支持。</p><p>2.安全防控与应总响应:自动识别异常行为并触发报警,迅速启动应急响应机制,通过集成通信、调度和指挥功能,为应急保障提供全面的信息支持和决策辅助。</p><p>4.资源优化与节能减排:提供节能建议和优化方案。实现能源的自动调控和优化分配,降低园区的能源消耗和运营成本,推动园区的绿色发展。</p><p>3.便捷服务与高效运营:整合智慧停车、智能门禁等服务,提高人员和车辆出入效率,便捷生活和工作服务。智慧办公与协同发展:提供高效的协同工作平台,通过信息共享、资源整合和协同创新等方式,提高园区办公效率和协作能力。</p>",DATA_REPORT,2034-12-31 00:00:00,URBAN_GOVERNANCE,620000,,,,,中电万维信息技术有限责任公司兰州分公司,0%,,2024-12-30 17:23:46,ON_SHELF,2024-12-30 17:23:46,,U24122310133945104,,
,,,"{""apiUrl"":""http://172.19.68.53:8888/api/saas/gateway/test/api.zqlinx.com/get"",""emails"":[""""],""headerFields"":[{""description"":"""",""example"":"""",""field"":""""}],""remarks"":"""",""requestFields"":[{""description"":"""",""example"":"""",""field"":""""}],""requestMethod"":""GET"",""responseFields"":[{""description"":"""",""example"":"""",""field"":""""}]}",政务单位内容错敏校对、企业文字审核纠错,2024-11-28 18:26:46,,620100,,APPROVED,1,"”中启联信-信速察智检分析和内容管理平台“是抖音赋能视频图片文本合规校对平台，该平台是一个集全面的内容校对、多维的统计分析、易用的检测报告、智能的内容预警于一体的自动信息化平台，是将互联网信息采集、数据挖掘和大数据处理技术应用到内容校对服务的一次颠覆性创新。
",中启联信科技集团有限公司,,2024-11-28 18:08:50,,,,,PD24112818084988108,INFORMATION_TRANSMISSION_SOFTWARE_IT_SERVICES,False,https://img.gsdep.cn/default-bucket/2024/11/28/cd2df168-3a6c-4dd7-8c3a-42109ec9ab80_20241128180728A031.png,,2024-12-02 17:21:51,OP203406,,0,0.0,"内容检测全面：涵盖文字、图片、视频，多种错误类型精准识别。
巡检范围广泛：网站及多家新媒体平台实时巡检。
技术能力强大：实时监测，视频解析及识别准确率高。
定制服务个性：支持自定义词库。
功能操作便捷：多实用功能，操作简单。
数据分析可视：直观呈现数据，满足多样需求。
文本检测精准：有效避免内容出错。
图片检测智能：多种图片类型识别，高拦截率。
视频检测高效：逐帧分析，音频识别准确率高。
发布管理高效：多平台发布，审核严格，功能丰富","{""other"": [], ""safety"": [{""name"": ""产品安全承诺书.pdf"", ""url"": ""https://img.gsdep.cn/default-bucket/2024/11/28/d9aca36e-a1dc-416c-8e44-2c35b31ad5f9_20241128182623A032.pdf""}]}","{""safety"":[{""name"":""产品安全承诺书.pdf"",""url"":""https://img.gsdep.cn/default-bucket/2024/11/28/d9aca36e-a1dc-416c-8e44-2c35b31ad5f9_20241128182623A032.pdf""}],""other"":[]}",,,中启联信-信速察智检分析和内容管理平台,0.00,<p>信速察智检是一款功能强大的视频图片文本合规校对平台，为用户提供全面、高效、智能的产品服务：<br></p><p>内容检测服务<br>多类型内容检测：支持对文字、图片、视频等多种形式的内容进行检测，涵盖了丰富的错误类型，如文字标点差错、知识性差错、内容导向风险等。<br>精准识别能力：能够准确识别涉政、暴恐、邪教、敏感等各类违规内容，确保内容的安全性和合规性。<br>持续更新迭代：检测能力不断更新，以适应不断变化的内容环境和监管要求。<br></p><p>网站巡检服务<br>全方位网站监测：对网站进行全面巡检，包括首页更新、栏目更新、全站搜索、链接检查等，确保网站内容的质量和安全。<br>实时信息抓取：能够实时抓取网站更新信息，及时发现潜在的问题。<br>问题及时预警：对发现的问题进行及时预警，帮助用户快速采取措施解决。<br></p><p>新媒体巡检服务<br>多平台覆盖：支持对微博、微信、抖音、百家号、企鹅号等多个新媒体平台的巡检，实现对用户发布内容和更新状态的全面监测。<br>高效巡查机制：利用先进的巡查监管系统，快速发现涉及敏感信息、恶意攻击、违法行为等违规内容，并返回实时监测记录。<br>风险预警与监测：对新媒体内容进行风险违规的预警和监测，帮助用户及时规避风险。<br></p><p>发布管理服务<br>多平台发布支持：支持在微信、微博、抖音等 7 大平台进行内容发布，提供矩阵账号一键群发功能，提高发布效率。<br>严格审核机制：引入三级审核机制，对发布内容进行严格把控，确保内容品质。<br>丰富的编辑功能：提供自动排版、生成长图等功能，支持实时预览发布效果，方便用户进行内容编辑和优化。<br></p><p>数据分析服务<br>可视化数据分析：以可视化的方式呈现检测量分析、检测错误分析、监测数据分类统计、账号数量统计等数据，帮助用户直观了解内容情况。<br>自定义时间跨度：用户可根据需求自定义时间跨度，进行更灵活的数据分析。<br>决策支持依据：为用户提供数据支持，帮助用户优化内容策略，做出更明智的决策。<br></p><p>自定义词库服务<br>个性化定制：用户可根据自身需求添加禁用词、敏感词、正词、错词、重点词、领导人词库等多种类型的自定义标签，实现个性化定制化文本纠错。<br>适配不同行业：能够适配不同行业的用语规则，满足不同用户的特殊需求。<br>提高检测准确性：通过自定义词库，提高文本检测的准确性和针对性。<br></p><p>转办督办服务<br>问题处理流程把控：精确把控问题处理流程，确保问题得到及时有效的解决。<br>透明化问题处理：自定义时间跨度，用户可清晰了解问题处理的进度和详情，实现透明化管理。<br>提升工作效率：帮助用户提高问题处理效率，减少因内容问题带来的风险和损失。<br></p>,API_DATA,2040-11-30 00:00:00,SCIENTIFIC_INNOVATION,620000,,,UAS24112818070937903,,中启联信科技集团有限公司,0%,,2025-03-21 17:25:57,ON_SHELF,2025-03-21 17:25:57,,U24111410095344804,,
,,,"{""apiUrl"":"""",""headerFields"":[{""description"":"""",""example"":"""",""field"":""""}],""remarks"":"""",""requestFields"":[{""description"":"""",""example"":"""",""field"":""""}],""requestMethod"":""GET"",""responseFields"":[{""description"":"""",""example"":"""",""field"":""""}]}",企业品牌管理和声誉保护、市场竞争和产品改进、客户关系管理、决策支持和战略规划、政府社情民意调查 ,2024-11-19 14:39:42,,620100,,APPROVED,1,"
 中启联信-信速察全网舆情捕捉评估系统是一款集AI , 大数据分析和文本挖掘于一体的品牌声誉管理工具，专为企业、政府 、学校 、医院等社会组织提供智能化舆情监控与管理解决方案。 ",中启联信科技集团有限公司,,2024-11-19 14:39:31,,,,,PD24111914393121002,INFORMATION_TRANSMISSION_SOFTWARE_IT_SERVICES,False,http://img.gsdep.cn/default-bucket/2024/11/19/c77d482f-ba06-4627-a16a-e82daf29e02c_20241119143429A236.jpg,,2024-11-20 16:24:45,OP203406,,0,0.0,"
 基于主流社交媒体全域数据，结合大语言模型 (LLM) 、自然语言分析 (NLP) 等AI能力加持，可助政企实现短视频舆情监测快、全、准。","{""other"": [], ""safety"": []}","{""safety"":[],""other"":[]}",,,中启联信-信速察全网舆情捕捉评估系统,0.00,"<ol><li>系统能够覆盖多渠道如社交媒体、新闻、论坛、博客等,收集不同来源舆情信息,确保获取更全面舆情数据。能够监测社交媒体、新闻站点、行业论坛等各网络平台，确保获取更全面不同类型的舆情信息。可监控文、图、视频等多样内容，提供全面舆情分析。</li><li>系统可以实时获取并及时捕捉新信息，保障用户获取最新动态。能够快速分析数据，利用自研的核心技术提取关键信息，生成报告或实时分析结果。并且可以及时发出预警，利用关键词自动报告，帮助用户及时解读并应对事件。</li><li>系统准确识别情感倾向，帮助用户了解公众态度，把握舆情发展趋势。通过OCR和ASR技术，系统识别并提取舆情信息关键词，帮助用户了解公众关注点，把握舆情核心内容和热点。确评估舆情热度和影响力，助用户了解话题关注程度和传播范围，判断事件重要性。</li></ol><p><br></p><p><br></p>",API_DATA,2030-12-31 00:00:00,SCIENTIFIC_INNOVATION,620000,,,UAS24111914335147401,,中启联信科技集团有限公司,0%,,2024-11-27 15:32:37,ON_SHELF,2024-11-27 15:32:37,,U24111410095344804,,
,,,,,2024-12-17 21:43:08,,620100,,APPROVED,1,一站式智算调度服务平台定位于构建“算力+模型+数据”的闭环的智算服务平台，承载着模型训练推理更简单、算力获取更便捷、算力使用成本更低廉等多种用户需求，面向用户提供一站式模型服务、低成本模型服务和异构算力高效调度服务。平台涵盖AI开发全流程，包含数据集、模型管理、微调训练、部署推理、本地知识库、发布行业应用等闭环功能，预置批量大模型，实现高效用户定位与定制化内容推荐，利用大规模预训练模型加速业务创新与应用部署；通过构建算力调度引擎，跨集群异地算力调度，实现多地域、多集群间计算资源的智能调度与优化配置，支持按照用户需求进行算力融合调度，全面推动AI技术的创新与应用。,中电万维信息技术有限责任公司,,2024-11-14 17:13:43,,,,,PD24111417134344207,TELECOM,False,http://img.gsdep.cn/default-bucket/2024/11/14/544657f8-22c2-4867-a97b-fdf1c42ac2d1_20241114171245A227.jpg,,2024-12-17 21:43:31,OP203406,,0,0.0,,"{""other"": [], ""safety"": [], ""sample"": []}","{""sample"":[],""safety"":[],""other"":[]}",,,“息壤”一站式智算调度服务平台,0.00,"<p style=""text-align: justify;""><span style=""color: rgb(0, 0, 0); font-family: 宋体;"">1、建成一站式智算调度服务平台，涵盖AI开发全流程，包含数据集、模型管理、微调训练、部署推理、本地知识库发布行业应用等闭环功能，通过标准API接口快速接入业务应用；</span></p><p style=""text-align: justify;""><span style=""color: rgb(0, 0, 0); font-family: 宋体;"">2、实现优质开源数据和精准模型索引，支持按照用户需求选择最优资源；建成异构算力高效调度引擎，具备单任务多种卡单任务单卡等灵活的调度策略，提供最符合用户需求的调度服务，按需计费，提供国产 + 英伟达 等主流算力，提升算力资源利用率超过20%；</span></p><p style=""text-align: justify;""><span style=""color: rgb(0, 0, 0); font-family: 宋体;"">3、创新研发国产化异构智算模组，可兼容目前主流的国产GPU，形成智算算力国产化替代方案；自研GPU加速卡应用软硬一体的创新技术，提供服务器节点间4*100G高速互联通道，提升存储iops 3倍以上。</span></p>",DATA_REPORT,,SCIENTIFIC_INNOVATION,620000,,,,,中电万维信息技术有限责任公司,0%,,2024-12-17 21:43:37,ON_SHELF,2024-12-17 21:43:37,,U24102209273438906,,
,,,,,2024-11-14 14:43:54,,620100,,APPROVED,1,水务云是以 SaaS 服务方式提供云网端数智一体化服务，旨在帮助市(县)水务局、水利局、水务集团、水厂解决监管缺数据、决策缺支持、管理缺手段等问题，实现智慧河湖、水利工程、水资源、饮水安全、水旱灾害、水土保持精细监管，提升精准监管、精准治理、智慧统筹、智慧管理能力。,中电万维信息技术有限责任公司,,2024-11-14 14:43:14,,,,,PD24111414431368603,TELECOM,False,http://img.gsdep.cn/default-bucket/2024/11/14/37f28033-fa80-43cb-9ff9-4d236fa0d764_20241114144023A224.jpg,,2024-11-14 14:44:43,OP203406,,0,0.0,,"{""other"": [], ""safety"": [], ""sample"": []}","{""sample"":[],""safety"":[],""other"":[]}",,,水务云,0.00,<p>1.“数字水务”向“智慧水务”转变需求</p><p>需要汇聚海量水务数据，接入水务监测设备，构建一张监测，网络，并实现水务业务精细化管理。</p><p>2.做厚、应用轻量，提供好用实用的水务信息化服务建设</p><p>水务云服务平台，汇聚海量水利数据，实现水利业务一图总览、统筹规划、集中管理。</p><p>3.存储及传输服务，物联网监测服务</p><p>云平台提供存储及计算服务，网络专线保证了传输的通畅性，同时，可联合合作生态，为客户提供监测服务。</p><p><br></p>,DATA_REPORT,,URBAN_GOVERNANCE,620000,,,,,中电万维信息技术有限责任公司,0%,,2024-11-14 14:44:51,ON_SHELF,2024-11-14 14:44:51,,U24102209273438906,,
,,,,,2024-11-14 14:44:01,,620100,,APPROVED,1,"“5G+智慧矿山”是利用5G、A1、云计算、大数据、移动互联网等新一代信息技术,彻底改变传统采矿方式、工作方式和管理模式,实现对人、机、料、法、环、测的全方位实时监控,变“被动监督”为“主动监管”,围绕采矿过程管理,提供过程趋势预测,提高管理信息化水平,实现互联协同、智能生产、科学管理,安全采挖。",中电万维信息技术有限责任公司,,2024-11-14 14:27:03,,,,,PD24111414270263906,TELECOM,False,http://img.gsdep.cn/default-bucket/2024/11/14/429d7805-6032-4257-9e89-20d9e2bce7f1_20241114142608A217.jpg,,2024-11-14 14:44:23,OP203406,,0,0.0,,"{""other"": [], ""safety"": [], ""sample"": []}","{""sample"":[],""safety"":[],""other"":[]}",,,智慧矿山,0.00,"<p style=""text-align: start;"">1.综合故障发生率、设备寿命、维修次数等多重因素,建立预测模型,为设备检维修、更换等提供预测,能够知识共享,智能问答。</p><p style=""text-align: start;"">2.自动生成工作日报,巡检、维保智能提醒。</p><p style=""text-align: start;"">3.结合人工经验,建立设备监测模型,超出阈值自动报警。</p>",DATA_REPORT,,INDUSTRIAL_MANUFACTURING,620000,,,,,中电万维信息技术有限责任公司,0%,,2024-11-14 14:44:57,ON_SHELF,2024-11-14 14:44:57,,U24102209273438906,,
,,,,,2024-11-14 14:43:59,,620100,,APPROVED,1,"凭借5G、云计算、AI视觉与空间计算技术,为商业综合体、零售商户及消费者精心打造AI海报ARCityWalk、MR中庭等一体化智能信息解决方案。",中电万维信息技术有限责任公司,,2024-11-14 14:29:46,,,,,PD24111414294583504,TELECOM,False,http://img.gsdep.cn/default-bucket/2024/11/14/3c4b23b7-1f1a-4d78-a7d6-36cace3f3d18_20241114142846A218.jpg,,2024-11-14 14:44:30,OP203406,,0,0.0,,"{""other"": [], ""safety"": [], ""sample"": []}","{""sample"":[],""safety"":[],""other"":[]}",,,智慧商业综合体平台,0.00,"<p style=""text-align: start;"">1.行业第一梯队的AIGC文生图算法:行业唯一支持一句话生成，唯一支持匹配文案和二次编辑的产品</p><p style=""text-align: start;"">2.国内领先的视觉算法，定位成功率99%，定位速度2s内，定位精准度50cm内，综合朝向误差小于5°</p><p style=""text-align: start;"">3.一体化智能信息解决方案，提供从AI海报到ARCityWalk、MR中庭的全方位服务，实现信息的智能化展示和交互</p><p style=""text-align: start;"">4.易于集成和扩展的平台，平台设计灵活，易于与其他系统进行集成，支持未来的技术升级和业务扩展</p>",DATA_REPORT,,COMMERCE_AND_CIRCULATION,620000,,,,,中电万维信息技术有限责任公司,0%,,2024-11-14 14:44:55,ON_SHELF,2024-11-14 14:44:55,,U24102209273438906,,
,,,,,2024-11-14 14:43:59,,620100,,APPROVED,1,"【AI智呼平台】AI智呼产品是面向政企客户群打造的新型人工智能客服产品,基于电信云网、A智能语音、大模型技术建成“智能交互、智能通知、智能分析”三大业务应用,面向政务、金融、卫健、教育、文宣等行业政企客户提供标准化智能语音SaaS服务能力,助力客户服务提质增效。",中电万维信息技术有限责任公司,,2024-11-14 14:31:45,,,,,PD24111414314505607,TELECOM,False,http://img.gsdep.cn/default-bucket/2024/11/14/3495f15b-a026-44d2-bbb5-0c804eec4176_20241114143046A220.jpg,,2024-11-14 14:44:27,OP203406,,0,0.0,,"{""other"": [], ""safety"": [], ""sample"": []}","{""sample"":[],""safety"":[],""other"":[]}",,,AI智呼平台,0.00,"<p style=""text-align: start;"">1.平台具备行业领先的自研AI语音交互引擎。基于真实对话数据,自动提取外呼场景及相关数据,构建行业外呼知识库,持续提升模型智能化；</p><p style=""text-align: start;"">2.储备政务服务、卫健、金融等行业常用场景标准模型库,可实现快速落地应用。画布式bot机器人模型搭建平台,实现场景定制补充需求快速支撑;</p><p style=""text-align: start;"">3.支持多轮复杂人机交互,语音识别率可达92%,可实现基于环境语境、话题语境、对话语境的自然语言理解;</p><p style=""text-align: start;"">4.平台云网安保障,稳定可靠:天翼云端部署,集约平台集约管控,等保二级认证,语音专线、支持高并发呼叫、专属号码;通话录音加密、客户信息脱敏机制。</p>",DATA_REPORT,,SCIENTIFIC_INNOVATION,620000,,,,,中电万维信息技术有限责任公司,0%,,2024-11-14 14:44:56,ON_SHELF,2024-11-14 14:44:56,,U24102209273438906,,
,,,,,2024-12-27 11:38:26,,620100,,APPROVED,1,"园区管理系统建立智能化的管理平台,整合内部资源,提高企业内人、事,物及其他资源的管理,打破数据壁垒,融合各节点,构建一套适应现代化管理的综合信息平台。",中电万维信息技术有限责任公司兰州分公司,,2024-12-27 11:38:23,,,,,PD24122711382304203,SCIENCE,False,https://img.gsdep.cn/default-bucket/2024/12/27/419f76c7-9cf9-454e-ac85-c36df69cae9d_20241227113615A038.jpg,,2024-12-30 10:46:41,OP203406,,0,0.0,,"{""registrationProof"": [{""name"": ""产品开发自证说明 甘交所.pdf"", ""url"": ""https://img.gsdep.cn/default-bucket/2024/12/27/e2953494-fa0e-42ce-9e5d-473c3ff17ea9_20241227113818A039.pdf""}], ""other"": [], ""safety"": [], ""registrationCertificate"": [], ""sample"": []}","{""sample"":[],""safety"":[],""other"":[],""registrationProof"":[{""name"":""产品开发自证说明 甘交所.pdf"",""url"":""https://img.gsdep.cn/default-bucket/2024/12/27/e2953494-fa0e-42ce-9e5d-473c3ff17ea9_20241227113818A039.pdf""}],""registrationCertificate"":[]}",,,园区管理系统,0.00,"<p>1.数据管理与决策支持:集成多种传感器和物联网设备,实时采集园区内各类资源、设施和环境的数据。利用大数据可视化技术,将复杂的园区运营数据转化为直观的图表和图像,为管理者提供科学的决策支持。</p><p>2.安全防控与应总响应:自动识别异常行为并触发报警,迅速启动应急响应机制,通过集成通信、调度和指挥功能,为应急保障提供全面的信息支持和决策辅助。</p><p>4.资源优化与节能减排:提供节能建议和优化方案。实现能源的自动调控和优化分配,降低园区的能源消耗和运营成本,推动园区的绿色发展。</p><p>3.便捷服务与高效运营:整合智慧停车、智能门禁等服务,提高人员和车辆出入效率,便捷生活和工作服务。智慧办公与协同发展:提供高效的协同工作平台,通过信息共享、资源整合和协同创新等方式,提高园区办公效率和协作能力。</p>",DATA_REPORT,2034-12-31 00:00:00,URBAN_GOVERNANCE,620000,,,,,中电万维信息技术有限责任公司兰州分公司,0%,,2024-12-30 17:23:46,ON_SHELF,2024-12-30 17:23:46,,U24122310133945104,,
,,,"{""apiUrl"":""http://172.19.68.53:8888/api/saas/gateway/test/api.zqlinx.com/get"",""emails"":[""""],""headerFields"":[{""description"":"""",""example"":"""",""field"":""""}],""remarks"":"""",""requestFields"":[{""description"":"""",""example"":"""",""field"":""""}],""requestMethod"":""GET"",""responseFields"":[{""description"":"""",""example"":"""",""field"":""""}]}",政务单位内容错敏校对、企业文字审核纠错,2024-11-28 18:26:46,,620100,,APPROVED,1,"”中启联信-信速察智检分析和内容管理平台“是抖音赋能视频图片文本合规校对平台，该平台是一个集全面的内容校对、多维的统计分析、易用的检测报告、智能的内容预警于一体的自动信息化平台，是将互联网信息采集、数据挖掘和大数据处理技术应用到内容校对服务的一次颠覆性创新。
",中启联信科技集团有限公司,,2024-11-28 18:08:50,,,,,PD24112818084988108,INFORMATION_TRANSMISSION_SOFTWARE_IT_SERVICES,False,https://img.gsdep.cn/default-bucket/2024/11/28/cd2df168-3a6c-4dd7-8c3a-42109ec9ab80_20241128180728A031.png,,2024-12-02 17:21:51,OP203406,,0,0.0,"内容检测全面：涵盖文字、图片、视频，多种错误类型精准识别。
巡检范围广泛：网站及多家新媒体平台实时巡检。
技术能力强大：实时监测，视频解析及识别准确率高。
定制服务个性：支持自定义词库。
功能操作便捷：多实用功能，操作简单。
数据分析可视：直观呈现数据，满足多样需求。
文本检测精准：有效避免内容出错。
图片检测智能：多种图片类型识别，高拦截率。
视频检测高效：逐帧分析，音频识别准确率高。
发布管理高效：多平台发布，审核严格，功能丰富","{""other"": [], ""safety"": [{""name"": ""产品安全承诺书.pdf"", ""url"": ""https://img.gsdep.cn/default-bucket/2024/11/28/d9aca36e-a1dc-416c-8e44-2c35b31ad5f9_20241128182623A032.pdf""}]}","{""safety"":[{""name"":""产品安全承诺书.pdf"",""url"":""https://img.gsdep.cn/default-bucket/2024/11/28/d9aca36e-a1dc-416c-8e44-2c35b31ad5f9_20241128182623A032.pdf""}],""other"":[]}",,,中启联信-信速察智检分析和内容管理平台,0.00,<p>信速察智检是一款功能强大的视频图片文本合规校对平台，为用户提供全面、高效、智能的产品服务：<br></p><p>内容检测服务<br>多类型内容检测：支持对文字、图片、视频等多种形式的内容进行检测，涵盖了丰富的错误类型，如文字标点差错、知识性差错、内容导向风险等。<br>精准识别能力：能够准确识别涉政、暴恐、邪教、敏感等各类违规内容，确保内容的安全性和合规性。<br>持续更新迭代：检测能力不断更新，以适应不断变化的内容环境和监管要求。<br></p><p>网站巡检服务<br>全方位网站监测：对网站进行全面巡检，包括首页更新、栏目更新、全站搜索、链接检查等，确保网站内容的质量和安全。<br>实时信息抓取：能够实时抓取网站更新信息，及时发现潜在的问题。<br>问题及时预警：对发现的问题进行及时预警，帮助用户快速采取措施解决。<br></p><p>新媒体巡检服务<br>多平台覆盖：支持对微博、微信、抖音、百家号、企鹅号等多个新媒体平台的巡检，实现对用户发布内容和更新状态的全面监测。<br>高效巡查机制：利用先进的巡查监管系统，快速发现涉及敏感信息、恶意攻击、违法行为等违规内容，并返回实时监测记录。<br>风险预警与监测：对新媒体内容进行风险违规的预警和监测，帮助用户及时规避风险。<br></p><p>发布管理服务<br>多平台发布支持：支持在微信、微博、抖音等 7 大平台进行内容发布，提供矩阵账号一键群发功能，提高发布效率。<br>严格审核机制：引入三级审核机制，对发布内容进行严格把控，确保内容品质。<br>丰富的编辑功能：提供自动排版、生成长图等功能，支持实时预览发布效果，方便用户进行内容编辑和优化。<br></p><p>数据分析服务<br>可视化数据分析：以可视化的方式呈现检测量分析、检测错误分析、监测数据分类统计、账号数量统计等数据，帮助用户直观了解内容情况。<br>自定义时间跨度：用户可根据需求自定义时间跨度，进行更灵活的数据分析。<br>决策支持依据：为用户提供数据支持，帮助用户优化内容策略，做出更明智的决策。<br></p><p>自定义词库服务<br>个性化定制：用户可根据自身需求添加禁用词、敏感词、正词、错词、重点词、领导人词库等多种类型的自定义标签，实现个性化定制化文本纠错。<br>适配不同行业：能够适配不同行业的用语规则，满足不同用户的特殊需求。<br>提高检测准确性：通过自定义词库，提高文本检测的准确性和针对性。<br></p><p>转办督办服务<br>问题处理流程把控：精确把控问题处理流程，确保问题得到及时有效的解决。<br>透明化问题处理：自定义时间跨度，用户可清晰了解问题处理的进度和详情，实现透明化管理。<br>提升工作效率：帮助用户提高问题处理效率，减少因内容问题带来的风险和损失。<br></p>,API_DATA,2040-11-30 00:00:00,SCIENTIFIC_INNOVATION,620000,,,UAS24112818070937903,,中启联信科技集团有限公司,0%,,2025-03-21 17:25:57,ON_SHELF,2025-03-21 17:25:57,,U24111410095344804,,
,,,"{""apiUrl"":"""",""headerFields"":[{""description"":"""",""example"":"""",""field"":""""}],""remarks"":"""",""requestFields"":[{""description"":"""",""example"":"""",""field"":""""}],""requestMethod"":""GET"",""responseFields"":[{""description"":"""",""example"":"""",""field"":""""}]}",企业品牌管理和声誉保护、市场竞争和产品改进、客户关系管理、决策支持和战略规划、政府社情民意调查 ,2024-11-19 14:39:42,,620100,,APPROVED,1,"
 中启联信-信速察全网舆情捕捉评估系统是一款集AI , 大数据分析和文本挖掘于一体的品牌声誉管理工具，专为企业、政府 、学校 、医院等社会组织提供智能化舆情监控与管理解决方案。 ",中启联信科技集团有限公司,,2024-11-19 14:39:31,,,,,PD24111914393121002,INFORMATION_TRANSMISSION_SOFTWARE_IT_SERVICES,False,http://img.gsdep.cn/default-bucket/2024/11/19/c77d482f-ba06-4627-a16a-e82daf29e02c_20241119143429A236.jpg,,2024-11-20 16:24:45,OP203406,,0,0.0,"
 基于主流社交媒体全域数据，结合大语言模型 (LLM) 、自然语言分析 (NLP) 等AI能力加持，可助政企实现短视频舆情监测快、全、准。","{""other"": [], ""safety"": []}","{""safety"":[],""other"":[]}",,,中启联信-信速察全网舆情捕捉评估系统,0.00,"<ol><li>系统能够覆盖多渠道如社交媒体、新闻、论坛、博客等,收集不同来源舆情信息,确保获取更全面舆情数据。能够监测社交媒体、新闻站点、行业论坛等各网络平台，确保获取更全面不同类型的舆情信息。可监控文、图、视频等多样内容，提供全面舆情分析。</li><li>系统可以实时获取并及时捕捉新信息，保障用户获取最新动态。能够快速分析数据，利用自研的核心技术提取关键信息，生成报告或实时分析结果。并且可以及时发出预警，利用关键词自动报告，帮助用户及时解读并应对事件。</li><li>系统准确识别情感倾向，帮助用户了解公众态度，把握舆情发展趋势。通过OCR和ASR技术，系统识别并提取舆情信息关键词，帮助用户了解公众关注点，把握舆情核心内容和热点。确评估舆情热度和影响力，助用户了解话题关注程度和传播范围，判断事件重要性。</li></ol><p><br></p><p><br></p>",API_DATA,2030-12-31 00:00:00,SCIENTIFIC_INNOVATION,620000,,,UAS24111914335147401,,中启联信科技集团有限公司,0%,,2024-11-27 15:32:37,ON_SHELF,2024-11-27 15:32:37,,U24111410095344804,,
,,,,,2024-12-17 21:43:08,,620100,,APPROVED,1,一站式智算调度服务平台定位于构建“算力+模型+数据”的闭环的智算服务平台，承载着模型训练推理更简单、算力获取更便捷、算力使用成本更低廉等多种用户需求，面向用户提供一站式模型服务、低成本模型服务和异构算力高效调度服务。平台涵盖AI开发全流程，包含数据集、模型管理、微调训练、部署推理、本地知识库、发布行业应用等闭环功能，预置批量大模型，实现高效用户定位与定制化内容推荐，利用大规模预训练模型加速业务创新与应用部署；通过构建算力调度引擎，跨集群异地算力调度，实现多地域、多集群间计算资源的智能调度与优化配置，支持按照用户需求进行算力融合调度，全面推动AI技术的创新与应用。,中电万维信息技术有限责任公司,,2024-11-14 17:13:43,,,,,PD24111417134344207,TELECOM,False,http://img.gsdep.cn/default-bucket/2024/11/14/544657f8-22c2-4867-a97b-fdf1c42ac2d1_20241114171245A227.jpg,,2024-12-17 21:43:31,OP203406,,0,0.0,,"{""other"": [], ""safety"": [], ""sample"": []}","{""sample"":[],""safety"":[],""other"":[]}",,,“息壤”一站式智算调度服务平台,0.00,"<p style=""text-align: justify;""><span style=""color: rgb(0, 0, 0); font-family: 宋体;"">1、建成一站式智算调度服务平台，涵盖AI开发全流程，包含数据集、模型管理、微调训练、部署推理、本地知识库发布行业应用等闭环功能，通过标准API接口快速接入业务应用；</span></p><p style=""text-align: justify;""><span style=""color: rgb(0, 0, 0); font-family: 宋体;"">2、实现优质开源数据和精准模型索引，支持按照用户需求选择最优资源；建成异构算力高效调度引擎，具备单任务多种卡单任务单卡等灵活的调度策略，提供最符合用户需求的调度服务，按需计费，提供国产 + 英伟达 等主流算力，提升算力资源利用率超过20%；</span></p><p style=""text-align: justify;""><span style=""color: rgb(0, 0, 0); font-family: 宋体;"">3、创新研发国产化异构智算模组，可兼容目前主流的国产GPU，形成智算算力国产化替代方案；自研GPU加速卡应用软硬一体的创新技术，提供服务器节点间4*100G高速互联通道，提升存储iops 3倍以上。</span></p>",DATA_REPORT,,SCIENTIFIC_INNOVATION,620000,,,,,中电万维信息技术有限责任公司,0%,,2024-12-17 21:43:37,ON_SHELF,2024-12-17 21:43:37,,U24102209273438906,,
,,,,,2024-11-14 14:43:54,,620100,,APPROVED,1,水务云是以 SaaS 服务方式提供云网端数智一体化服务，旨在帮助市(县)水务局、水利局、水务集团、水厂解决监管缺数据、决策缺支持、管理缺手段等问题，实现智慧河湖、水利工程、水资源、饮水安全、水旱灾害、水土保持精细监管，提升精准监管、精准治理、智慧统筹、智慧管理能力。,中电万维信息技术有限责任公司,,2024-11-14 14:43:14,,,,,PD24111414431368603,TELECOM,False,http://img.gsdep.cn/default-bucket/2024/11/14/37f28033-fa80-43cb-9ff9-4d236fa0d764_20241114144023A224.jpg,,2024-11-14 14:44:43,OP203406,,0,0.0,,"{""other"": [], ""safety"": [], ""sample"": []}","{""sample"":[],""safety"":[],""other"":[]}",,,水务云,0.00,<p>1.“数字水务”向“智慧水务”转变需求</p><p>需要汇聚海量水务数据，接入水务监测设备，构建一张监测，网络，并实现水务业务精细化管理。</p><p>2.做厚、应用轻量，提供好用实用的水务信息化服务建设</p><p>水务云服务平台，汇聚海量水利数据，实现水利业务一图总览、统筹规划、集中管理。</p><p>3.存储及传输服务，物联网监测服务</p><p>云平台提供存储及计算服务，网络专线保证了传输的通畅性，同时，可联合合作生态，为客户提供监测服务。</p><p><br></p>,DATA_REPORT,,URBAN_GOVERNANCE,620000,,,,,中电万维信息技术有限责任公司,0%,,2024-11-14 14:44:51,ON_SHELF,2024-11-14 14:44:51,,U24102209273438906,,
,,,,,2024-11-14 14:43:56,,620100,,APPROVED,1,"生态环境大数据平台以生态文明体制改革“1+6”方案为依据,深入践行习近平生态文明思想，以“说清现状、精准监管、预警研判、科学施策、目标管控、成效评估”为业务主线，以“大平台、大系统、大数据”为建设原则，综合运用大数据、区块链、物联网、云计算、互联网+等信息化技术，全面助推生态环境治理体系和治理能力现代化。",中电万维信息技术有限责任公司,,2024-11-14 14:40:01,,,,,PD24111414400145104,TELECOM,False,http://img.gsdep.cn/default-bucket/2024/11/14/0609acd7-deac-4e95-81ed-ca2c713199d6_20241114143559A223.jpg,,2024-11-14 14:44:37,OP203406,,0,0.0,,"{""other"": [], ""safety"": [], ""sample"": []}","{""sample"":[],""safety"":[],""other"":[]}",,,生态环境大数据平台,0.00,<p>1.提升水预警预测能力</p><p>水质自动预警溯源精准度提高60%。</p><p>2.提升空气质量预警准确率</p><p>空气质量预警准确率提高40%。</p><p>3.提升数据资源共享服务能力</p><p>梳理形成978个生态环境信息资源目录，汇聚国家回流数据337万余条。</p><p>4.提升业务填报准确率</p><p>为生态环境业务填报提供强大支撑，减少70%以上重复填报，缩减50%以上填报量。</p><p>5.数据驱动流程再造</p><p>全面实现45项行政审批事项，“一网”、“掌上”、“跑0次”。</p><p>6.打造生态环境“名片”</p><p>“环保码”创新性地引入“区块链”技术，实现了生态环境信用评价“实现评价”，目前已初步为4000家企业生成“环保码”。</p>,DATA_REPORT,,URBAN_GOVERNANCE,620000,,,,,中电万维信息技术有限责任公司,0%,,2024-11-14 14:44:53,ON_SHELF,2024-11-14 14:44:53,,U24102209273438906,,
,,,,,2024-11-14 14:43:56,,620100,,APPROVED,1,"基于AI智能调度算法、智能地图ETA、工单负载均衡等核心技术能力,自主研发了电信行业内首个装维“滴滴”数字化服务平台,率先实现“用户说了算”的服务体系。用户可自主在线预约服务时间,系统基于服务人员位置、状态、属性等进行智能化抢/派单;工程师服务端则通过自有装维队伍+引入生态服务队伍双循环模式,实现战新业务的标准化交付,促进服务队伍供给侧改革,实现企业降本增效。",中电万维信息技术有限责任公司,,2024-11-14 14:35:37,,,,,PD24111414353749705,TELECOM,False,http://img.gsdep.cn/default-bucket/2024/11/14/3de0e1a5-8673-4935-9b77-1a0ae172c045_20241114143432A222.jpg,,2024-11-14 14:44:40,OP203406,,0,0.0,,"{""other"": [], ""safety"": [], ""sample"": []}","{""sample"":[],""safety"":[],""other"":[]}",,,“全翼装”集约交付平台,0.00,"<p><span style=""color: rgb(34, 34, 34); background-color: rgb(255, 255, 255);"">集约交付平台全国持续引人全国服务商及工程师，具备全国31省到区县服务能力，平台针对人、财、物的SOP精细化管控流程，为用户提供购买、安装、售后的一站式服务，增强用户感知，补齐战新产品的交付短板。同时为第三方灵活用工实现合同流、业务流、资金流、发票流的四流合一，确保合同约定服务内容与票据项目相符，保证企业业务合规。</span></p>",DATA_REPORT,,TELECOM,620000,,,,,中电万维信息技术有限责任公司,0%,,2024-11-14 14:44:52,ON_SHELF,2024-11-14 14:44:52,,U24102209273438906,,
,,,,,2024-11-14 14:43:57,,620100,,APPROVED,1,"平台采用业界领先的分布式技术架构,充分利用“云计算、大数据MEC”等技术集群。以强大的多协议视频汇聚能力、超高的流媒体并发能力、海量数据存储能力及电信云网融合能力,纵向可统筹纳管省、市(州)、县三级视频资源,横向打通汇聚同级平台视频资源,有效整合海量多源异构视频资源,实现视频资源共享和应用效益最大化。基于更专业、更灵活的视频能力,赋能综治、公安、教育、医卫、金融等多个领域,助力社会治安防控体系现代化建设。",中电万维信息技术有限责任公司,,2024-11-14 14:34:02,,,,,PD24111414340215604,TELECOM,False,http://img.gsdep.cn/default-bucket/2024/11/14/6cf09bb0-443f-4e09-88b0-6902dd664cd2_20241114143225A221.jpg,,2024-11-14 14:44:34,OP203406,,0,0.0,,"{""other"": [], ""safety"": [], ""sample"": []}","{""sample"":[],""safety"":[],""other"":[]}",,,大视频解决方案,0.00,"<p style=""text-align: start;"">1.融合汇聚视频资源&gt;通过GB/T28181与GA/T1400等协议，融合汇聚视频数据资源，实现全域协同管理，丰富数据维度，助力城市管理升级。构建智慧城市基座</p><p style=""text-align: start;"">2.强化AI矩阵布局，赋能多元行业革新，升级行业应用效能，整合G、B、C端视频资源，深度挖掘视频潜能，夯实智慧城市基座，为城市智慧化赋予可视化、可处置、可研判的“睿智”之力。塑造行业资源标识</p><p style=""text-align: start;"">3.形成丰富的行业数据资源池，为技术创新提供丰富的数据基础，辅助管理者全面掌控城市运行态势，提升监管力度和行政效率，完善数字社会治理体系。高效赋能上层应用</p><p style=""text-align: start;"">4.面向公共安全管理、城管执法管控、应急管理、自然生态、教育行业、金融服务等行业，按不同业务应用场景需求，提供相应的视频和AI数据服务能力。</p>",DATA_REPORT,,SCIENTIFIC_INNOVATION,620000,,,,,中电万维信息技术有限责任公司,0%,,2024-11-14 14:44:53,ON_SHELF,2024-11-14 14:44:53,,U24102209273438906,,
,,,,,2024-11-14 14:43:59,,620100,,APPROVED,1,"【AI智呼平台】AI智呼产品是面向政企客户群打造的新型人工智能客服产品,基于电信云网、A智能语音、大模型技术建成“智能交互、智能通知、智能分析”三大业务应用,面向政务、金融、卫健、教育、文宣等行业政企客户提供标准化智能语音SaaS服务能力,助力客户服务提质增效。",中电万维信息技术有限责任公司,,2024-11-14 14:31:45,,,,,PD24111414314505607,TELECOM,False,http://img.gsdep.cn/default-bucket/2024/11/14/3495f15b-a026-44d2-bbb5-0c804eec4176_20241114143046A220.jpg,,2024-11-14 14:44:27,OP203406,,0,0.0,,"{""other"": [], ""safety"": [], ""sample"": []}","{""sample"":[],""safety"":[],""other"":[]}",,,AI智呼平台,0.00,"<p style=""text-align: start;"">1.平台具备行业领先的自研AI语音交互引擎。基于真实对话数据,自动提取外呼场景及相关数据,构建行业外呼知识库,持续提升模型智能化；</p><p style=""text-align: start;"">2.储备政务服务、卫健、金融等行业常用场景标准模型库,可实现快速落地应用。画布式bot机器人模型搭建平台,实现场景定制补充需求快速支撑;</p><p style=""text-align: start;"">3.支持多轮复杂人机交互,语音识别率可达92%,可实现基于环境语境、话题语境、对话语境的自然语言理解;</p><p style=""text-align: start;"">4.平台云网安保障,稳定可靠:天翼云端部署,集约平台集约管控,等保二级认证,语音专线、支持高并发呼叫、专属号码;通话录音加密、客户信息脱敏机制。</p>",DATA_REPORT,,SCIENTIFIC_INNOVATION,620000,,,,,中电万维信息技术有限责任公司,0%,,2024-11-14 14:44:56,ON_SHELF,2024-11-14 14:44:56,,U24102209273438906,,
,,,,,2024-11-14 14:43:59,,620100,,APPROVED,1,"凭借5G、云计算、AI视觉与空间计算技术,为商业综合体、零售商户及消费者精心打造AI海报ARCityWalk、MR中庭等一体化智能信息解决方案。",中电万维信息技术有限责任公司,,2024-11-14 14:29:46,,,,,PD24111414294583504,TELECOM,False,http://img.gsdep.cn/default-bucket/2024/11/14/3c4b23b7-1f1a-4d78-a7d6-36cace3f3d18_20241114142846A218.jpg,,2024-11-14 14:44:30,OP203406,,0,0.0,,"{""other"": [], ""safety"": [], ""sample"": []}","{""sample"":[],""safety"":[],""other"":[]}",,,智慧商业综合体平台,0.00,"<p style=""text-align: start;"">1.行业第一梯队的AIGC文生图算法:行业唯一支持一句话生成，唯一支持匹配文案和二次编辑的产品</p><p style=""text-align: start;"">2.国内领先的视觉算法，定位成功率99%，定位速度2s内，定位精准度50cm内，综合朝向误差小于5°</p><p style=""text-align: start;"">3.一体化智能信息解决方案，提供从AI海报到ARCityWalk、MR中庭的全方位服务，实现信息的智能化展示和交互</p><p style=""text-align: start;"">4.易于集成和扩展的平台，平台设计灵活，易于与其他系统进行集成，支持未来的技术升级和业务扩展</p>",DATA_REPORT,,COMMERCE_AND_CIRCULATION,620000,,,,,中电万维信息技术有限责任公司,0%,,2024-11-14 14:44:55,ON_SHELF,2024-11-14 14:44:55,,U24102209273438906,,
,,,,,2024-11-14 14:44:01,,620100,,APPROVED,1,"“5G+智慧矿山”是利用5G、A1、云计算、大数据、移动互联网等新一代信息技术,彻底改变传统采矿方式、工作方式和管理模式,实现对人、机、料、法、环、测的全方位实时监控,变“被动监督”为“主动监管”,围绕采矿过程管理,提供过程趋势预测,提高管理信息化水平,实现互联协同、智能生产、科学管理,安全采挖。",中电万维信息技术有限责任公司,,2024-11-14 14:27:03,,,,,PD24111414270263906,TELECOM,False,http://img.gsdep.cn/default-bucket/2024/11/14/429d7805-6032-4257-9e89-20d9e2bce7f1_20241114142608A217.jpg,,2024-11-14 14:44:23,OP203406,,0,0.0,,"{""other"": [], ""safety"": [], ""sample"": []}","{""sample"":[],""safety"":[],""other"":[]}",,,智慧矿山,0.00,"<p style=""text-align: start;"">1.综合故障发生率、设备寿命、维修次数等多重因素,建立预测模型,为设备检维修、更换等提供预测,能够知识共享,智能问答。</p><p style=""text-align: start;"">2.自动生成工作日报,巡检、维保智能提醒。</p><p style=""text-align: start;"">3.结合人工经验,建立设备监测模型,超出阈值自动报警。</p>",DATA_REPORT,,INDUSTRIAL_MANUFACTURING,620000,,,,,中电万维信息技术有限责任公司,0%,,2024-11-14 14:44:57,ON_SHELF,2024-11-14 14:44:57,,U24102209273438906,,
,,,,,2024-11-14 14:44:01,,620100,,APPROVED,1,"智慧工业园区围绕安全、生产、风险、运行等场景,构建一体化管理平台,实现与经营、管理、控制、监测等信息互联互通,形成“一数整合,一屏总览,一云汇聚、一网统管”的智能运营平台,支撑工业园区数字化应用。",中电万维信息技术有限责任公司,,2024-11-14 14:25:53,,,,,PD24111414255269005,TELECOM,False,http://img.gsdep.cn/default-bucket/2024/11/14/7d28b401-9385-4704-8902-ba27533ac9f5_20241114142427A216.jpg,,2024-11-14 14:44:20,OP203406,,0,0.0,,"{""other"": [], ""safety"": [], ""sample"": []}","{""sample"":[],""safety"":[],""other"":[]}",,,智慧工业园区,0.00,"<p style=""text-align: start;"">1.吸引更多企业入驻园区,形成本地化产业链,逐步强链补链延链,促进产业发展。</p><p style=""text-align: start;"">2.智能化生产模式,降低危险作业风险,完善应急措施。</p><p style=""text-align: start;"">3.提供入驻一登记一缴费一办税等多项政务服务事项,提升企业办事效率。</p>",DATA_REPORT,,INDUSTRIAL_MANUFACTURING,620000,,,,,中电万维信息技术有限责任公司,0%,,2024-11-14 14:44:58,ON_SHELF,2024-11-14 14:44:58,,U24102209273438906,,
,,,,,2025-02-08 17:28:18,,620100,,APPROVED,1,"平台是集计划用水管理、节水预警监控、节水评价考核、统计分析为一体的信息数据管理平台,，切实提高工作效率和服务水平，实现计划用水管理、用水户管理、供用水信息服务、用水计划管理、水费水价管理、用水平衡管理、节水预警等功能。",中电万维信息技术有限责任公司兰州分公司,,2025-02-08 17:15:25,,,,,PD25020817152515104,SCIENCE,False,https://img.gsdep.cn/default-bucket/2025/02/08/f3e74a65-bd8d-4c46-afd1-259cc74d3eaf_20250208171415A013.jpg,,2025-02-17 09:34:13,OP203406,,0,0.0,,"{""registrationProof"": [{""name"": ""产品开发自证说明 甘交所.pdf"", ""url"": ""https://img.gsdep.cn/default-bucket/2025/02/08/ab9e94c7-3fa7-4066-b9c6-b849fea33c75_20250208171521A014.pdf""}], ""other"": [], ""safety"": [], ""registrationCertificate"": [], ""sample"": []}","{""sample"":[],""safety"":[],""other"":[],""registrationProof"":[{""name"":""产品开发自证说明 甘交所.pdf"",""url"":""https://img.gsdep.cn/default-bucket/2025/02/08/ab9e94c7-3fa7-4066-b9c6-b849fea33c75_20250208171521A014.pdf""}],""registrationCertificate"":[]}",,,城市节水管理平台,0.00,<p>1.数据精准采集与监测：实时、精确地采集用水数据，包括流量、压力、水质等，实现全方位的用水状况监测。</p><p>2.智能化分析与诊断：运用大数据和智能算法，对采集到的数据进行深入分析，快速诊断用水异常和潜在浪费。</p><p>3.远程控制与管理：支持远程操作，可对用水设备进行远程调控，如关闭阀门、调整流量等，以提高管理效率。</p><p>4.实时预警与报警：及时发出预警信息，以便迅速采取措施。</p><p>5.多维度可视化展示：通过图表、地图等多种形式，将复杂的用水数据以直观、清晰的方式呈现，方便管理者了解全局情况。</p>,DATA_REPORT,2035-02-01 00:00:00,URBAN_GOVERNANCE,620000,,,,,中电万维信息技术有限责任公司兰州分公司,0%,,2025-02-17 09:37:14,ON_SHELF,2025-02-17 09:37:14,,U24122310133945104,,
,,,,,2025-02-08 17:28:18,,620100,,APPROVED,1,以落地企业薪酬体系为目标，实现自动化薪税核算全流程，覆盖预算、成本、激励和佣金全场景，直通业务，助力中大型企业实现数字化薪酬管理。该系统旨在帮助各类企业实现薪酬管理的精准化、高效化与合规化，通过高度自动化流程、强大数据分析、灵活可扩展性及用户友好界面，能够大幅减少手动计算的错误和时间成本，提高薪酬处理的效率和准确性。,中电万维信息技术有限责任公司兰州分公司,,2025-02-08 17:17:11,,,,,PD25020817171077208,SCIENCE,False,https://img.gsdep.cn/default-bucket/2025/02/08/a171d0f2-1ae2-40ad-9f5f-1bf2f588f802_20250208171554A015.jpg,,2025-02-17 09:34:17,OP203406,,0,0.0,,"{""registrationProof"": [{""name"": ""产品开发自证说明 甘交所.pdf"", ""url"": ""https://img.gsdep.cn/default-bucket/2025/02/08/e29dfc21-83e7-44a2-a5d8-e0f5db9ded30_20250208171708A016.pdf""}], ""other"": [], ""safety"": [], ""registrationCertificate"": [], ""sample"": []}","{""sample"":[],""safety"":[],""other"":[],""registrationProof"":[{""name"":""产品开发自证说明 甘交所.pdf"",""url"":""https://img.gsdep.cn/default-bucket/2025/02/08/e29dfc21-83e7-44a2-a5d8-e0f5db9ded30_20250208171708A016.pdf""}],""registrationCertificate"":[]}",,,员工薪酬管理系统,0.00,<p>1.员工信息管理：支持批量导入和导出功能，方便数据的整理和备份。</p><p>2.绩效评分管理：部门管理人员根据员工的工作表现和绩效指标进行打分，系统自动合计各评分项，得出员工最终得分。</p><p>3.工资参数管理：可以为员工设置岗级和薪资参数，如基本工资、奖金等。</p><p>4.数据互联互通：各项业务与系统通过配置方式集成，清晰全面反映员工真实情况，提升组织的人才运营能力。</p>,DATA_REPORT,2035-02-01 00:00:00,SCIENTIFIC_INNOVATION,620000,,,,,中电万维信息技术有限责任公司兰州分公司,0%,,2025-02-17 09:37:11,ON_SHELF,2025-02-17 09:37:11,,U24122310133945104,,
,,,,,2025-02-08 17:28:17,,620100,,APPROVED,1,"为各大企事业单位提供多端测评服务，包括打分、投票、问卷、评价等内容。通过自定义测评关系、打分权重、测评指标、评委类型等，实现人员打分、后备干部推荐、问卷调査、廉洁自律评议、民主评议等工作。
",中电万维信息技术有限责任公司兰州分公司,,2025-02-08 17:28:08,,,,,PD25020817280809401,SCIENCE,False,https://img.gsdep.cn/default-bucket/2025/02/08/bc29e333-beec-4142-b351-24c6bcde6b4c_20250208172644A017.jpg,,2025-02-17 09:34:00,OP203406,,0,0.0,,"{""registrationProof"": [{""name"": ""产品开发自证说明 甘交所.pdf"", ""url"": ""https://img.gsdep.cn/default-bucket/2025/02/08/f2f64119-d4c0-477e-b928-7bd160a0bfb8_20250208172805A018.pdf""}], ""other"": [], ""safety"": [], ""registrationCertificate"": [], ""sample"": []}","{""sample"":[],""safety"":[],""other"":[],""registrationProof"":[{""name"":""产品开发自证说明 甘交所.pdf"",""url"":""https://img.gsdep.cn/default-bucket/2025/02/08/f2f64119-d4c0-477e-b928-7bd160a0bfb8_20250208172805A018.pdf""}],""registrationCertificate"":[]}",,,多功能测评打分系统,0.00,<p>1.人员打分：帮助管理者对人员进行打分，可以自动生成报告，方便用户查看和分析。</p><p>2.问卷调查：自主设计问卷，并在线收集和分析问卷结果。支持自动回复功能，确保用户可以得到及时的回答。</p><p>3.后备干部推荐：根据姓名、年龄、学历、工作经历等因素进行筛选，并生成推荐报告，确保推荐过程的公正和透明。</p><p>4.廉洁自律评议：辅助管理人员进行廉洁自律评议，并根据评价结果进行奖惩。</p><p><br></p>,DATA_REPORT,2035-02-01 00:00:00,SCIENTIFIC_INNOVATION,620000,,,,,中电万维信息技术有限责任公司兰州分公司,0%,,2025-02-17 09:37:14,ON_SHELF,2025-02-17 09:37:14,,U24122310133945104,,
,,,,企业门户对订购产品进行管理，开展数转工作，沉淀企业数据资产，提高企业核心竞争力。第三方服务商持续入驻公共服务门户，为企业提供涵盖金融服务、专家咨询、人才培训等企业服务；公共服务门户提供政策解读、政策匹配、评估诊断、产品订购、供需匹配及企业服务，并将企业、产业、服务、人才数据等服务，助力企业数字化转型进程。,2025-03-31 11:02:55,,620100,,APPROVED,1,企业数字化转型服务平台以天翼云为基础，通过提供全方位政策管理、数转项目管理、数字化诊断评估、数智应用、资源整合以及产业集群功能，为政府和企业客户打造了一个高效、便捷、安全的数字化转型环境。同时，通过供需连通，促进产业链上下游企业的合作与交流，构建一个开放、共享、协同的产业生态系统，为企业的数字化转型提供有力的支持和保障。,中电万维信息技术有限责任公司,,2025-03-31 10:50:42,,,,,PD25033110504185408,SCIENCE,False,https://img.gsdep.cn/default-bucket/2025/03/31/ff58b6bd-cd22-4f14-8a1d-f22621c6bc91_20250331104915A022.png,,2025-04-01 09:53:59,25021911343275209,,0,0.0,,"{""registrationProof"": [{""name"": ""中小企业云平台数据产品数据来源说明.pdf"", ""url"": ""https://img.gsdep.cn/default-bucket/2025/03/31/62eab813-82a2-4d3f-b294-36330825e474_20250331105039A023.pdf""}], ""other"": [], ""safety"": [], ""registrationCertificate"": [{""name"": ""证书 (1).png"", ""url"": ""https://img.gsdep.cn/default-bucket/2025/03/31/aa3ab86e-2f30-4724-a897-66daec1d767c_20250331105031A025.png""}], ""sample"": []}","{""sample"":[],""safety"":[],""other"":[],""registrationProof"":[{""name"":""中小企业云平台数据产品数据来源说明.pdf"",""url"":""https://img.gsdep.cn/default-bucket/2025/03/31/62eab813-82a2-4d3f-b294-36330825e474_20250331105039A023.pdf""}],""registrationCertificate"":[{""name"":""证书 (1).png"",""url"":""https://img.gsdep.cn/default-bucket/2025/03/31/aa3ab86e-2f30-4724-a897-66daec1d767c_20250331105031A025.png""}]}",,,中小企业云平台,0.00,<p>企业门户对订购产品进行管理，开展数转工作，沉淀企业数据资产，提高企业核心竞争力。第三方服务商持续入驻公共服务门户，为企业提供涵盖金融服务、专家咨询、人才培训等企业服务；公共服务门户提供政策解读、政策匹配、评估诊断、产品订购、供需匹配及企业服务，并将企业、产业、服务、人才数据等服务，助力企业数字化转型进程。 </p><p><br></p>,DATA_REPORT,,SCIENTIFIC_INNOVATION,620000,DP860000002025030600016,,,,中电万维信息技术有限责任公司,0%,,2025-04-01 09:54:37,ON_SHELF,2025-04-01 09:54:37,,U24102209273438906,,
,,,,"采用AI智能技术发布采购公示，审核采购文件和合同文件，通过询价台寻找合适的供应商，并采用线上专家评标的方式完成采购招标，并在门户进行公示发布。招投标过程更加规范、透明、高效，提升了招投标效率，减少人为因素干扰，增强评标公正性。
",2025-03-31 11:13:54,,620100,,APPROVED,1,基于微服务架构构建数字化招采管理平台，帮助企业构建采购招标与供应商管理的流程闭环，实现采购全栈协同，缩短采购周期，降低采购成本，提高采购质量，提升采购效率，打造高效稳定的智能供应链。,中电万维信息技术有限责任公司,,2025-03-31 11:13:31,,,,,PD25033111133054705,TELECOM,False,https://img.gsdep.cn/default-bucket/2025/03/31/6d6bdfb8-6d4f-4f90-bcf8-a1b73f260d4d_20250331111226A038.png,,2025-04-01 09:53:56,25021911343275209,,0,0.0,,"{""registrationProof"": [{""name"": ""智慧招采平台数据产品数据来源说明.pdf"", ""url"": ""https://img.gsdep.cn/default-bucket/2025/03/31/4715158a-47f0-4d59-84d6-08dda6970df6_20250331111325A039.pdf""}], ""other"": [], ""safety"": [], ""registrationCertificate"": [{""name"": ""证书 (2).png"", ""url"": ""https://img.gsdep.cn/default-bucket/2025/03/31/02c6d871-60e6-493a-ae0b-95922e5bf4f5_20250331111304A033.png""}], ""sample"": []}","{""sample"":[],""safety"":[],""other"":[],""registrationProof"":[{""name"":""智慧招采平台数据产品数据来源说明.pdf"",""url"":""https://img.gsdep.cn/default-bucket/2025/03/31/4715158a-47f0-4d59-84d6-08dda6970df6_20250331111325A039.pdf""}],""registrationCertificate"":[{""name"":""证书 (2).png"",""url"":""https://img.gsdep.cn/default-bucket/2025/03/31/02c6d871-60e6-493a-ae0b-95922e5bf4f5_20250331111304A033.png""}]}",,,智慧招采平台,0.00,<p>采用AI智能技术发布采购公示，审核采购文件和合同文件，通过询价台寻找合适的供应商，并采用线上专家评标的方式完成采购招标，并在门户进行公示发布。招投标过程更加规范、透明、高效，提升了招投标效率，减少人为因素干扰，增强评标公正性。</p>,DATA_REPORT,,SCIENTIFIC_INNOVATION,620000,DP860000002025030600017,,,,中电万维信息技术有限责任公司,0%,,2025-04-01 09:54:39,ON_SHELF,2025-04-01 09:54:39,,U24102209273438906,,
,,,,,2025-08-14 16:33:46,,620100,请上传数据产品权属证明,APPROVED,1,区块链云服务平台以自主研发的底层区块链技术为基座，依托区块链的可追溯、不可篡改和多方协作特性，在满足企业级应用在高可用、高安全、高性能、可扩展、易运维、可监管等方面的需求的基础上，提供区块链原生应用、数据服务、节点部署、快速建链和产业互链等核心特色功能，根据实际业务需要，结合业务场景方便、快捷、安全地定制部署区块链服务，开发区块链应用，帮助用户更专注于核心业务的研发和创新，实现业务快速上链，为客户创造价值。,安徽中科晶格技术有限公司,,2025-06-24 16:44:39,,,,,PD25062416443897302,,False,https://img.gsdep.cn/default-bucket/2025/06/24/ce6b4e16-51df-465b-a8ef-77d157549d76_20250624162726A023.jpg,,2025-10-24 08:34:13,25021914335588908,,0,0.0,,"{""registrationProof"": [{""name"": ""数据资产（产品）登记承诺书.pdf"", ""url"": ""https://img.gsdep.cn/default-bucket/2025/06/24/74b73ed1-4cd2-4124-a803-19c4630d68eb_20250624164429A024.pdf""}], ""other"": [{""name"": ""软著-晶格全城可信区块链云服务平台V2.0.pdf"", ""url"": ""https://img.gsdep.cn/default-bucket/2025/08/14/e8b25774-57a7-4c6d-baaf-83e8051d751e_20250814163335A006.pdf""}], ""safety"": [], ""registrationCertificate"": [], ""sample"": []}","{""sample"":[],""safety"":[],""other"":[{""name"":""软著-晶格全城可信区块链云服务平台V2.0.pdf"",""url"":""https://img.gsdep.cn/default-bucket/2025/08/14/e8b25774-57a7-4c6d-baaf-83e8051d751e_20250814163335A006.pdf""}],""registrationProof"":[{""name"":""数据资产（产品）登记承诺书.pdf"",""url"":""https://img.gsdep.cn/default-bucket/2025/06/24/74b73ed1-4cd2-4124-a803-19c4630d68eb_20250624164429A024.pdf""}],""registrationCertificate"":[]}",,,晶格全域可信区块链云服务平台,0.00,<p>1、平台通过连接各节点机构搭建安全可信的联盟生态链，提供链生应用、数据服务、节点部署、快速建链、产业互链等五大核心特色功能，便捷业务数据上链，帮助用户专注于自身核心业务研发创新。</p><p>2、通过定义数据共享交换接口，可助力企业构建可信的数据安全防护环境，实现数据安全共享协作和受控访问，业务数据快速安全上链，确保操作行为记录的真实性、不可篡改、可计量。</p><p>3、数据存证：通过集中部署或多方联盟部署晶格联盟链节点软件，构建联盟链用于各业务重要数据 上链存储使用，以确保了数据的不可篡改性和可信性。</p><p>4、溯源防伪：构建联盟链，将产品全生命周期，包括生产、加工、运输、消费等环节信息记录上链，通过共识算法进行验证，确保数据的可信度和可追溯性。</p>,DATA_REPORT,,SCIENTIFIC_INNOVATION,OTHER,,,,,安徽中科晶格技术有限公司,0%,,2025-11-11 10:46:59,ON_SHELF,2025-11-11 10:46:59,,U24112610185325705,,
,,,,,2025-08-14 16:32:20,,620100,请上传数据产品权属证明,APPROVED,1,平台旨在为数字身份提供安全、去中心化和用户控制的认证机制。搭载分布式账本技术晶格链确保身份信息的不可篡改性和可验证性，同时赋予用户对自己身份信息的完全控制权。该系统支持与传统身份认证结合，可以为可信数据空间体系内个人、机构、设备等多主体提供安全可靠的身份注册、身份认证、可信授权、隐私保护等服务，重点解决各类数据资源及数据产品授权及主体身份问题。,安徽中科晶格技术有限公司,,2025-06-24 17:17:08,,,,,PD25062417170831209,,False,https://img.gsdep.cn/default-bucket/2025/06/24/dc341ab4-741e-4d70-a863-d5801acf2dc3_20250624171601A029.png,,2025-10-24 08:32:51,25021914335588908,,0,0.0,,"{""registrationProof"": [{""name"": ""数据资产（产品）登记承诺书.pdf"", ""url"": ""https://img.gsdep.cn/default-bucket/2025/06/24/0a142994-4e00-40a6-878c-79ca48b5d14d_20250624171701A030.pdf""}], ""other"": [{""name"": ""软著-晶格DID管理系统V1.0（DID即分布式数字身份管理平台）.pdf"", ""url"": ""https://img.gsdep.cn/default-bucket/2025/08/14/babbdd69-4563-4632-a13d-af7e8f4fc500_20250814163131A004.pdf""}], ""safety"": [], ""registrationCertificate"": [], ""sample"": []}","{""sample"":[],""safety"":[],""other"":[{""name"":""软著-晶格DID管理系统V1.0（DID即分布式数字身份管理平台）.pdf"",""url"":""https://img.gsdep.cn/default-bucket/2025/08/14/babbdd69-4563-4632-a13d-af7e8f4fc500_20250814163131A004.pdf""}],""registrationProof"":[{""name"":""数据资产（产品）登记承诺书.pdf"",""url"":""https://img.gsdep.cn/default-bucket/2025/06/24/0a142994-4e00-40a6-878c-79ca48b5d14d_20250624171701A030.pdf""}],""registrationCertificate"":[]}",,,分布式数字身份管理平台,0.00,"<p>1、分布式身份自主管理：系统基于区块链技术实现用户对数字身份的完全控制，用户通过私钥自主管理DID标识，可生成多个身份应对不同场景。</p><p>2、全生命周期凭证：提供从模板创建、凭证签发到验证核销的全流程管理。发行方可通过多级审核机制颁发可验证凭证（VC），应用方通过区块链验证凭证真伪，保护隐私的同时实现身份真实性核验。</p><p>3、隐私增强型验证：集成零知识证明和选择性披露技术，用户可仅出示凭证部分属性完成验证，在物联网设备标识等场景实现""数据可用不可见""。</p>",DATA_REPORT,,SCIENTIFIC_INNOVATION,OTHER,,,,,安徽中科晶格技术有限公司,0%,,2025-11-11 10:47:05,ON_SHELF,2025-11-11 10:47:05,,U24112610185325705,,
,,,,,2025-08-14 16:37:22,,620100,请上传数据产品权属证明,APPROVED,1,隐私计算平台是以自主研发复杂算法为依托，集联邦学习、多方安全计算及可信执行环境等主流隐私计算技术为一体的数据安全流通解决方案，旨在数据的使用和分析过程中实现数据的“可用不可见”，保障数据隐私安全，促进数字平等。该平台支持数据模型全生命周期管理，满足用户在高安全、高兼容、高易用、可监管需求上，向政府、企业和公众提供数据隐私保护、数据可信流通服务，实现跨场景、跨行业、跨数据的合作共赢。,安徽中科晶格技术有限公司,,2025-06-24 17:18:35,,,,,PD25062417183455206,,False,https://img.gsdep.cn/default-bucket/2025/06/24/303431ec-6591-4954-8424-8b67a2740738_20250624171748A031.png,,2025-10-24 08:34:58,25021914335588908,,0,0.0,,"{""registrationProof"": [{""name"": ""数据资产（产品）登记承诺书.pdf"", ""url"": ""https://img.gsdep.cn/default-bucket/2025/06/24/16c8f5d5-38d4-4f7f-97b7-42a6b38112cd_20250624171828A031.pdf""}], ""other"": [{""name"": ""软著-隐私计算跨链服务平台_1.pdf"", ""url"": ""https://img.gsdep.cn/default-bucket/2025/08/14/d647701c-a372-47cf-b4ce-7ec02644ce73_20250814163716A009.pdf""}], ""safety"": [], ""registrationCertificate"": [], ""sample"": []}","{""sample"":[],""safety"":[],""other"":[{""name"":""软著-隐私计算跨链服务平台_1.pdf"",""url"":""https://img.gsdep.cn/default-bucket/2025/08/14/d647701c-a372-47cf-b4ce-7ec02644ce73_20250814163716A009.pdf""}],""registrationProof"":[{""name"":""数据资产（产品）登记承诺书.pdf"",""url"":""https://img.gsdep.cn/default-bucket/2025/06/24/16c8f5d5-38d4-4f7f-97b7-42a6b38112cd_20250624171828A031.pdf""}],""registrationCertificate"":[]}",,,隐私计算平台,0.00,<p>1、数据“不出域”安全防护：在企业和机构必须确保数据处理过程安全合规，且政府及企业单位对数据收集、存储 及共享等环节中数据的安全防护要求严格背景下，隐私计算平台搭载联邦学习、多方安全计算、可信执行环境等技术引擎，在数据提供方、平台及数据需求方部署隐私计算节点，提供数据安全防护解决方案。</p><p>2、多方联合建模分析：通过隐私集合求交（PSI）实现数据样本对齐，内置逻辑回归、GBDT、神经网络等多种安全算法，满足数据联合建模、场景。</p><p>3、安全多方计算服务：提供基于密码学的隐私查询能力，通过秘密共享、不经意传输等技术实现跨域数据统计（MAX/SUM等）、联合查询（Join/Semi-Join）及复杂条件筛选，适用于不同场景。</p><p>4、可信执行环境与密钥体系：构建硬件级安全防护，通过TEE实现敏感计算隔离，支持国密算法证书全生命周期管理。</p>,DATA_REPORT,,SCIENTIFIC_INNOVATION,OTHER,,,,,安徽中科晶格技术有限公司,0%,,2025-11-11 10:46:50,ON_SHELF,2025-11-11 10:46:50,,U24112610185325705,,
,,,,,2024-11-14 11:05:59,,620100,,APPROVED,1,智慧文博是针对文物藏品保护、游客观众服务、馆方管理所打造的综合一体化解决方案，助力文博行业客户实现高质量发展，主要包含智慧服务及智慧管理。,中电万维信息技术有限责任公司,,2024-11-14 11:00:28,,,,,PD24111411002820103,TELECOM,False,https://img.gsdep.cn/default-bucket/2024/11/14/88f5cffd-b32d-4938-a4c3-bcd448e5f0eb_20241114105442A197.jpg,,2024-11-14 11:07:00,OP203406,,0,0.0,,"{""other"": [], ""safety"": [], ""sample"": []}","{""sample"":[],""safety"":[],""other"":[]}",,,智慧文博,0.00,"<p style=""text-align: start;"">1.分时预约：建立实名制分时预约系统，分时预约分为个人预约、团体预约，其中团体预约还具有预约讲解员、预约停车等功能。</p><p style=""text-align: start;"">2.智能导览：XR时代，结合5G、边缘计算、定位、视频技术等，用“超媒体”形式， 故事化、情景化特征，革新博物馆的观览方式，让文物活起来。</p><p style=""text-align: start;"">3.AR线下服务</p><p style=""text-align: start;"">4.数字多宝阁：对文物进行超高分辨率扫描与重现，实现文物细节逼真、纤毫毕见的效果，观众还能通过标注、收藏，建立自己的“私人藏宝馆”。</p><p style=""text-align: start;"">5.数字展览：VR全景、内容策划、主题特色提炼展陈，实现馆内基本陈列、特色专题、临时展览等云端展示，提供全景讲解、在线互动、展品互动等功能，让观众边玩边看展。</p><p style=""text-align: start;"">6.虚拟展厅：搭建云展厅，突破时间空间限制，利用VR技术复刻展厅数字模型，让线上的观众体验到线下同质量的游览服务。</p><p style=""text-align: start;"">7.文化传播用户价值再生服务</p><p style=""text-align: start;"">8.文博超时空：构建博物馆知识体系，打通数字文化壁垒，沉淀核心数字资产，铸造文化共享模式。</p><p style=""text-align: start;"">9.数字门户：网站门户+小程序的设计理念 — 感性、古今交织、开放融合、大气舒展，打造更丰富、更新颖、更趣味的服务体验</p><p style=""text-align: start;"">10.文化数字资源中心：创新科学合理的整合可以使相关的文化数字资源互为补充，形成合力，形成可包装的文化产品，同时沉淀文化资产，深入挖掘分析数据，为业务发展及规划提供引导方向。</p><p style=""text-align: start;""><br></p>",DATA_REPORT,,CULTURAL_TOURISM,620000,,,,,中电万维信息技术有限责任公司,0%,,2024-11-14 11:07:08,ON_SHELF,2024-11-14 11:07:08,,U24102209273438906,,
,,,"{""apiUrl"":"""",""remarks"":"""",""requestFields"":[{""description"":"""",""example"":"""",""field"":""""}],""requestMethod"":""GET"",""responseFields"":[{""description"":"""",""example"":"""",""field"":""""}]}","交通运输,工业制造",2024-11-13 11:36:34,,620100,,APPROVED,1,能够实时追踪全国3000+省、市、区县发布的基础设施项目，精准分析如特许经营、EPC、EPC+F等多种项目类型的成交情况，实现全方位、全覆盖式信息聚合，一站式解决项目信息获取需求。,北京明树数据科技有限公司,,2024-11-13 11:36:22,,,,,PD24111311362195804,INFORMATION_TRANSMISSION_SOFTWARE_IT_SERVICES,False,http://img.gsdep.cn/default-bucket/2024/11/13/e145c1db-c9d3-4f85-be36-2643846e6271_20241113113437A148.png,,2024-11-13 17:29:46,OP203406,,0,0.0,本数据产品的所涉数据通过政府部门公开的网站、各省市公共资源交易平台网站及国家企业信用信息公示系统进行合法合规的人工采集，并利用自主研发的系统和数据中台进行数据清洗、处理、分析和加工形成结构化数据。 利用中国政府采购网、中国招标投标公共服务平台、各省市公共资源交易平台网站、国家企业信用信息公示系统等公开网站，人工采集重点字段如：项目名称、预算金额、采购需求、供应商名称、中标金额、采购人信息、采购代理机构信息、项目概况、建设期、合作期、项目地区、企业工商信息等字段，并对全国各个重点模式如PPP、EPC、施工总承包、EPC+F、设计施工总承包、EPC+O、股权投资+施工总承包、EPC+F+O、ABO、勘察设计、其他类型、其他投资类、特许经营、委托运营、服务采购等模式的项目进行招投标追踪，每日进行动态更新，在保证数据隐私安全及合法合规的基础上，运用灵活多变的模型算法构建数据场景，可根据项目拓展、竞争对手分析、项目运营等不同场景，通过自定义数据指标模板实现灵活配置指标组合、不同维度的数据抓取及数据碰撞检验，生成完整真实公正的数据集、数据报告等结果。,"{""other"": [{""name"": ""基建项目中标速递查询软件著作权登记证书.pdf"", ""url"": ""https://img.gsdep.cn/default-bucket/2024/11/13/eec13886-8a1a-4eda-b6c8-37ac1acd7226_20241113113557A150.pdf""}], ""safety"": [], ""sample"": [], ""example"": [{""name"": ""样例数据-基建项目中标数据集.zip"", ""url"": ""https://img.gsdep.cn/default-bucket/2024/11/13/5af4b997-8720-46fa-ad7c-456e35b6e898_20241113113550A149.zip""}]}","{""sample"":[],""safety"":[],""example"":[{""name"":""样例数据-基建项目中标数据集.zip"",""url"":""https://img.gsdep.cn/default-bucket/2024/11/13/5af4b997-8720-46fa-ad7c-456e35b6e898_20241113113550A149.zip""}],""other"":[{""name"":""基建项目中标速递查询软件著作权登记证书.pdf"",""url"":""https://img.gsdep.cn/default-bucket/2024/11/13/eec13886-8a1a-4eda-b6c8-37ac1acd7226_20241113113557A150.pdf""}]}",,,基建项目中标速递查询,0.00,"<p><span style=""color: rgb(85, 85, 85); background-color: rgba(245, 247, 250, 0.17); font-size: 14px;"">基于本数据产品“基建项目中标速递查询”和区域投资潜力评价模型为中交投资客户定制化开发大数据辅助区域投资定制化数据应用，以辅助甲方进行市场开发和投资决策提供支撑，并提供持续性数据更新服务，在注重产品的友好性交互以及产品界面美观的基础上，满足基础数据以及模型测算结果的区域可视化呈现、动态关联、数据查询、汇总分析和下载等功能。</span><span style=""color: rgb(85, 85, 85); background-color: rgba(245, 247, 250, 0.95); font-size: 14px;"">在数据处理过程中，包括数据采集、整合与转换、清洗与验证、标准化和分类处理等。 1.数据采集：使用Kettle（PentahoDataIntegration，开源的ETL工具）进行二次开发。数据交换引擎负责实现多源异构数据之间的同步和交换，通过API接口、文件传输、数据库连接等方式，确保数据能够从互联网及自建系统中实时、准确地获取。 2.数据整合与转换：采用数据仓库技术，将不同数据源的数据进行格式转换和标准化处理，构建星型或雪花型数据模型，实现数据的统一管理。使用ETL工具进行数据抽取（Extract）、转换（Transform）和加载（Load）。 3.数据清洗与验证：利用数据清洗工具和自定义脚本，对数据进行全面的清洗和验证，去除冗余数据、修正错误数据并处理缺失值，确保数据的准确性和可靠性。 4.数据标准化和分类处理：对数据进行标准化处理，确保数据格式和单位的一致性，同时根据数据的性质和用途进行分类存储和管理。使用数据字典和元数据管理工具，保证数据的可追溯性和一致性。 5.数据加密与解密：在数据传输和存储过程中，采用对称加密（如AES）和非对称加密（如RSA）技术来确保数据的安全性等。</span></p>",DATASET,,FINANCIAL_SERVICES,620000,,,UAS24111311335546707,,北京明树数据科技有限公司,0%,,2024-11-14 09:33:54,ON_SHELF,2024-11-14 09:33:54,,U24111309332286304,,
,,,"{""apiUrl"":"""",""remarks"":"""",""requestFields"":[{""description"":"""",""example"":"""",""field"":""""}],""requestMethod"":""GET"",""responseFields"":[{""description"":"""",""example"":"""",""field"":""""}]}","金融服务,商贸流通,交通运输",2024-11-13 14:00:55,,620100,,APPROVED,1,以3000+省、市、区县的经济财政债务数据为基础，涵盖GDP、人口、财政预算收支、政府基金收支、国营资本收支、社会保险收支、政府债务、综合财力、固定资产投资等各类指标，帮助政府、金融机构等企业获取、分析和监控特定区域的经济发展、财政状况和债务水平。,北京明树数据科技有限公司,,2024-11-13 13:59:56,,,,,PD24111313595581208,INFORMATION_TRANSMISSION_SOFTWARE_IT_SERVICES,False,http://img.gsdep.cn/default-bucket/2024/11/13/b71cbe54-390e-4e68-9f06-438840a57f68_20241113135848A152.png,,2024-11-13 17:29:51,OP203406,,0,0.0,本数据产品的所涉数据通过各省市人民政府、财政局、统计局以及国家统计局、统计年鉴等政府部门公开的数据网站和数据资料进行合法合规的人工采集，并利用自主研发的系统和数据中台进行数据清洗、处理、分析和加工形成结构化数据。 利用各省市人民政府、财政局等公开网站公布的财政预算报告、预算执行报告、决算报告等公开披露文件，人工采集重点字段如：财政预算收支、政府性基金收支、国营资本收支、社会保险收支、政府债务余额、政府债务限额等字段，并逐年进行动态更新，在保证数据隐私安全及合法合规的基础上，运用灵活多变的模型算法构建数据场景，搭建区域经济指标浏览器、区域对比工具、区域GDP榜单、区域债务预警等模块专题，通过自定义数据指标模板实现灵活配置指标组合、不同维度的数据抓取及数据碰撞检验，生成完整真实公正的数据集、数据报告等结果。,"{""other"": [{""name"": ""区域经济财政债务数据查询软件著作权登记证书.pdf"", ""url"": ""https://img.gsdep.cn/default-bucket/2024/11/13/ecca219f-ed20-4ebe-8a12-81e03bfd767a_20241113135950A154.pdf""}], ""safety"": [], ""sample"": [], ""example"": [{""name"": ""样例数据-经济财政债务数据集.zip"", ""url"": ""https://img.gsdep.cn/default-bucket/2024/11/13/2c87cb73-dee5-458e-943b-7a6f66a092b9_20241113135942A153.zip""}]}","{""sample"":[],""safety"":[],""example"":[{""name"":""样例数据-经济财政债务数据集.zip"",""url"":""https://img.gsdep.cn/default-bucket/2024/11/13/2c87cb73-dee5-458e-943b-7a6f66a092b9_20241113135942A153.zip""}],""other"":[{""name"":""区域经济财政债务数据查询软件著作权登记证书.pdf"",""url"":""https://img.gsdep.cn/default-bucket/2024/11/13/ecca219f-ed20-4ebe-8a12-81e03bfd767a_20241113135950A154.pdf""}]}",,,区域经济财政债务数据查询,0.00,"<p><span style=""color: rgb(85, 85, 85); background-color: rgb(245, 247, 250); font-size: 14px;"">基于本数据产品“区域经济财政债务数据查询”为金融机构如平安银行深圳总行、中国工商银行等提供全国省、市、区县共计3000+地方政府经济财政债务定制化模型数据，助力其风险管理部信用风险研究。在数据处理过程中，包括数据采集、整合与转换、清洗与验证、标准化和分类处理等。 1.数据采集：使用Kettle（PentahoDataIntegration，开源的ETL工具）进行二次开发。数据交换引擎负责实现多源异构数据之间的同步和交换，通过API接口、文件传输、数据库连接等方式，确保数据能够从互联网及自建系统中实时、准确地获取。 2.数据整合与转换：采用数据仓库技术，将不同数据源的数据进行格式转换和标准化处理，构建星型或雪花型数据模型，实现数据的统一管理。使用ETL工具进行数据抽取（Extract）、转换（Transform）和加载（Load）。 3.数据清洗与验证：利用数据清洗工具和自定义脚本，对数据进行全面的清洗和验证，去除冗余数据、修正错误数据并处理缺失值，确保数据的准确性和可靠性。 4.数据标准化和分类处理：对数据进行标准化处理，确保数据格式和单位的一致性，同时根据数据的性质和用途进行分类存储和管理。使用数据字典和元数据管理工具，保证数据的可追溯性和一致性。 5.数据加密与解密：在数据传输和存储过程中，采用对称加密（如AES）和非对称加密（如RSA）技术来确保数据的安全性等。</span></p>",DATASET,,FINANCIAL_SERVICES,620000,,,UAS24111313580973808,,北京明树数据科技有限公司,0%,,2024-11-14 09:33:53,ON_SHELF,2024-11-14 09:33:53,,U24111309332286304,,
,,,"{""apiUrl"":"""",""remarks"":"""",""requestFields"":[{""description"":"""",""example"":"""",""field"":""""}],""requestMethod"":""GET"",""responseFields"":[{""description"":"""",""example"":"""",""field"":""""}]}","商贸流通,城市治理,绿色低碳",2024-11-14 10:53:18,,620100,,APPROVED,1,能够实时追踪全国发布的环保专题行业项目，包含水务及水环境板块、固废板块、大气板块、工业水版块投后PPP、EPC、EPCO、OM等项目数据，辅助企业准确把握环保行业的动态趋势，识别潜在的市场需求，从而为环保企业寻求更多的市场机会。,北京明树数据科技有限公司,,2024-11-14 10:02:01,,,,,PD24111410020064604,INFORMATION_TRANSMISSION_SOFTWARE_IT_SERVICES,False,http://img.gsdep.cn/default-bucket/2024/11/14/5268c549-b42b-47dd-9d23-457a9f4893bb_20241114100017A166.png,,2024-11-14 11:04:16,OP203406,,0,0.0,本数据产品所涉数据通过政府部门公开网站、各省市公共资源交易平台网站及国家企业信用信息公示系统进行合法合规的人工采集，并利用自主研发的系统和数据中台进行数据清洗、处理、分析和加工形成结构化数据。 利用中国政府采购网、中国招标投标公共服务平台、各省市公共资源交易平台网站、国家企业信用信息公示系统等公开网站，人工采集重点字段如：项目名称、中标金额、中标单位、水量规模、官网长度等字段，项目行业如水务及水环境板块、固废板块、大气板块、工业水版块投后PPP及EPC类项目，包括但不限于 PPP、EPC、EPCO、OM等数据。其中，水务及水环境板块数据仅关注中标额大于2千万项目，固废板块中的环卫数据仅关注中标额1000万以上的项目，并对全国各个重点模式如PPP、EPC+F+O、ABO、特许经营、委托运营、服务采购等模式的项目进行招投标追踪，每日进行动态更新，在保证数据隐私安全及合法合规的基础上，运用灵活多变的模型算法构建数据场景，可根据项目拓展、竞争对手分析、项目运营等不同场景，通过自定义数据指标模板实现灵活配置指标组合、不同维度的数据抓取及数据碰撞检验，生成完整真实公正的数据集、数据报告等结果。,"{""other"": [{""name"": ""环保专题数据查询软件著作权登记证书.pdf"", ""url"": ""https://img.gsdep.cn/default-bucket/2024/11/14/205413e3-60b6-4b64-9468-c09e97f05576_20241114100146A168.pdf""}], ""safety"": [], ""sample"": [], ""example"": [{""name"": ""样例数据-环保专题项目数据集.zip"", ""url"": ""https://img.gsdep.cn/default-bucket/2024/11/14/2c0ac1f2-95db-454d-942f-10064b3c2d8c_20241114100136A167.zip""}]}","{""sample"":[],""safety"":[],""example"":[{""name"":""样例数据-环保专题项目数据集.zip"",""url"":""https://img.gsdep.cn/default-bucket/2024/11/14/2c0ac1f2-95db-454d-942f-10064b3c2d8c_20241114100136A167.zip""}],""other"":[{""name"":""环保专题数据查询软件著作权登记证书.pdf"",""url"":""https://img.gsdep.cn/default-bucket/2024/11/14/205413e3-60b6-4b64-9468-c09e97f05576_20241114100146A168.pdf""}]}",,,环保专题项目数据查询,0.00,"<p><span style=""color: rgb(85, 85, 85); background-color: rgb(245, 247, 250); font-size: 14px;"">基于本数据产品“环保专题项目数据查询”为首创环保集团、碧水源客户定制化开发环保专题应用，以辅助甲方准确把握环保行业的动态趋势，识别潜在的市场需求，从而为环保企业寻求更多的市场机会。</span></p><p><span style=""color: rgb(85, 85, 85); background-color: rgba(245, 247, 250, 0.847); font-size: 14px;"">在数据处理过程中，包括数据采集、整合与转换、清洗与验证、标准化和分类处理等。 1.数据采集：使用Kettle（PentahoDataIntegration，开源的ETL工具）进行二次开发。数据交换引擎负责实现多源异构数据之间的同步和交换，通过API接口、文件传输、数据库连接等方式，确保数据能够从互联网及自建系统中实时、准确地获取。 2.数据整合与转换：采用数据仓库技术，将不同数据源的数据进行格式转换和标准化处理，构建星型或雪花型数据模型，实现数据的统一管理。使用ETL工具进行数据抽取（Extract）、转换（Transform）和加载（Load）。 3.数据清洗与验证：利用数据清洗工具和自定义脚本，对数据进行全面的清洗和验证，去除冗余数据、修正错误数据并处理缺失值，确保数据的准确性和可靠性。 4.数据标准化和分类处理：对数据进行标准化处理，确保数据格式和单位的一致性，同时根据数据的性质和用途进行分类存储和管理。使用数据字典和元数据管理工具，保证数据的可追溯性和一致性。 5.数据加密与解密：在数据传输和存储过程中，采用对称加密（如AES）和非对称加密（如RSA）技术来确保数据的安全性等。</span></p>",DATASET,,FINANCIAL_SERVICES,620000,,,UAS24111409592922002,,北京明树数据科技有限公司,0%,,2024-11-14 13:44:41,ON_SHELF,2024-11-14 13:44:41,,U24111309332286304,,
,,,"{""apiUrl"":"""",""remarks"":"""",""requestFields"":[{""description"":"""",""example"":"""",""field"":""""}],""requestMethod"":""GET"",""responseFields"":[{""description"":"""",""example"":"""",""field"":""""}]}","交通运输,工业制造,商贸流通",2024-11-14 10:53:18,,620100,,APPROVED,1,能够实时追踪基础设施领域的企业中标业绩，包含企业基本工商信息和全国公开市场发行的特许经营、EPC、EPC+F等多种项目类型的中标情况，辅助用户快速获取企业中标信息，分析企业市场表现，为决策提供依据。,北京明树数据科技有限公司,,2024-11-14 10:25:04,,,,,PD24111410250419209,INFORMATION_TRANSMISSION_SOFTWARE_IT_SERVICES,False,http://img.gsdep.cn/default-bucket/2024/11/14/f202fcc2-4a16-4ba7-bc27-2e9ab537a192_20241114102353A174.png,,2024-11-14 11:04:11,OP203406,,0,0.01,本数据产品的所涉数据通过国家企业信用信息公示系统、政府部门公开的网站、各省市公共资源交易平台网站进行合法合规的人工采集，并利用自主研发的系统和数据中台进行数据清洗、处理、分析和加工形成结构化数据。 利用中国政府采购网、中国招标投标公共服务平台、各省市公共资源交易平台网站、国家企业信用信息公示系统等公开网站，人工采集重点字段如：企业名称、成立时间、企业统一信用代码、所属行业、企业中标项目、是否牵头中标、项目所属地区、项目所属行业、项目总金额等字段，并对全国各个重点模式如PPP、EPC、施工总承包、EPC+F、设计施工总承包、EPC+O、股权投资+施工总承包、EPC+F+O、ABO、勘察设计、其他类型、其他投资类、特许经营、委托运营、服务采购等模式的项目进行招投标追踪，每日进行动态更新，在保证数据隐私安全及合法合规的基础上，运用灵活多变的模型算法构建数据场景，可根据项目拓展、竞争对手分析、项目运营等不同场景，通过自定义数据指标模板实现灵活配置指标组合、不同维度的数据抓取及数据碰撞检验，生成完整真实公正的数据集、数据报告等结果。,"{""other"": [{""name"": ""企业业绩图谱查询软件著作权登记证书.pdf"", ""url"": ""https://img.gsdep.cn/default-bucket/2024/11/14/cfde365c-87f5-479e-8c8c-0eb861e4fce2_20241114102455A176.pdf""}], ""safety"": [], ""sample"": [], ""example"": [{""name"": ""样例数据-企业业绩图谱数据集.zip"", ""url"": ""https://img.gsdep.cn/default-bucket/2024/11/14/b5253e1e-4aa6-4165-a6be-0d86a9d916a0_20241114102448A175.zip""}]}","{""sample"":[],""safety"":[],""example"":[{""name"":""样例数据-企业业绩图谱数据集.zip"",""url"":""https://img.gsdep.cn/default-bucket/2024/11/14/b5253e1e-4aa6-4165-a6be-0d86a9d916a0_20241114102448A175.zip""}],""other"":[{""name"":""企业业绩图谱查询软件著作权登记证书.pdf"",""url"":""https://img.gsdep.cn/default-bucket/2024/11/14/cfde365c-87f5-479e-8c8c-0eb861e4fce2_20241114102455A176.pdf""}]}",,,企业业绩图谱查询,0.01,"<p><span style=""color: rgb(85, 85, 85); background-color: rgba(245, 247, 250, 0.557); font-size: 14px;"">基于本数据产品“企业业绩图谱查询”和区域投资潜力评价模型为中交投资客户定制化开发大数据辅助区域投资定制化数据应用，以辅助甲方进行市场开发和投资决策提供支撑，并提供持续性数据更新服务，通过图表和数据分析，展示企业中标趋势、市场份额、竞争对手情况等。</span></p><p><span style=""color: rgb(85, 85, 85); background-color: rgb(245, 247, 250); font-size: 14px;"">在数据处理过程中，包括数据采集、整合与转换、清洗与验证、标准化和分类处理等。 1.数据采集：使用Kettle（PentahoDataIntegration，开源的ETL工具）进行二次开发。数据交换引擎负责实现多源异构数据之间的同步和交换，通过API接口、文件传输、数据库连接等方式，确保数据能够从互联网及自建系统中实时、准确地获取。 2.数据整合与转换：采用数据仓库技术，将不同数据源的数据进行格式转换和标准化处理，构建星型或雪花型数据模型，实现数据的统一管理。使用ETL工具进行数据抽取（Extract）、转换（Transform）和加载（Load）。 3.数据清洗与验证：利用数据清洗工具和自定义脚本，对数据进行全面的清洗和验证，去除冗余数据、修正错误数据并处理缺失值，确保数据的准确性和可靠性。 4.数据标准化和分类处理：对数据进行标准化处理，确保数据格式和单位的一致性，同时根据数据的性质和用途进行分类存储和管理。使用数据字典和元数据管理工具，保证数据的可追溯性和一致性。 5.数据加密与解密：在数据传输和存储过程中，采用对称加密（如AES）和非对称加密（如RSA）技术来确保数据的安全性等。</span></p>",DATASET,,FINANCIAL_SERVICES,620000,,,UAS24111410233143209,,北京明树数据科技有限公司,0%,,2024-11-14 13:47:34,ON_SHELF,2024-11-14 13:47:34,,U24111309332286304,,
,,,,,2024-11-14 11:06:12,,620100,,APPROVED,1,"环保云基于天翼云底座打造,是一款与云网I0T深度融合的产品,重点面向县(区)生态环境分局、重点排污企业普遍缺数据、缺抓手、缺平台的问题,可实现轻量化交付,助力县域生态环境治理体系和治理能力现代化,提升环境监测、监管、决策能力,促进环境质量全面改善!",中电万维信息技术有限责任公司,,2024-11-14 10:29:41,,,,,PD24111410294107904,TELECOM,False,http://img.gsdep.cn/default-bucket/2024/11/14/753358e9-5f08-477e-8c3a-500f6a3bfdae_20241114102921A178.jpg,,2024-11-14 11:06:30,OP203406,,0,0.0,,"{""other"": [], ""safety"": [], ""sample"": []}","{""sample"":[],""safety"":[],""other"":[]}",,,环保云,0.00,"<p><span style=""color: rgb(34, 34, 34); background-color: rgb(255, 255, 255); font-size: 16px;"">环保云基于天翼云底座打造,是一款与云网I0T深度融合的产品,重点面向县(区)生态环境分局、重点排污企业普遍缺数据、缺抓手、缺平台的问题,可实现轻量化交付,助力县域生态环境治理体系和治理能力现代化,提升环境监测、监管、决策能力,促进环境质量全面改善!</span></p>",DATA_REPORT,,URBAN_GOVERNANCE,620000,,,,,中电万维信息技术有限责任公司,0%,,2024-11-14 11:07:14,ON_SHELF,2024-11-14 11:07:14,,U24102209273438906,,
,,,,,2024-11-14 11:06:04,,620100,,APPROVED,1,视频AI智能分析平台面向各类文旅场所，围绕客流、车流、行为、安全、环境等监测场景和需求，通过标品形态向客户提供可快速构建的智能化监测产品，助力提升监管效能。,中电万维信息技术有限责任公司,,2024-11-14 10:30:52,,,,,PD24111410305157901,TELECOM,False,http://img.gsdep.cn/default-bucket/2024/11/14/bd7b5181-3f59-4260-a658-f69dcb8b7dab_20241114103009A179.jpg,,2024-11-14 11:06:44,OP203406,,0,0.0,,"{""other"": [], ""safety"": [], ""sample"": []}","{""sample"":[],""safety"":[],""other"":[]}",,,视频AI智能分析,0.00,"<p style=""text-align: start;"">算法先进场景适配：适配文旅场景二十余种视觉算法模型，算法种类丰富；分析准确率业内领先。</p><p style=""text-align: start;"">参与行业标准制定：联合文旅部共建国家文旅科技创新工程项目，制定视频AI分析行业标准规范。</p><p style=""text-align: start;"">多摄像头联动分析：针对目标区域，采集多路监控画面，完成区域整体客流计算，并获得一项发明专利。</p><p style=""text-align: start;"">突破智能监控短板：实现了比传统硬件厂家更高级的指标分析能力，以及各类场景化应用。</p><p style=""text-align: start;"">驱动文旅大数据变革：提升景区内精细化场景的监测精度，扩充游客行为及安全事件分析维度。</p>",DATA_REPORT,,SCIENTIFIC_INNOVATION,620000,,,,,中电万维信息技术有限责任公司,0%,,2024-11-14 11:07:12,ON_SHELF,2024-11-14 11:07:12,,U24102209273438906,,
,,,,,2024-11-14 11:06:05,,620100,,APPROVED,1,产品以党中央实施乡村振兴战略、数字乡村战略，实施“千村引领、万村整治”宜居宜业和美乡村行动为牵引，以降低基层工作负担，拓宽老百姓惠民服务和民情互动的渠道为目标，助力乡村产业发展，拓宽老百姓涉农补贴申报和民情互动的渠道，解决农村农户数据收集难问题，提升多村治理数字化水平。,中电万维信息技术有限责任公司,,2024-11-14 10:31:48,,,,,PD24111410314784906,TELECOM,False,http://img.gsdep.cn/default-bucket/2024/11/14/5646c831-2828-4eee-8dc1-00cec7cafc19_20241114103133A180.jpg,,2024-11-14 11:06:40,OP203406,,0,0.0,,"{""other"": [], ""safety"": [], ""sample"": []}","{""sample"":[],""safety"":[],""other"":[]}",,,数字乡镇,0.00,"<p><span style=""color: rgb(34, 34, 34); background-color: rgb(255, 255, 255);"">1.</span>乡村数字治理—AI派单</p><p><span style=""color: rgb(34, 34, 34); background-color: rgb(255, 255, 255);"">利用人工智能和视频分析技术，实现农村基层治理事件智能生成及办理，提高任务处理效率和准确性，通过自动化和智能化的派单流程，减少了人工干预和错误，提高了响应速度和处理。</span></p><p><span style=""color: rgb(34, 34, 34); background-color: rgb(255, 255, 255);"">基于大模型分析技术，利用其强大的计算能力和复杂的算法结构，对视频AI识别结果进行二次识别确认，当大模型确认事件为重要或紧急情况时，系统通过智能语音电话技术，自动拨打预设的联系人电话进行通知，提高事件准确度和相应效率。</span></p><p><span style=""color: rgb(34, 34, 34); background-color: rgb(255, 255, 255);"">2.</span>乡村产业发展—AI助农生产服务</p><p><span style=""color: rgb(34, 34, 34); background-color: rgb(255, 255, 255);"">传统农技服务模式叠加大模型技术农户只要通过手机就可享受便捷、精准的农业生产技术指导服务。</span></p><p><span style=""color: rgb(34, 34, 34); background-color: rgb(255, 255, 255);"">3.</span>惠民便民—关怀老人</p><p><span style=""color: rgb(34, 34, 34); background-color: rgb(255, 255, 255);"">通过小程序+智能终端+平台+AI(监控、健康监测设备、安全管理设备等)，实时对老人的居家安全和健康状况进行监测，当老人出现异常时，系统主动向亲属及村干部推送告警信息，保障居家老人安全;结合老人日常采集数据配合AI能力可为老人及家人提供在线日常健康咨询。</span></p><p><span style=""color: rgb(34, 34, 34); background-color: rgb(255, 255, 255);"">4.</span>乡村产业发展—翼农管家</p><p style=""text-align: start;""><span style=""color: rgb(34, 34, 34); background-color: rgb(255, 255, 255);"">利用远程智能控制开关，控制卷帘机工作状态，完成温室大棚卷帘的收起和下放工作;根据当天日照情况，利用远程智能控制开关控制卷帘位置达到温室大棚放风控温的目的。</span></p><p style=""text-align: start;"">5.乡村旅游—为游客提供乡村旅游公共服务</p><p style=""text-align: start;""><span style=""color: rgb(34, 34, 34); background-color: rgb(255, 255, 255);"">依托小程序，为游客提供乡村旅游公共服务，通过构建SAAS化平台，在小程序服务管理端服务和系统架构三个层面进行适配。</span></p><p style=""text-align: start;"">6.乡村政务—为基层提供便捷服务工具</p><p style=""text-align: start;"">7.乡村产业—助力产业快速发展</p>",DATA_REPORT,,MODERN_AGRICULTURE,620000,,,,,中电万维信息技术有限责任公司,0%,,2024-11-14 11:07:13,ON_SHELF,2024-11-14 11:07:13,,U24102209273438906,,
,,,,,2024-11-14 11:06:05,,620100,,APPROVED,1,天翼云图是中国电信为商业综合体打造的数字商业元宇宙平台。以室内精准导航服务为基础，围绕商业综合体人、场、店、货，线上线下全消费周期，提供智慧商业数字化营销服务，依托中国电信云网资源禀赋，以商业空间导航服务为 “数字底座”，面向综合体及商户输出以室内导航、游戏互动、优惠推送、体验打卡等“游逛购娱”用户全旅程的标准化、运营型5G云网融合产品，赋能实体商业虚实交互体验和全链路流量变现，打造线下商业流量汇聚地 ，让用户尽享数字消费新生活。,中电万维信息技术有限责任公司,,2024-11-14 10:33:02,,,,,PD24111410330168007,TELECOM,False,http://img.gsdep.cn/default-bucket/2024/11/14/84eb95e8-32de-4fbd-9597-1a13866bae30_20241114103213A181.jpg,,2024-11-14 11:06:37,OP203406,,0,0.0,,"{""other"": [], ""safety"": [], ""sample"": []}","{""sample"":[],""safety"":[],""other"":[]}",,,天翼云图,0.00,"<p style=""text-align: start;"">1.AR导航寻店、寻车</p><p style=""text-align: start;""><span style=""color: rgb(34, 34, 34); background-color: rgb(255, 255, 255);"">用AR技术扩展有限的物理空间，打造无限商业空间找店、找服务台、找母婴室、找卫生间、找促销活动服务，输入车牌号无需区分楼层和方向，实现AR实景导航。</span></p><p style=""text-align: start;"">2.AR营销</p><p style=""text-align: start;""><span style=""color: rgb(34, 34, 34); background-color: rgb(255, 255, 255);"">突破物理空间限制，提供丰富的营销方式，包括AR集卡、AR红包雨、AR广告牌、AR探宝活动形式，自主、便捷化配置活动，商场借助此功能开展常态化活动，提升场内活动参与人气，实现店铺精准导流。</span></p><p style=""text-align: start;"">3.天翼云图大屏互动游戏</p><p style=""text-align: start;""><span style=""color: rgb(34, 34, 34); background-color: rgb(255, 255, 255);"">天翼云图互动大屏通过O2O2O的全新模式，以“娱乐+社交+电商”的模式激活商场内流量，通过屏上有趣的内容和互动玩法，把线下的流量变成线上的链接和数据，真正实现线上线下融合，为商家提升运营效能，为商圈、街区、门店打造全新智慧消费新场景。</span></p>",DATA_REPORT,,COMMERCE_AND_CIRCULATION,620000,,,,,中电万维信息技术有限责任公司,0%,,2024-11-14 11:07:13,ON_SHELF,2024-11-14 11:07:13,,U24102209273438906,,
,,,,,2024-11-14 11:06:08,,620100,,APPROVED,1,通过数据加速处理系统可建设多个国产化异构算力资源池，具备高性能算力、轻量化管理、零适配迁移等核心能力，为用户构建国产化平台“软件/硬件/业务迁移”三者融合信创云一体化解决方案。,中电万维信息技术有限责任公司,,2024-11-14 10:36:09,,,,,PD24111410360864803,TELECOM,False,http://img.gsdep.cn/default-bucket/2024/11/14/0eccba4d-72be-4afe-a51b-67dc3883d660_20241114103322A182.jpg,,2024-11-14 11:06:34,OP203406,,0,0.0,,"{""other"": [], ""safety"": [], ""sample"": []}","{""sample"":[],""safety"":[],""other"":[]}",,,信创加速器,0.00,"<p style=""text-align: start;"">1.信创算力高效提升</p><p style=""text-align: start;"">通过解除信创服务器自身计算资源耗损，IO性能提升3-10倍，计算资源使用率提升2倍，全面提升信创服务器的CPU、内存业务资源使用率和性能。</p><p style=""text-align: start;"">2.X86应用到信创无需适配</p><p style=""text-align: start;"">平台自带信创适配迁移工具，针对高级语言所开发的应用程序以及应用池环境，“0”适配、“0”改造，即可实现 X86 到信创的异构环境下的业务迁移。</p><p style=""text-align: start;"">3.具备国产化智算加速能力</p><p style=""text-align: start;"">通过国产化数据加速处理系统技术应用，可实现国产化GPU与国外一流设备的性能持平，构建的新型智算平台具有国内领先水平的国产化智算服务能力，可承接各类智算服务需求。</p><p style=""text-align: start;"">4.新旧设备可并存使用</p><p style=""text-align: start;"">通过多芯融合技术，新平台可以直接纳管原有平台的旧设备，在业务迁移结束后，可将原有旧设备计算、存储、网络的资源进行接管，纳入新平台的资源池，减少硬件投入。</p>",DATA_REPORT,,SCIENTIFIC_INNOVATION,620000,,,,,中电万维信息技术有限责任公司,0%,,2024-11-14 11:07:14,ON_SHELF,2024-11-14 11:07:14,,U24102209273438906,,
,,,"{""apiUrl"":"""",""remarks"":"""",""requestFields"":[{""description"":"""",""example"":"""",""field"":""""}],""requestMethod"":""GET"",""responseFields"":[{""description"":"""",""example"":"""",""field"":""""}]}","交通运输,金融服务,城市治理",2024-11-14 10:53:17,,620100,,APPROVED,1,专项债项目数量超过10万个，投向信息细分了10个领域，包含交通基础设施、新型城镇化建设、市政和产业园区基础设施、收费公路、生态环保等项目领域。满足政府部门对专项债项目发行及使用情况的跟踪和管理，帮助金融机构掌握专项债市场动态，助力投资机构评估项目风险、精准投资、科学决策，协助咨询公司提供专业咨询和项目申报服务。,北京明树数据科技有限公司,,2024-11-14 10:41:56,,,,,PD24111410415563009,INFORMATION_TRANSMISSION_SOFTWARE_IT_SERVICES,False,http://img.gsdep.cn/default-bucket/2024/11/14/a9c2968d-76db-44f9-9c83-a9a027745122_20241114104057A184.png,,2024-11-14 11:04:32,OP203406,,0,0.0,本数据产品的所涉数据通过政府部门公开的网站、中国债券信息网、中国财政部地方债管理网站进行合法合规的人工采集，并利用自主研发的系统和数据中台进行数据清洗、处理、分析和加工形成结构化数据。 利用政府公开网站，人工采集重点字段如：项目地区、项目业主、项目领域、总投资、申请专项债总额、其他债务融资、项目总成本、预计收入、本息覆盖倍数等字段，定期进行动态更新，利用包括但不限于专项债项目详情信息、专项债券发行及投向数据、专项债项目一案两书等披露文件，在保证数据隐私安全及合法合规的基础上，运用灵活多变的模型算法构建数据场景，根据专项债项目发行和兑付、专项债发行额度进展、专项债项目管理等不同场景，通过自定义数据指标模板实现灵活配置指标组合、不同维度的数据抓取及数据碰撞检验，生成完整真实公正的数据集，助力多种场景的专项债项目谋划进程。,"{""other"": [{""name"": ""专项债项目数据查询软件著作权登记证书.pdf"", ""url"": ""https://img.gsdep.cn/default-bucket/2024/11/14/c6f25aac-f37a-4a44-82aa-e8237e049a2d_20241114104150A186.pdf""}], ""safety"": [], ""sample"": [], ""example"": [{""name"": ""样例数据-专项债项目数据集.zip"", ""url"": ""https://img.gsdep.cn/default-bucket/2024/11/14/9b9c4f8f-3796-45a1-86db-392888f96a62_20241114104144A185.zip""}]}","{""sample"":[],""safety"":[],""example"":[{""name"":""样例数据-专项债项目数据集.zip"",""url"":""https://img.gsdep.cn/default-bucket/2024/11/14/9b9c4f8f-3796-45a1-86db-392888f96a62_20241114104144A185.zip""}],""other"":[{""name"":""专项债项目数据查询软件著作权登记证书.pdf"",""url"":""https://img.gsdep.cn/default-bucket/2024/11/14/c6f25aac-f37a-4a44-82aa-e8237e049a2d_20241114104150A186.pdf""}]}",,,专项债项目数据查询,0.00,"<p><span style=""color: rgb(85, 85, 85); background-color: rgba(245, 247, 250, 0.95); font-size: 14px;"">基于本数据产品“专项债项目数据查询”为央企如中国建筑集团、中交集团等提供定制化服务，辅助企业了解各个专项债项目的基本信息和专项债额度发行的进展情况，评估其投资价值和风险，并进行比较和筛选，找到最符合自身投资策略和需求的专项债项目，为投资决策和资金配置提供参考。</span></p><p><span style=""color: rgb(85, 85, 85); background-color: rgb(245, 247, 250); font-size: 14px;"">在数据处理过程中，包括数据采集、整合与转换、清洗与验证、标准化和分类处理等。 1.数据采集：使用Kettle（PentahoDataIntegration，开源的ETL工具）进行二次开发。数据交换引擎负责实现多源异构数据之间的同步和交换，通过API接口、文件传输、数据库连接等方式，确保数据能够从互联网及自建系统中实时、准确地获取。 2.数据整合与转换：采用数据仓库技术，将不同数据源的数据进行格式转换和标准化处理，构建星型或雪花型数据模型，实现数据的统一管理。使用ETL工具进行数据抽取（Extract）、转换（Transform）和加载（Load）。 3.数据清洗与验证：利用数据清洗工具和自定义脚本，对数据进行全面的清洗和验证，去除冗余数据、修正错误数据并处理缺失值，确保数据的准确性和可靠性。 4.数据标准化和分类处理：对数据进行标准化处理，确保数据格式和单位的一致性，同时根据数据的性质和用途进行分类存储和管理。使用数据字典和元数据管理工具，保证数据的可追溯性和一致性。 5.数据加密与解密：在数据传输和存储过程中，采用对称加密（如AES）和非对称加密（如RSA）技术来确保数据的安全性等。</span></p>",DATASET,,FINANCIAL_SERVICES,620000,,,UAS24111410403573404,,北京明树数据科技有限公司,0%,,2024-11-14 13:44:40,ON_SHELF,2024-11-14 13:44:40,,U24111309332286304,,
,,,,,2024-12-19 10:27:39,,620100,,APPROVED,1,围绕政府治理和城市治理数字化改革，以视联网、物联网、大数据、大模型和AI等技术赋能，打造政府治理“高效处置一件事”的业务中枢，汇聚治理全要素，提供治理和运营标准体系，解决公众诉求“痛点”、社会治理“难点”、政府管理“堵点”，提升政府治理能力和治理体系现代化。,中电万维信息技术有限责任公司,,2024-11-14 10:46:33,,,,,PD24111410463303002,TELECOM,False,http://img.gsdep.cn/default-bucket/2024/11/14/7de0a82c-9d3b-4958-8d5e-3f1c96743a7c_20241114104528A187.jpg,,2024-12-20 15:08:35,OP203406,,0,0.0,,"{""registrationProof"": [{""name"": ""证明材料.pdf"", ""url"": ""https://img.gsdep.cn/default-bucket/2024/12/19/7721565f-85bd-446f-a2de-be5e1d5fe5b3_20241219102711A023.pdf""}], ""other"": [], ""safety"": [], ""registrationCertificate"": [], ""sample"": []}","{""sample"":[],""safety"":[],""other"":[],""registrationProof"":[{""name"":""证明材料.pdf"",""url"":""https://img.gsdep.cn/default-bucket/2024/12/19/7721565f-85bd-446f-a2de-be5e1d5fe5b3_20241219102711A023.pdf""}],""registrationCertificate"":[]}",,,一网统管,0.00,"<p style=""text-align: start;"">1.AI+慧眼识：40+种AI算法，30+种智能化场景，变被动为主动，拓展事件发现渠道，提升政府“智治”水平</p><p style=""text-align: start;"">2.大模型加持：打造一网统管领域大模型，赋能事件智能受理分拨与智能处置</p><p style=""text-align: start;"">3.流程标准化：以七维事项梳理法进行一网统管事项梳理，推动事件标准化、流程化处置，规范处置流程、提升处置效率</p><p style=""text-align: start;"">4.高效协同：横向整合，纵向拉通，打造高效处置一件事的业务中枢，解决政府治理协同联动问题</p><p style=""text-align: start;"">5.轻应用研发：基于工作流、自定义表单等打造一网统管轻应用构建中心，快速构建面向多领域的数字化治理应用</p><p style=""text-align: start;"">6.资产赋能：积累沉淀事项、标签、场景、算法等资源赋能场景应用，加快建设效率、发挥建设成效</p>",DATA_REPORT,,URBAN_GOVERNANCE,620000,,,,,中电万维信息技术有限责任公司,0%,,2025-03-20 11:15:14,ON_SHELF,2025-03-20 11:15:14,,U24102209273438906,,
,,,,,2025-03-31 11:02:57,,620100,,APPROVED,1,翼讲解是一款基于DeepSeek大模型的智慧文博服务应用，通过多模态交互（语音/拍照/定位）和实时主题化游览路线，为博物馆及景区游客提供“即拍即讲、逐点响应”的个性化导览服务，相比传统硬件讲解器，实现零设备投入、全场景知识延伸和数据驱动的文化资产化运营三大突破。,中电万维信息技术有限责任公司,,2024-11-14 10:49:22,,,,,PD24111410492213801,TELECOM,False,https://img.gsdep.cn/default-bucket/2025/03/31/c37496e1-ea9e-40a4-974c-5abc9047d47c_20250331103806A020.jpg,,2025-04-01 09:54:08,25021911343275209,,0,0.0,,"{""registrationProof"": [{""name"": ""翼讲解数据产品数据来源说明(1).pdf"", ""url"": ""https://img.gsdep.cn/default-bucket/2025/03/31/71598724-d7a7-4cf7-8ac9-f102677127a4_20250331104815A021.pdf""}], ""other"": [], ""safety"": [], ""registrationCertificate"": [{""name"": ""证书.png"", ""url"": ""https://img.gsdep.cn/default-bucket/2025/03/31/2946ea2f-eb1c-4c9b-9985-f5915229ad4e_20250331104024A017.png""}], ""sample"": []}","{""sample"":[],""safety"":[],""other"":[],""registrationProof"":[{""name"":""翼讲解数据产品数据来源说明(1).pdf"",""url"":""https://img.gsdep.cn/default-bucket/2025/03/31/71598724-d7a7-4cf7-8ac9-f102677127a4_20250331104815A021.pdf""}],""registrationCertificate"":[{""name"":""证书.png"",""url"":""https://img.gsdep.cn/default-bucket/2025/03/31/2946ea2f-eb1c-4c9b-9985-f5915229ad4e_20250331104024A017.png""}]}",,,翼讲解,0.00,"<p style=""text-align: start;"">1.交互问答</p><p style=""text-align: start;""><span style=""color: rgb(34, 34, 34); background-color: rgb(255, 255, 255);"">用户通过语音、拍照、打字等方式提问，平台通过文博专业知识大模型分析推理，给出专业解答。</span></p><p style=""text-align: start;"">2.主题线路</p><p style=""text-align: start;"">通过算法优化及知识图谱整合，设计独特的主题化游览路线，游客根据讲解点顺序游览可获得最佳体验，结合实时定位技术，提供逐点讲解服务。</p><p style=""text-align: start;"">3.拍摄识别</p><p style=""text-align: start;"">通过图像识别技术识别用户拍摄的内容，基于专有的向量模型知识库提供专业讲解服务。</p><p style=""text-align: start;"">4.位置响应</p><p style=""text-align: start;"">基于实时定位技术，根据用户位置推荐邻近的文物并优化线路导览，为游客提供个性化讲解服务。</p><p style=""text-align: start;"">5.扩展推荐</p><p style=""text-align: start;"">基于讲解内容扩展知识点，结合用户常问知识及文博领域专业知识模型生成多个兴趣话题，确保游客全面细致了解讲解内容，提升文博游览体验。</p>",DATA_REPORT,,CULTURAL_TOURISM,620000,,,,,中电万维信息技术有限责任公司,0%,,2025-04-01 09:54:36,ON_SHELF,2025-04-01 09:54:36,,U24102209273438906,,
,,,,,2024-11-14 11:06:01,,620100,,APPROVED,1,"天翼云办公产品是借助大模型、A1、量子等前沿技术打造的集统一底座、自研应用和生态软硬件为一体的智能办公平台,为党政机关单位、企事业单位及医疗、金融等多行业客户提供信创化融合型办公服务。产品具备工作门户、待办整合、即时通讯、在线文档等协同能力及邮件收发、公文流转、流程审批、会议管理、通讯录等协同应用,满足客户在文、事、会过程中的协同办公、沟通交流和信息共享等需求,助力客户更好更快实现数字化转型发展。",中电万维信息技术有限责任公司,,2024-11-14 10:51:35,,,,,PD24111410513492505,TELECOM,False,http://img.gsdep.cn/default-bucket/2024/11/14/7876191b-8d98-4e91-94f1-9fb8715769d0_20241114104941A189.jpg,,2024-11-14 11:06:55,OP203406,,0,0.0,,"{""other"": [], ""safety"": [], ""sample"": []}","{""sample"":[],""safety"":[],""other"":[]}",,,智慧云办公,0.00,"<p style=""text-align: start;"">1.督查督办</p><p style=""text-align: start;"">督查督办系统主要用于监督工作任务事项的跟进,涵盖了从事项立项、交办、签收、分办、进度反馈、结果反馈、延期申请、办结、归档,以及汇总统计等办理全生命周期和全流程的支持。支持事项办理流程情况的监督,可以根据模板自动生成督办通知单进行事项督办和事项催办。一旦事项立项,领导、督查人员、主办部门等所有相关人员都可以通过系统实时了解事项的办理进展状态。通过系统设置提醒灯等显示方式,可以清晰地了解事项办理的进展状态,例如待审核、待签收、逾期进行和已完成等。</p><p style=""text-align: start;"">2.智慧党建</p><p style=""text-align: start;"">智慧党建云平台是一款基于移动互联网,针对政府单位、事业单位、企业等机构的基层党建信息化解决方案。平台围绕党建门户、组织建设、党务管理、专题专栏、在线学习、决策分析和党员APP等方面进行建设,实现智慧党建信息化服务,支持多终端、跨屏幕、移动化等,支持随时随地开展党建工作。</p><p style=""text-align: start;"">3.企业数字名片管家</p><p style=""text-align: start;"">企业数字名片管家主要服务于各行业企事业单位、组织和个人,帮助用户创建和管理工作名片,通过OCR技术将纸质名片转化为电子格式,实现名片的数字化管理。结合人工智能技术,智能分析潜在客户的兴趣和行为模式,为企业的市场营销提供精准的数据支持。同时通过数据分析为企业提供用户画像,帮助企业更好地了解客户需求,优化产品和服务,并通过算法推荐,发现潜在的商业机会,促进商务合作。</p><p style=""text-align: start;""><br></p>",DATA_REPORT,,SCIENTIFIC_INNOVATION,620000,,,,,中电万维信息技术有限责任公司,0%,,2024-11-14 11:07:09,ON_SHELF,2024-11-14 11:07:09,,U24102209273438906,,
,,,"{""apiUrl"":"""",""remarks"":"""",""requestFields"":[{""description"":"""",""example"":"""",""field"":""""}],""requestMethod"":""GET"",""responseFields"":[{""description"":"""",""example"":"""",""field"":""""}]}","商贸流通,交通运输,科技创新,绿色低碳",2024-11-14 10:53:16,,620100,,APPROVED,1,建立中央和地方两级的全面系统、动态更新的基础设施投融资政策数据查询体系，覆盖新基建、交通运输、乡村振兴、EOD及城市更新等相关领域，帮助用户快速了解市场最新政策情况和前景趋势。,北京明树数据科技有限公司,,2024-11-14 10:52:42,,,,,PD24111410524219103,TELECOM,False,https://img.gsdep.cn/default-bucket/2024/11/14/f86c59df-f3a2-4e45-9de5-f8125ce9be8e_20241114105133A193.png,,2024-11-14 11:04:20,OP203406,,0,0.0,本数据产品的所涉数据通过政府部门公开的网站进行合法合规的人工采集，并利用自主研发的系统和数据中台进行数据清洗、处理、分析和加工形成结构化数据。 利用中国人民政府、发改委、财政部、各省市人民政府等公开网站，人工采集重点字段如：政策标题、发布时间、政策文号、政策行业等字段，并对全国各个重点政策网站进行实时追踪，每日进行动态更新，在保证数据隐私安全及合法合规的基础上，运用灵活多变的模型算法构建数据场景，可根据市场政策分析、政策行业细分领域等不同场景，通过自定义数据指标模板实现灵活配置指标组合、不同维度的数据抓取及数据碰撞检验，生成完整真实公正的数据集、数据报告等结果。,"{""other"": [{""name"": ""基建投融资政策查询软件著作权登记证书.pdf"", ""url"": ""https://img.gsdep.cn/default-bucket/2024/11/14/981d1255-771a-4b08-9490-9475bfc992d7_20241114105235A196.pdf""}], ""safety"": [], ""sample"": [], ""example"": [{""name"": ""样例数据-基建投融资政策数据集.zip"", ""url"": ""https://img.gsdep.cn/default-bucket/2024/11/14/bc1e7e66-2b69-475c-911d-234940fea353_20241114105230A195.zip""}]}","{""sample"":[],""safety"":[],""example"":[{""name"":""样例数据-基建投融资政策数据集.zip"",""url"":""https://img.gsdep.cn/default-bucket/2024/11/14/bc1e7e66-2b69-475c-911d-234940fea353_20241114105230A195.zip""}],""other"":[{""name"":""基建投融资政策查询软件著作权登记证书.pdf"",""url"":""https://img.gsdep.cn/default-bucket/2024/11/14/981d1255-771a-4b08-9490-9475bfc992d7_20241114105235A196.pdf""}]}",,,基建投融资政策数据查询,0.00,"<p><span style=""color: rgb(85, 85, 85); background-color: rgb(245, 247, 250); font-size: 14px;"">基于本数据产品“基建投融资政策数据查询”和区域投资潜力评价模型为中交投资客户定制化开发大数据辅助区域投资定制化数据应用，以辅助甲方进行市场开发和投资决策提供支撑，并提供持续性数据更新服务，在注重产品的友好性交互以及产品界面美观的基础上，满足基础数据以及模型测算结果的区域可视化呈现、动态关联、数据查询、汇总分析和下载等功能。</span></p><p><span style=""color: rgb(85, 85, 85); background-color: rgb(245, 247, 250); font-size: 14px;"">在数据处理过程中，包括数据采集、整合与转换、清洗与验证、标准化和分类处理等。 1.数据采集：使用Kettle（PentahoDataIntegration，开源的ETL工具）进行二次开发。数据交换引擎负责实现多源异构数据之间的同步和交换，通过API接口、文件传输、数据库连接等方式，确保数据能够从互联网及自建系统中实时、准确地获取。 2.数据整合与转换：采用数据仓库技术，将不同数据源的数据进行格式转换和标准化处理，构建星型或雪花型数据模型，实现数据的统一管理。使用ETL工具进行数据抽取（Extract）、转换（Transform）和加载（Load）。 3.数据清洗与验证：利用数据清洗工具和自定义脚本，对数据进行全面的清洗和验证，去除冗余数据、修正错误数据并处理缺失值，确保数据的准确性和可靠性。 4.数据标准化和分类处理：对数据进行标准化处理，确保数据格式和单位的一致性，同时根据数据的性质和用途进行分类存储和管理。使用数据字典和元数据管理工具，保证数据的可追溯性和一致性。 5.数据加密与解密：在数据传输和存储过程中，采用对称加密（如AES）和非对称加密（如RSA）技术来确保数据的安全性等。</span></p>",DATASET,,FINANCIAL_SERVICES,620000,,,UAS24111410504773009,,北京明树数据科技有限公司,0%,,2024-11-14 13:44:41,ON_SHELF,2024-11-14 13:44:41,,U24111309332286304,,
,,,,,2024-11-14 11:06:00,,620100,,APPROVED,1,基层善治平台以党建统领，贯彻“基层安则国家安，基层强则国家强”的思想，按照“田字型”的治理理念，实现“一张地图知晓社情民意，一部手机实施基层治理”，多端守护服务“一老一小”，做到“人在格中走，事在格中办、小事不出村、大事不出镇、矛盾不上交、服务不缺位”，达成“底数清、情况明、管得住、自治好、服务优、负担轻”的管理目标，形成共治、法治、德治、自治、善治“五治一体”和“一网统管”的基层治理新格局。,中电万维信息技术有限责任公司,,2024-11-14 10:54:18,,,,,PD24111410541814203,TELECOM,False,http://img.gsdep.cn/default-bucket/2024/11/14/25dc7bf7-7f83-4afd-823e-e6d1c37b80b7_20241114105202A194.jpg,,2024-11-14 11:06:58,OP203406,,0,0.0,,"{""other"": [], ""safety"": [], ""sample"": []}","{""sample"":[],""safety"":[],""other"":[]}",,,基层善治,0.00,"<p style=""text-align: start;"">1.底数清—一张地图掌握民情</p><p style=""text-align: start;"">全量汇聚基层数据要素，以地图为载体，依托大数据、物联网等技术，围绕“社区管理、基层治理、便民服务、十五分钟生活圈”等业务板块，建设态势呈现、辅助决策的可视化平台，推动基层治理数据资源的集成共享和基层服务的创新应用，为街道及社区提供可视化分析大屏，为领导决策提供数据支撑。</p><p style=""text-align: start;"">2.情况明：一组网格智慧治理</p><p style=""text-align: start;"">聚焦社区和街道两级事件处置建设事件中心，接受来自12345、小程序、基层上报、舆情平台以及其他物联网感知设备等多源事项的统一汇聚，提供事件处置的两级联办机制，实现事件社区内微循环和街道内小循环群众诉求能够及时响应，工作人员能够就近派单处理事项。</p><p style=""text-align: start;"">3.管的住：一批场景高效管理</p><p style=""text-align: start;"">围绕“市场监管、公共服务、综合执法、社会治理、经济调节”等政府五大职能，以基层社会治理中落实党建引领、化解矛盾纠纷、防范风险隐患、服务社会民生等需求为牵引，建设各类应用场景，构建全市各职能部门以数字赋能基层社会治理的重要抓手。</p><p style=""text-align: start;"">4.负担轻：一套工具基层减负</p><p style=""text-align: start;"">面向政府各委办局及基层打造的工作减负平台，实现委办局业务数据和基层人地事物情数据横纵向互通互享，辅助报表自由设计、自动报送等功能，实现对基层及委办局大多数报表的自动统计、报送，实现数据/报表减负；整合智能外呼、短信、采集模板等功能，实现精准人员一键筛选、批量通知、批量采集，将原来点对点的工作转变为一对多，实现任务/走访减负。</p><p style=""text-align: start;"">5.自治好:一套机制居民自治</p><p style=""text-align: start;"">为打造共建共治的基层治理新格局、新模式， 深入实施「平安细胞工程」，巩固深化「人工智能+网格化+群众路线」运行机制，以基层治理信息化平台为支撑，以全科网格为抓手，以践行群众路线为根本，将辖区群众、在职党员、退役军人、志愿者等群体全面融合，提供随手拍、民情恳谈、矛盾调节、投票表决、问卷调查等应用，全面做实基层社会治理。</p><p style=""text-align: start;"">6.服务优：一部手机为民服务</p><p style=""text-align: start;"">面向居民提供便民服务入口、打造“15分钟生活圈、求职招聘、邻里互动、居民活动、居民积分”兑换等各类社区便民服务应用，整合各类线上、线下民生服务资源，建立社区生活服务运营生态体系，推进商业与物业、消费与生活、居家与社区等多场景服务融合，形成“社会服务+居民评价+政府监管”的良好发展局面。</p>",DATA_REPORT,,URBAN_GOVERNANCE,620000,,,,,中电万维信息技术有限责任公司,0%,,2024-11-14 11:07:09,ON_SHELF,2024-11-14 11:07:09,,U24102209273438906,,
,,,,,2024-11-14 11:34:32,,620100,,APPROVED,1,以融合创新为引领，促进产业整合。深入推进产业数字化转型，促进畜牧产业与互联网+深度融合，创新发展模式，延伸产业链，加快产业转型升级，培育产业新型业态，促进乡村振兴高质量发展。,中电万维信息技术有限责任公司,,2024-11-14 11:34:23,,,,,PD24111411342306007,TELECOM,False,http://img.gsdep.cn/default-bucket/2024/11/14/fe1c3058-3a41-4e33-9271-7496dea0c56a_20241114113309A214.jpg,,2024-11-14 11:35:51,OP203406,,0,0.0,,"{""other"": [], ""safety"": [], ""sample"": []}","{""sample"":[],""safety"":[],""other"":[]}",,,农文旅电商,0.00,"<p><span style=""color: rgb(34, 34, 34); background-color: rgb(255, 255, 255);"">以融合创新为引领，促进产业整合。深入推进产业数字化转型，促进畜牧产业与互联网+深度融合，创新发展模式，延伸产业链，加快产业转型升级，培育产业新型业态，促进乡村振兴高质量发展。</span></p>",DATA_REPORT,,CULTURAL_TOURISM,620000,,,,,中电万维信息技术有限责任公司,0%,,2024-11-14 11:36:02,ON_SHELF,2024-11-14 11:36:02,,U24102209273438906,,
,,,,,2024-11-14 11:03:53,,620100,,APPROVED,1,"智慧养老平台充分融合人工智能、大数据、物联网、5G等信息技术，聚焦老年人面临的“急难愁盼”等核心问题和提升政府服务管理效率2个关键着力点,围绕居家养老、社区养老、机构养老以及服务监管等多个层面，构建了一套智慧养老整体解决方案。通过平台聚合周边各类养老服务资源，实现老人、民政部门以及服务机构之间的无缝对接与实时交互,为养老服务管理的便捷化、高效化和老年人晚年生活提供坚实的技术支撑与保障。",中电万维信息技术有限责任公司,,2024-11-14 11:03:42,,,,,PD24111411034170402,TELECOM,False,http://img.gsdep.cn/default-bucket/2024/11/14/beb2265a-f36c-4e7e-83a8-98333c8c9ea5_20241114110049A198.jpg,,2024-11-14 11:04:41,OP203406,,0,0.0,,"{""other"": [], ""safety"": [], ""sample"": []}","{""sample"":[],""safety"":[],""other"":[]}",,,智慧养老,0.00,"<p style=""text-align: start;"">1.业务融合</p><p style=""text-align: start;"">与数字乡村融合，建立农村基层网格员和家庭协同守护应用模式。</p><p style=""text-align: start;"">与智慧社区融合，社区与家庭协同服务，提升社区与家庭服务融通能力。</p><p style=""text-align: start;"">与医疗健康融合，对接健康档案、老年人失能等级评估等，提升医养服务能力。</p><p style=""text-align: start;"">2.多端联动</p><p style=""text-align: start;"">构建“智能终端+APP+PC+IPTV+大屏+微信小程序”的多终端服务界面，充分发挥协同联动作用。</p><p style=""text-align: start;"">整合天翼高清资源，联动社区+商家，为老年人提供基于IPTV和大屏应用的智慧健康、互动娱乐、老年大学等服务。</p><p style=""text-align: start;"">3.数据智能</p><p style=""text-align: start;"">基于物联网、大数据、AI等技术，构建老人健康画像，实现健康预测、精准推送、智能看护能力。</p><p style=""text-align: start;"">基于老人健康模型及数据，构建老人健康知识图谱。</p><p style=""text-align: start;"">基于数字化平台运营中台能力，实现智慧运营。</p><p style=""text-align: start;"">4.模式创新</p><p style=""text-align: start;"">构建“底座+能力+生态”的平台模式，实现SaaS化、标品化和多能力融合。</p><p style=""text-align: start;"">基于小场景需求解耦能力，形成小应用原子能力。</p><p><br></p>",DATA_REPORT,,URBAN_GOVERNANCE,620000,,,,,中电万维信息技术有限责任公司,0%,,2024-11-14 11:05:10,ON_SHELF,2024-11-14 11:05:10,,U24102209273438906,,
,,,,政务服务,2024-11-14 11:34:51,,620100,,APPROVED,1,伏羲智数大模型以政府高效协同与履职能力提升为目标，形成“算力、模型、数据、场景”四位一体的新业务发展格局，结合一网统管、民事诉求、一网通办的业务场景，打造数字政府智能助手，打造“一句话”业务办理的极致体验，让“一句话”变成生产力工具，令现“一句话”就可以完成事件要素提取、自动受理分拨、热点主动发现、报告辅助撰写等50+业务场景，助力政府治理更高效、服务更主动、决策更精准。,中电万维信息技术有限责任公司,,2024-11-14 11:09:34,,,,,PD24111411093442803,TELECOM,False,http://img.gsdep.cn/default-bucket/2024/11/14/ac4c00d2-89f6-402f-9f09-b9c161b0aa94_20241114110839A199.jpg,,2024-11-14 11:35:03,OP203406,,0,0.0,伏羲智数大模型以政府高效协同与履职能力提升为目标，形成“算力、模型、数据、场景”四位一体的新业务发展格局，结合一网统管、民事诉求、一网通办的业务场景，打造数字政府智能助手，打造“一句话”业务办理的极致体验，让“一句话”变成生产力工具，令现“一句话”就可以完成事件要素提取、自动受理分拨、热点主动发现、报告辅助撰写等50+业务场景，助力政府治理更高效、服务更主动、决策更精准。,"{""other"": [], ""safety"": []}","{""safety"":[],""other"":[]}",,,伏羲智数大模型,0.00,"<p style=""text-align: start;"">伏羲智数大模型以政府高效协同与履职能力提升为目标，形成“算力、模型、数据、场景”四位一体的新业务发展格局，结合一网统管、民事诉求、一网通办的业务场景，打造数字政府智能助手，打造“一句话”业务办理的极致体验，让“一句话”变成生产力工具，令现“一句话”就可以完成事件要素提取、自动受理分拨、热点主动发现、报告辅助撰写等50+业务场景，助力政府治理更高效、服务更主动、决策更精准。</p>",AI_MODEL,,URBAN_GOVERNANCE,620000,,,,,中电万维信息技术有限责任公司,0%,,2024-11-14 11:36:14,ON_SHELF,2024-11-14 11:36:14,,U24102209273438906,,
,,,,现代农业,2024-11-14 11:34:51,,620100,,APPROVED,1,基于农业行业数据，应用大模型技术打造农业行业大模型，为全国60万农技员提供专业服务工具。面向200万合作社、400万家庭农场等新型经营主体及广大农户提供一系列智能化解决方案，为政府农业农村科学决策提供辅助工具。,中电万维信息技术有限责任公司,,2024-11-14 11:11:01,,,,,PD24111411110147606,TELECOM,False,http://img.gsdep.cn/default-bucket/2024/11/14/a258aab3-f2b3-4a6a-a9ce-0d3156d7b42e_20241114110952A200.jpg,,2024-11-14 11:35:06,OP203406,,0,0.0,基于农业行业数据，应用大模型技术打造农业行业大模型，为全国60万农技员提供专业服务工具。面向200万合作社、400万家庭农场等新型经营主体及广大农户提供一系列智能化解决方案，为政府农业农村科学决策提供辅助工具。,"{""other"": [], ""safety"": []}","{""safety"":[],""other"":[]}",,,神农大模型,0.00,"<p style=""text-align: start;"">基于农业行业数据，应用大模型技术打造农业行业大模型，为全国60万农技员提供专业服务工具。面向200万合作社、400万家庭农场等新型经营主体及广大农户提供一系列智能化解决方案，为政府农业农村科学决策提供辅助工具。</p>",AI_MODEL,,MODERN_AGRICULTURE,620000,,,,,中电万维信息技术有限责任公司,0%,,2024-11-14 11:36:14,ON_SHELF,2024-11-14 11:36:14,,U24102209273438906,,
,,,,文图共生,2024-11-14 11:34:49,,620100,,APPROVED,1,基于星辰多模态大模型Telelmage，实现文图共生大模型，为用户提供更极致、更多样的AIGC创作体验，用户可以“一键生成”各类高品质、大规模、定制化、快响应、低成本的应用营销设计物料，助力用户设计营销新未来。,中电万维信息技术有限责任公司,,2024-11-14 11:13:29,,,,,PD24111411132885907,TELECOM,False,http://img.gsdep.cn/default-bucket/2024/11/14/c5566951-410a-4eae-bec1-030ea494fc1d_20241114111119A201.jpg,,2024-11-14 11:35:09,OP203406,,0,0.0,基于星辰多模态大模型Telelmage，实现文图共生大模型，为用户提供更极致、更多样的AIGC创作体验，用户可以“一键生成”各类高品质、大规模、定制化、快响应、低成本的应用营销设计物料，助力用户设计营销新未来。,"{""other"": [], ""safety"": []}","{""safety"":[],""other"":[]}",,,神笔马良大模型,0.00,"<p style=""text-align: start;"">基于星辰多模态大模型Telelmage，实现文图共生大模型，为用户提供更极致、更多样的AIGC创作体验，用户可以“一键生成”各类高品质、大规模、定制化、快响应、低成本的应用营销设计物料，助力用户设计营销新未来。</p>",AI_MODEL,,SCIENTIFIC_INNOVATION,620000,,,,,中电万维信息技术有限责任公司,0%,,2024-11-14 11:36:13,ON_SHELF,2024-11-14 11:36:13,,U24102209273438906,,
,,,,智慧办公、智能审批,2024-11-14 11:34:48,,620100,,APPROVED,1,基于通用大模型，结合办公业务特性和场景数据，构建综合办公大型，提供文本成、会议信息抽取、周报整理、智能摘要、模板推荐、任务识别以及智能审批等能力，快速打通AI在各个办公场景中的应用，大幅提高办公效率。,中电万维信息技术有限责任公司,,2024-11-14 11:16:23,,,,,PD24111411162345907,TELECOM,False,http://img.gsdep.cn/default-bucket/2024/11/14/ffc130cf-c637-4bd2-96d2-876286c81af3_20241114111601A203.jpg,,2024-11-14 11:35:13,OP203406,,0,0.0,基于通用大模型，结合办公业务特性和场景数据，构建综合办公大型，提供文本成、会议信息抽取、周报整理、智能摘要、模板推荐、任务识别以及智能审批等能力，快速打通AI在各个办公场景中的应用，大幅提高办公效率。,"{""other"": [], ""safety"": []}","{""safety"":[],""other"":[]}",,,翰林大模型,0.00,"<ul><li style=""text-align: start;"">基于通用大模型，结合办公业务特性和场景数据，构建综合办公大型，提供文本成、会议信息抽取、周报整理、智能摘要、模板推荐、任务识别以及智能审批等能力，快速打通AI在各个办公场景中的应用，大幅提高办公效率。</li></ul>",AI_MODEL,,SCIENTIFIC_INNOVATION,620000,,,,,中电万维信息技术有限责任公司,0%,,2024-11-14 11:36:13,ON_SHELF,2024-11-14 11:36:13,,U24102209273438906,,
,,,,,2024-11-14 11:34:47,,620100,,APPROVED,1,采用无侵入式数据采集流批一体处理框架、仓湖一体化数据处理、即插即用的共享交换架构等先进技术，构建了“1+8+N”的总体架构。通过向下整合和集中，向上共享和集成的农业农村数据汇聚和应用集成服务，为规范农业农村行业数据标准，贯通部、省、市三级数据提供有力支撑，推动了农业大数据的深入应用和发展。,中电万维信息技术有限责任公司,,2024-11-14 11:18:01,,,,,PD24111411180096109,TELECOM,False,http://img.gsdep.cn/default-bucket/2024/11/14/30255f25-da3d-407a-ae0a-d77a3d2ab050_20241114111702A204.jpg,,2024-11-14 11:35:16,OP203406,,0,0.0,,"{""other"": [], ""safety"": [], ""sample"": []}","{""sample"":[],""safety"":[],""other"":[]}",,,农业农村大数据平台,0.00,"<p><span style=""color: rgb(34, 34, 34); background-color: rgb(255, 255, 255);"">采用无侵入式数据采集流批一体处理框架、仓湖一体化数据处理、即插即用的共享交换架构等先进技术，构建了“1+8+N”的总体架构。通过向下整合和集中，向上共享和集成的农业农村数据汇聚和应用集成服务，为规范农业农村行业数据标准，贯通部、省、市三级数据提供有力支撑，推动了农业大数据的深入应用和发展。</span></p>",DATA_REPORT,,MODERN_AGRICULTURE,620000,,,,,中电万维信息技术有限责任公司,0%,,2024-11-14 11:36:12,ON_SHELF,2024-11-14 11:36:12,,U24102209273438906,,
,,,,,2024-11-14 11:34:43,,620100,,APPROVED,1,紧贴国家重点推进“宜居宜业和美乡村”建设战略，围绕基层治理、工作服务、产业服务、户情管理、惠民服务等重点方向，以助力加强基层党建、提升乡村治理效能、畅通民意民情、便捷百姓生产生活为目标，推出多个核心功能，为乡镇基层政府提供乡村治理的抓手，助力乡村产业发展，拓宽老百姓涉农补贴申报和民情互动的渠道，解决农村农户数据收集难问题，提升多村治理数字化水平。,中电万维信息技术有限责任公司,,2024-11-14 11:18:54,,,,,PD24111411185445309,TELECOM,False,http://img.gsdep.cn/default-bucket/2024/11/14/3c83055f-5a36-4338-98cc-69bef8dcb384_20241114111817A205.jpg,,2024-11-14 11:35:19,OP203406,,0,0.0,,"{""other"": [], ""safety"": [], ""sample"": []}","{""sample"":[],""safety"":[],""other"":[]}",,,数字乡村平台,0.00,"<p><span style=""color: rgb(34, 34, 34); background-color: rgb(255, 255, 255);"">紧贴国家重点推进“宜居宜业和美乡村”建设战略，围绕基层治理、工作服务、产业服务、户情管理、惠民服务等重点方向，以助力加强基层党建、提升乡村治理效能、畅通民意民情、便捷百姓生产生活为目标，推出多个核心功能，为乡镇基层政府提供乡村治理的抓手，助力乡村产业发展，拓宽老百姓涉农补贴申报和民情互动的渠道，解决农村农户数据收集难问题，提升多村治理数字化水平。</span></p>",DATA_REPORT,,MODERN_AGRICULTURE,620000,,,,,中电万维信息技术有限责任公司,0%,,2024-11-14 11:36:09,ON_SHELF,2024-11-14 11:36:09,,U24102209273438906,,
,,,,,2024-11-14 11:34:42,,620100,,APPROVED,1,围绕“巩固脱贫攻坚成果衔接乡村振兴” 战略目标，聚焦“常态化返贫监测、常态化帮扶落实、巩固帮扶成果、乡村振兴衔接” 四大业务场景，以标准规范为基础，构建一个可标准化、可产品化、可定制化的Saas应用平台，包括工作平台、决策平台和服务平台，配置PC端、APP端、微信扫一扫三个入口，提供基础信息、动态监测、 数据共享、风险预警、决策分析、工作台等六大应用。,中电万维信息技术有限责任公司,,2024-11-14 11:19:48,,,,,PD24111411194836008,TELECOM,False,http://img.gsdep.cn/default-bucket/2024/11/14/55760ed8-7098-489b-a222-e7720f2ac45c_20241114111912A206.jpg,,2024-11-14 11:35:22,OP203406,,0,0.0,,"{""other"": [], ""safety"": [], ""sample"": []}","{""sample"":[],""safety"":[],""other"":[]}",,,防返贫监测帮扶平台,0.00,"<p><span style=""color: rgb(34, 34, 34); background-color: rgb(255, 255, 255);"">围绕“巩固脱贫攻坚成果衔接乡村振兴” 战略目标，聚焦“常态化返贫监测、常态化帮扶落实、巩固帮扶成果、乡村振兴衔接” 四大业务场景，以标准规范为基础，构建一个可标准化、可产品化、可定制化的Saas应用平台，包括工作平台、决策平台和服务平台，配置PC端、APP端、微信扫一扫三个入口，提供基础信息、动态监测、 数据共享、风险预警、决策分析、工作台等六大应用。</span></p>",DATA_REPORT,,MODERN_AGRICULTURE,620000,,,,,中电万维信息技术有限责任公司,0%,,2024-11-14 11:36:09,ON_SHELF,2024-11-14 11:36:09,,U24102209273438906,,
,,,,,2024-11-14 11:34:41,,620100,,APPROVED,1,平台集成了物联网、大数据、云计算、人工智能等技术，覆盖高标准农田管护、粮食作物制种监管、精准种植、数智养殖、农产品追溯、智慧冷链等业务领域，旨在提高农业生产效率、降低成本、提升农产品品质和安全性，为农业生产和管理提供全方位的信息化支持，推动农业可持续发展。,中电万维信息技术有限责任公司,,2024-11-14 11:20:37,,,,,PD24111411203656608,TELECOM,False,http://img.gsdep.cn/default-bucket/2024/11/14/8c0e00b5-84da-4859-80e2-0c1acb604c0d_20241114111956A207.jpg,,2024-11-14 11:35:25,OP203406,,0,0.0,,"{""other"": [], ""safety"": [], ""sample"": []}","{""sample"":[],""safety"":[],""other"":[]}",,,智慧农业平台,0.00,"<p><span style=""color: rgb(34, 34, 34); background-color: rgb(255, 255, 255);"">平台集成了物联网、大数据、云计算、人工智能等技术，覆盖高标准农田管护、粮食作物制种监管、精准种植、数智养殖、农产品追溯、智慧冷链等业务领域，旨在提高农业生产效率、降低成本、提升农产品品质和安全性，为农业生产和管理提供全方位的信息化支持，推动农业可持续发展。</span></p>",DATA_REPORT,,MODERN_AGRICULTURE,620000,,,,,中电万维信息技术有限责任公司,0%,,2024-11-14 11:36:08,ON_SHELF,2024-11-14 11:36:08,,U24102209273438906,,
,,,,,2024-11-14 11:34:40,,620100,,APPROVED,1,"城市大脑是智慧城市的新型数字基础设施，“城市大脑”由“6个1+N”即一张网、一朵云、一个底座、一个运营中心、一个城市入口、一个团队以及N个智慧场景构成，通过聚合城市资源、深度融合新型信息技术，挖掘类据价值,利用数据驱动城市发展，实现对城市的态势感知、精准分析、整体研判、协同调度，全面推动城市治理体系和治理能力现代化，助力城市高质量发展。",中电万维信息技术有限责任公司,,2024-11-14 11:22:32,,,,,PD24111411223166106,TELECOM,False,http://img.gsdep.cn/default-bucket/2024/11/14/19e7f9f9-a486-4f26-9c77-28bb3df6c683_20241114112101A208.jpg,,2024-11-14 11:35:28,OP203406,,0,0.0,,"{""other"": [], ""safety"": [], ""sample"": []}","{""sample"":[],""safety"":[],""other"":[]}",,,城市大脑,0.00,"<p style=""text-align: start;"">1.数据赋能 </p><p style=""text-align: start;"">汇聚城市各个行业数据资源，形成数据资源目录，建立统一数仓，提供数据治理和共享交换能力，提供数据服务和数据运营能力。</p><p style=""text-align: start;"">2.技术赋能 </p><p style=""text-align: start;"">通过AI智能算法和大数据计算模型等技术能力对汇聚的底层数据进行分析和处理，形成可支撑不同行业、部门的智能引擎。</p><p style=""text-align: start;"">3.业务赋能</p><p style=""text-align: start;"">为上层应用和场景提供时空信息、物联感知、视频融合、融合通信、公共支撑、可视化展示等可复用的共性支撑能力。</p>",DATA_REPORT,,URBAN_GOVERNANCE,620000,,,,,中电万维信息技术有限责任公司,0%,,2024-11-14 11:36:07,ON_SHELF,2024-11-14 11:36:07,,U24102209273438906,,
,,,,,2024-11-14 11:34:39,,620100,,APPROVED,1,"一网慧治平台以党建统领，贯彻“基层安则国家安,基层强则国家强”的思想,按照“田字型”的治理理念，实现“张地图知晓社情民意，一部手机实施基层治理”，做到“人在格中走,事在格中办、小事不出村、大事不出镇、矛盾不上交、服务不缺位”，达成“底数清、情况明、管得住、自治好、服务优”的管理目标，形成共治、法治、德治、自治、善治“五治一体”和“一网统管”的基层治理新格局。",中电万维信息技术有限责任公司,,2024-11-14 11:24:11,,,,,PD24111411241107003,TELECOM,False,http://img.gsdep.cn/default-bucket/2024/11/14/01a14025-1f97-4b20-87c4-e298b22d0390_20241114112311A209.jpg,,2024-11-14 11:35:31,OP203406,,0,0.0,,"{""other"": [], ""safety"": [], ""sample"": []}","{""sample"":[],""safety"":[],""other"":[]}",,,一网慧治平台,0.00,"<p style=""text-align: left;"">1.全要素网格 </p><p style=""text-align: left;"">基于“人、事、地、物、组织”全要素多源数据汇聚，构建平战结合的业务协同机制。按照“多格融合、一格一员、责任到人”实现全科网格化治理，优化现有网格管理体系，实现“一网慧治”，有效提升基层工作管理效能。</p><p style=""text-align: left;"">2.基层云助手 </p><p style=""text-align: left;"">建设基层数据仓，汇聚基层及各委办局平台数据，打造报表统计及智能报送应用，实现主观报表自由配置、即填即报，客观报表自动统计、自动报送，全面解放社区工作人员报表工作，腾出精力投人基层服务工作。对通过表格“都填、帮补、都比”功能，实现表格“一键上传、自动匹配、智能填补”，辅助社区实现报表快速统计，全面提升社区数据相关工作50%。</p><p style=""text-align: left;"">3.接诉即办 </p><p style=""text-align: left;"">面向网格工作员提供移动工作平台，实现“即到即采、即采即传、即查即用“，方便社区网格走街入户、发现问题、上报工作、实时维护基础数据。</p><p style=""text-align: left;"">4.便民服务 </p><p style=""text-align: left;"">平台提供掌上便民政务服务，变“群众跑腿”为“信息跑路”，变“群众来回跑”为“部门协同办”，变“被动服务”为“主动服务”，打通政务服务“最后一公里”。</p>",DATA_REPORT,,URBAN_GOVERNANCE,620000,,,,,中电万维信息技术有限责任公司,0%,,2024-11-14 11:36:07,ON_SHELF,2024-11-14 11:36:07,,U24102209273438906,,
,,,,,2024-11-14 11:34:36,,620100,,APPROVED,1,"城市运行监测预警平台是基于A1、物联网、视联网技术，实现城市终端监测、决策预警的一体化平台。通过低代码配置，场景化开发，连接城市终端，采集城市数据，准确分析城市监测信息，实时预警，帮助城市管理者全面感知环境、优化资源调度,助力打造安全、高效可持续发展的智慧城市。",中电万维信息技术有限责任公司,,2024-11-14 11:26:01,,,,,PD24111411260085302,TELECOM,False,http://img.gsdep.cn/default-bucket/2024/11/14/f0058b12-63ef-421a-89f3-8813dc6fc279_20241114112432A210.jpg,,2024-11-14 11:35:40,OP203406,,0,0.0,,"{""other"": [], ""safety"": [], ""sample"": []}","{""sample"":[],""safety"":[],""other"":[]}",,,城市运行监测预警平台,0.00,"<p style=""text-align: start;"">1.零代码场景配置 </p><p style=""text-align: start;"">通过使用拖拉拽操作，用户可以在场景模板中快速搭建所需的场景。每个场景模板都根据特定行业特征内置了公共解析库、设备模型和预警规则等组件，以帮助用户快速完成自己的应用场景构建。</p><p style=""text-align: start;"">2.运行监测 </p><p style=""text-align: start;"">实时监控、地图空间定位、报警推送和报警处置跟踪等功能，实现对运行状态、设备位置、异常报警等进行监测和管理，实现对城市的全面监测和管理，提高城市运行管理的可靠性、安全性和效率。</p><p style=""text-align: start;"">3.预警预报 </p><p style=""text-align: start;"">通过各种监测设备(物联感知、视联感知)和技术手段(AI、大模型、大数据)，对城市中的各种风险和问题进行全面、实时的监测和预警，构建城市级预警预报体系，及时了解和掌握城市运行的状态和风险情况，从而做出科学、合理的决策和应对措施。</p><p style=""text-align: start;"">4.联动处置 </p><p style=""text-align: start;"">整合各种应急服务资源，实现跨部门、跨地区、跨层级的协同合作，以应对突发事件和紧急状况。通过加强应急联动处置机制的建设和完善，可以提高应急响应的速度和效率，减少灾害损失。</p><p style=""text-align: start;"">5.分析研判 </p><p style=""text-align: start;"">通过预估预测和风险研判两方面功能，结合历史数据、实时监测信息配合大数据模型演练，对城市运行状态进行预测和深入分析，提前发现潜在问题和风险，为决策者提供科学依据和参考，以有效应对城市运行中可能出现的各种挑战和困难。</p>",DATA_REPORT,,URBAN_GOVERNANCE,620000,,,,,中电万维信息技术有限责任公司,0%,,2024-11-14 11:36:05,ON_SHELF,2024-11-14 11:36:05,,U24102209273438906,,
,,,,,2024-11-14 11:34:37,,620100,,APPROVED,1,基于文博领域特点和市场需求，面向文旅主管部门、文博院馆、红色景区、文博资源研究机构等提供基于5G、AI、大数据、XR、3D可视化、区块链等创新科技的智慧服务、智慧保护、智慧管理综合解决方案。,中电万维信息技术有限责任公司,,2024-11-14 11:30:03,,,,,PD24111411300341705,TELECOM,False,http://img.gsdep.cn/default-bucket/2024/11/14/3c1617c0-e478-46a8-b589-c3c202d00111_20241114112828A211.jpg,,2024-11-14 11:35:35,OP203406,,0,0.0,,"{""other"": [], ""safety"": [], ""sample"": []}","{""sample"":[],""safety"":[],""other"":[]}",,,数字文博云,0.00,<p>1.数字服务快速上线</p><p>2.特色应用单元部署</p><p>3.文化数字资源科学关联</p>,DATA_REPORT,,CULTURAL_TOURISM,620000,,,,,中电万维信息技术有限责任公司,0%,,2024-11-14 11:36:06,ON_SHELF,2024-11-14 11:36:06,,U24102209273438906,,
,,,,,2024-11-14 11:34:34,,620100,,APPROVED,1,"整合零散、孤立的公共文化资源，为市民提供一站式数字公共文化服务，解决公共文化服务过程中的“我要知道”，“我要参与”，“我要评论”，“我要互动”四大需求，帮助文化单位快速提升公共文化服务效能。
助力文博领域实现了：文化资源高效整合的标准体系+AI分析精准服务的技术手段+服务落地价值再生的运营机制。",中电万维信息技术有限责任公司,,2024-11-14 11:30:43,,,,,PD24111411304259205,TELECOM,False,http://img.gsdep.cn/default-bucket/2024/11/14/34a3d2d1-1092-423c-ae7e-c34f4d58d89a_20241114113019A212.jpg,,2024-11-14 11:35:45,OP203406,,0,0.0,,"{""other"": [], ""safety"": [], ""sample"": []}","{""sample"":[],""safety"":[],""other"":[]}",,,公共文化云,0.00,"<p style=""text-indent: 2em; text-align: left;"">整合零散、孤立的公共文化资源，为市民提供一站式数字公共文化服务，解决公共文化服务过程中的“我要知道”，“我要参与”，“我要评论”，“我要互动”四大需求，帮助文化单位快速提升公共文化服务效能。</p><p style=""text-indent: 2em; text-align: left;"">助力文博领域实现了：文化资源高效整合的标准体系+AI分析精准服务的技术手段+服务落地价值再生的运营机制。</p>",DATA_REPORT,,CULTURAL_TOURISM,620000,,,,,中电万维信息技术有限责任公司,0%,,2024-11-14 11:36:05,ON_SHELF,2024-11-14 11:36:05,,U24102209273438906,,
