applyState,attribute,attribute_dictText,auditBy,auditName,auditTime,batchNumber,boutique,browse,caseTime,category,category_dictText,contractModleName,contractModleUrl,createBy,createName,createTime,delFlag,description,frozenStatus,fwType,fwTypeName,fwType_dictText,hwPrice1,hwPrice2,hwPrice3,hwPriceList,id,introduction,label,labelIds,level,logo,logoUrl,name,negotiation,negotiation_dictText,newProduct,opinion,outTime,price,purchase,realNameType,scene,sceneName,scene_dictText,serviceDescription,serviceFeeRatio,serviceName,serviceNote,serviceState,shelf,shelfApplyFileName,shelfApplyFileUrl,shelfTime,source,status,subject,subjectName,supplierId,themeId,themeId_dictText,totalPrice,tradeUserType,type,updateBy,updateTime,url,violationStatus,warnProcessTime
,3,数据报告,,,,,,1434,,3,数据报告,,,,长沙数据登记管理中心有限公司,2024-05-16,,,,,,,,,,,1738017350202544130,小流域监测数据数据量查询服务是用于查询小流域监测数据的数据量的服务。通过该服务，您可以了解小流域监测数据的具体数据量，包括数据的总量、数据的频率、数据的范围，为政府、企业和研究机构提供决策支持和科学依据。,,水纹数据,,,https://s-minio.hunandex.com/hunan/商品审核/8595f9224b274c6cb02383a9f9ff3f4a.webp,小流域监测数据数据量,,,,,,1980元,,,1042,,城市治理,,,,,,,,,,,,,,,,,1980,,03,,,,,
,3,数据报告,,,,,,1117,,3,数据报告,,,,长沙数据登记管理中心有限公司,2024-05-16,,,,,,,,,,,1738022489818779649,主要用于查询遥测信息表中的数据量。遥测信息表通常记录了各种传感器、设备或系统在不同时间点的数据，这些数据可以用于监测、分析、预测和决策等应用。,,空天数据,,,https://s-minio.hunandex.com/hunan/商品审核/f7b39d7f85fc4c33898fb2e503711870.webp,遥测信息表数据量,,,,,,10000元,,,1048,,卫星遥感,,,,,,,,,,,,,,,,,10000,,03,,,,,
,2,数据集,,,,,,1080,,2,数据集,,,,长沙数据登记管理中心有限公司,2024-05-16,,,,,,,,,,,1793887068298223618,真实、完整、可溯源、标准化的TMAO数据库，包含不少于3000篇文献及专利。具体包括：1.总库①文献总库②专利总库2.子库①疾病库②影响因素库③检测检验库,,生物标志物信息,,,https://s-minio.hunandex.com/hunan/商品审核/f511e402297d4fa4a3cfa3a658c595ce.png,肠道菌群代谢产物TMAO数据库,,,,,,99999元,,,1044,,医疗健康,,,,,,,,,,,,,,,,,99999,,02,,,,,
,3,数据报告,,,,,,813,,3,数据报告,,,,长沙数据登记管理中心有限公司,2024-05-16,,,,,,,,,,,1805855188650278913,人类白细胞抗原（HLA）基因-药物/疾病关联数据分析报告，基于PharmGKB数据库、PubMed数据库、NICE和NGC数据库、FDA和NMPA官网等数据源，通过人工筛选、录入、双人审核与校对等方法，总计分析约6000篇文献的数据，展示了HLA基因与药物疗效、不良反应之间的关联信息，以及HLA不同等位基因对自身免疫性疾病、病毒感染性疾病、肿瘤或癌症及移植等疾病的影响。,,生物标志物信息,,,https://s-minio.hunandex.com/hunan/商品审核/203859d213d94b449afb630c16bc9ea3.png,HLA基因-药物/疾病关联数据分析报告,,,,,,0元,,,1044,,医疗健康,,,,,,,,,,,,,,,,,0,,03,,,,,
,1,API,,,,,,409,,1,API,,,,长沙数据登记管理中心有限公司,2024-05-16,,,,,,,,,,,1882683093826621442,行业通用高精地图产品具有高精度、多维度信息、动态更新等特点，利用先进的技术手段，提取有价值的信息和规律，为用户提供定制化服务和一站式解决方案。行业通用高精度地图产品包含1:2000比例尺、1:5000比例尺、1:10000比例尺、1:100000比例尺地图产品，主要包含路网、水系、房屋、植被、POI、AOI、标准地址的地图数据，可以展示图例、调用分析等。能够实现资源一张图、网格一张图的基础能力建设；5G无线应用、业务专项。,,地图信息,,,https://s-minio.hunandex.com/hunan/商品审核/b19cd8aaf855477a9e43b8d534246114.png,行业通用高精地图产品,,,,,,10000000.00元/次,,,1046,,交通运输,,,,,,,,,,,,,,,,,10000000,,01,,,,,
,1,API,,,,,,361,,2,数据集,,,,长沙数据登记管理中心有限公司,2024-05-16,,,,,,,,,,,1882684000068923393,基于地理信息技术和大数据分析能力，通过收集、处理和分析全国范围内的道路网络数据，为用户提供实时、准确的路况信息、路线规划、导航服务以及交通管理等功能。这些产品不仅覆盖了高速公路、国道、省道等主要道路，还涵盖了县道、乡道等各级道路，形成了完整的全国路网信息体系。,,地图信息,,,https://s-minio.hunandex.com/hunan/商品审核/c58d1a64007e47b58a40adaafc325662.png,全国路网数据集产品,,,,,,10000000.00元/次,,,1046,,交通运输,,,,,,,,,,,,,,,,,10000000,,02,,,,,
,1,API,,,,,,315,,1,API,,,,长沙数据登记管理中心有限公司,2024-05-16,,,,,,,,,,,1882684006897250306,基于公开的水质自动监测与手工监测数据、雨量及水文、排污许可数据、排污自行监测数据等，结合自有的河网空间数据、地形数据、遥感土地分类等专题数据，建立“源-网-厂-口-断面”的水质污染网络拓扑关系模型，利用神经网络建模预测，实现对水质监测点的短临24小时、7天水质变化情况预测，含常规五参及其他重点监测项。,,水纹数据,,,https://s-minio.hunandex.com/hunan/商品审核/5583edd068634d25b33ac0fb219bd6a3.png,流域断面水质监测及预测服务,,,,,,250000.00元/次,,,1042,,城市治理,,,,,,,,,,,,,,,,,250000,,01,,,,,
,1,API,,,,,,355,,1,API,,,,长沙数据登记管理中心有限公司,2024-05-16,,,,,,,,,,,1882684010265276417,基于公开的水质自动监测与手工监测数据、雨量及水文，结合公司自有的河网空间数据、地形数据、遥感土地分类等专题数据，进行了整合清洗整合标准化数据结构。基于国家水环境评价标准，对监测数据进行评价计算、水质分析及水文统计，为科研机构、生态环境、水利及河流湖库监管部门提供数据支撑及监测服务。,,水纹数据,,,https://s-minio.hunandex.com/hunan/商品审核/323039ad14a440878a47eff1fcf359a1.png,流域水质与水文气象监测分析服务,,,,,,250000.00元/次,,,1042,,城市治理,,,,,,,,,,,,,,,,,250000,,01,,,,,
"<h3><strong style=""color: rgb(0, 122, 206);"">LawTrust法律合规智库</strong>是全面、权威、便捷的法律数据库。</h3><h3><br></h3><h3>1.4亿+裁判文书、300万+法规政策、近2000万行政处罚文书，可视化智能分析、一键生成检索报告，</h3><h3><br></h3><h3>为合规从业者带来高效便捷的检索体验，省时省力，高效高维。</h3><h3><br></h3><h3><strong>应用场景：</strong>对法律法规、类案同判、司法观点、公司主体等数据有需求的企业</h3><p><br></p><p><img src=""https://s-minio.hunandex.com/hunan/应用商品审核/71143e2145df4160ba76e617ee61c33b.png"" data-extentions-extra-ocr-id=""f564e8d30f5c47427e6e7419049631b2""></p><p><strong style=""color: rgb(0, 102, 204);""> </strong></p><h3><strong style=""color: rgb(0, 102, 204);"">       北京合规科技有限公司（iLaw）</strong>，其总公司为北京新橙科技有限公司（iCourt），总部位于北京DayOne法律</h3><h3><br></h3><h3>科技大楼，并在深圳、郑州、海南、武汉等多地设有办公室。</h3><h3><br></h3><h3>        团队由800多名员工组成，包括法律专家、技术专家、数据运营官等，共同打造优质的合规数字化体系。</h3><h3><br></h3><h3>        公司成立10年以来，建立了坚实的法律合规技术中台，研发了中国第一个智能化的法律操作系统Alpha，用</h3><h3><br></h3><h3>户超过15w+法律合规专业人士。</h3><p><br></p><h3><span style=""color: rgb(230, 0, 0);"">        2018年公司被评为中国大数据100强，是法律行业唯一入选的企业。</span></h3><p><br></p><h3>        在多年的法律合规大数据积累的基础上，公司打造了强大的企业合规产品的研发中台，旨在帮助企业法务部</h3><h3><br></h3><h3>加速数字化建设，助力企业合规经营、行稳致远、科学决策。</h3><p><br></p>",,,1726865221964046338,数据交易,2025-02-24,20250106163705555676,1,460,,,,附件.docx,https://s-minio.hunandex.com/hunan/合同/8349edf789d144db8c56ea6fa023b6cd.docx,8a69f1049405ec630194164610bb0006,北京合规科技有限公司,2025-01-06,1,一次性解决法规订阅难题，洞察监管趋势，致力于保障企业合规管理体系的规范落地与有效实施,1,1059,,数据分析服务,,,,[],1876186212997836801,一次性解决法规订阅难题，洞察监管趋势，致力于保障企业合规管理体系的规范落地与有效实施,"政策分析,合规指南","政策分析,合规指南",,https://s-minio.hunandex.com/hunan/应用商品审核/4c113906e2ec44499b70d6d0df65d24a.png,https://s-minio.hunandex.com/hunan/应用商品审核/4c113906e2ec44499b70d6d0df65d24a.png,LawTrust 合规智库,1,是,1,1,2035-01-31,,,,1038,金融服务,金融服务,,0.05,,,,2,3数据产品上架申请表.pdf,https://s-minio.hunandex.com/hunan/合同/a75811d58b5f4020bfbef221b9e57382.pdf,2025-02-24,1,2,0,,8a69f1fe94031e810194164e4d370028,,,面议,3,3,8a69f1049405ec630194164610bb0006,2026-01-14 16:43:54,,1,
<p>通过百科数据、词库数据、书稿数据三个维度提供知识语料数据集，帮助出版行业更加高效准确的完成选题、撰写、审校等工作</p>,,,1726865221964046338,数据交易,2025-02-28,20240625121008941139,2,333,2024-06-25,,,标注知识语料数据采购协议_LegalClean.docx,https://s-minio.hunandex.com/hunan/合同/1c25f93df111492d8d2fb4ed22ef767e.docx,8a69d8ad8f99fa4801902938d668004b,武汉理工数字传播工程有限公司,2024-06-25,1,从以下三个维度形成知识语料数据集：百科数据（包括法律、审校国际、农业、医疗卫生、计算机、历史、古诗词、历史人名及相关历史事件、地名、古代官职）、词库数据（包括合规风险、首选词等）以及书稿数据（包括红样书稿、书稿案例、企业知识库三个方面），并通过API接口的形式提供，数据内容实时更新。,1,1059,,数据分析服务,,,,"[{""unit"": ""元/天"", ""total"": 0, ""seqNo"": null, ""price"": 750000.0, ""limitCount"": 1, ""effectiveTime"": 1095, ""priceType"": ""1"", ""id"": 2981}]",1805453398972809218,从以下三个维度形成知识语料数据集：百科数据（包括法律、审校国际、农业、医疗卫生、计算机、历史、古诗词、历史人名及相关历史事件、地名、古代官职）、词库数据（包括合规风险、首选词等）以及书稿数据（包括红样书稿、书稿案例、企业知识库三个方面），并通过API接口的形式提供，数据内容实时更新。,"数据存储,数据中心,数据仓库","数据存储,数据中心,数据仓库",,https://s-minio.hunandex.com/hunan/应用商品审核/c4ce4c36c5c14824ab5deab0b8433c95.png,https://s-minio.hunandex.com/hunan/应用商品审核/c4ce4c36c5c14824ab5deab0b8433c95.png,Rays出版融合数据服务,2,否,2,通过,2037-06-29,,,,1051,数据集成,数据集成,,0.0,,,,2,1.数据产品登记申请表（普通）(2)(2).docx,https://s-minio.hunandex.com/hunan/合同/0315799ff4e34b518b336ddebaa370a2.docx,2025-02-28,1,2,0,,8a69f5858f9a1b9101902a52737a0046,,,750000,3,3,8a69d8ad8f99fa4801902938d668004b,2026-01-24 23:18:51,,1,
<p>2023_株洲市渌口区标准地图影像版8开下载，可用于新闻宣传用图、书刊报纸插图、广告展示背景图、工艺品设计底图等，也可作为编制公开版地图的参考底图。</p>,,,1,超级管理员,2024-03-27,20240327133634230774,1,88,,,,新建DOCX文档.docx,https://s-minio.hunandex.com/hunan/合同/40fc4cc1fb974d25be667853ff3ab661.docx,8a69d8528d3be3a1018e79b4fc720070,长沙数据登记管理中心有限公司,2024-03-27,1,2023_株洲市渌口区标准地图影像版8开下载,1,1060,,数据购买服务,,,,[],1772860243615600642,2023_株洲市渌口区标准地图影像版8开下载,"数据存储,数据中台,数据系统部署,数据中心,数据仓库","数据存储,数据中台,数据系统部署,数据中心,数据仓库",,https://s-minio.hunandex.com/hunan/应用商品审核/96fb228cb38c4fa388b04b75613969c8.png,https://s-minio.hunandex.com/hunan/应用商品审核/96fb228cb38c4fa388b04b75613969c8.png,2023_株洲市渌口区标准地图影像版8开,1,是,1,1,,,,,1051,数据集成,数据集成,,0.05,,,,2,100.png,https://s-minio.hunandex.com/hunan/合同/a6ba277899e745419af87ff0057f7671.png,2025-12-22,1,2,,,8a69d84f8d3f76b6018e79cde07900f3,,,面议,1,3,8a69d8528d3be3a1018e79b4fc720070,2026-01-20 09:50:42,,1,
基于湖南省基础地理信息数据库，依据湖南省行政区划界线标准画法和最新境界、标准地名成果，采用其他自然地理要素和人文专题要素的现势性资料编制而成。,,,,,2024-09-09,20240909155654976810,2,9,2024-09-09,,,,,8a69d8528d3be3a1018e79b4fc720070,长沙数据登记管理中心有限公司,2024-09-09,1,基于湖南省基础地理信息数据库，依据湖南省行政区划界线标准画法和最新境界、标准地名成果，采用其他自然地理要素和人文专题要素的现势性资料编制而成。,1,,,,,,,[],1833051945198891009,基于湖南省基础地理信息数据库，依据湖南省行政区划界线标准画法和最新境界、标准地名成果，采用其他自然地理要素和人文专题要素的现势性资料编制而成。,"数据服务,地图信息","数据服务,地图信息",,https://s-minio.hunandex.com/hunan/商品审核/4ee77b394fa8423084acb7831121e9df.jpg,https://s-minio.hunandex.com/hunan/商品审核/4ee77b394fa8423084acb7831121e9df.jpg,2023_沅陵县标准地图行政区划示意版32开,1,是,2,同意,2034-09-09,,,,1048,卫星遥感,卫星遥感,,,,新闻宣传用图、书刊报纸插图、广告展示背景图、工艺品设计底图等，也可作为编制公开版地图的参考底图。,,2,,,,1,2,,,8a69d84f8d3f76b6018e79cde07900f3,,,面议,,1,,2025-11-08 00:03:05,,1,
基于湖南省基础地理信息数据库，依据湖南省行政区划界线标准画法和最新境界、标准地名成果，采用其他自然地理要素和人文专题要素的现势性资料编制而成。,,,,,2024-09-09,20240909155459794213,2,12,2024-09-09,,,,,8a69d8528d3be3a1018e79b4fc720070,长沙数据登记管理中心有限公司,2024-09-09,1,基于湖南省基础地理信息数据库，依据湖南省行政区划界线标准画法和最新境界、标准地名成果，采用其他自然地理要素和人文专题要素的现势性资料编制而成。,1,,,,,,,[],1833051460677087234,基于湖南省基础地理信息数据库，依据湖南省行政区划界线标准画法和最新境界、标准地名成果，采用其他自然地理要素和人文专题要素的现势性资料编制而成。,"数据服务,地图信息","数据服务,地图信息",,https://s-minio.hunandex.com/hunan/商品审核/7c19809f46eb493a8ed628dcab573e1b.jpg,https://s-minio.hunandex.com/hunan/商品审核/7c19809f46eb493a8ed628dcab573e1b.jpg,2022_开福区标准地图基本要素版8开,1,是,2,同意,2034-09-09,,,,1048,卫星遥感,卫星遥感,,,,新闻宣传用图、书刊报纸插图、广告展示背景图、工艺品设计底图等，也可作为编制公开版地图的参考底图。,,2,,,,1,2,,,8a69d84f8d3f76b6018e79cde07900f3,,,面议,,1,,2025-12-05 18:41:51,,1,
<p>使用案例：某全国股份银行通过引入数星风控系列产品，为全集团近12家金融子公司贷后风险管理、投后风险管理、供应商监控、宏观研究、合规内控等多场景，构建基于异构数据的智能化预警服务。已成功提前预测多项重大风险事件。</p><p>价格面议。</p>,,,1,超级管理员,2024-05-17,20240516160715285918,2,23,2024-05-16,,,TRS技术数据服务合同模板.docx,https://s-minio.hunandex.com/hunan/合同/51380a8fc5054ae0810dfc2403b2e4bd.docx,8a69f5698beb110c018bf6203e7b0007,拓尔思信息技术股份有限公司,2024-05-16,1,TRS数星智能风控大数据平台是利用人工智能、大数据、自然语言处理、知识图谱等技术构建的在线数据服务平台。围绕海量另类数据，全面监控企业多维风险。提供智能多维标签、预警信号推送、风险事件跟踪、风险传导关联、综合异构图谱等风险管理功能，提升金融机构风控能力。在风控、合规、投研、监管等金融场景得到广泛应用。,1,1060,,数据购买服务,,,,"[{""unit"": ""元/天"", ""total"": 0, ""seqNo"": null, ""price"": 20000.0, ""limitCount"": 100000, ""effectiveTime"": 365, ""priceType"": ""1"", ""id"": 770}]",1791017555749310466,TRS数星智能风控大数据平台是利用人工智能、大数据、自然语言处理、知识图谱等技术构建的在线数据服务平台。围绕海量另类数据，全面监控企业多维风险。提供智能多维标签、预警信号推送、风险事件跟踪、风险传导关联、综合异构图谱等风险管理功能，提升金融机构风控能力。在风控、合规、投研、监管等金融场景得到广泛应用。,云基础服务,云基础服务,,https://s-minio.hunandex.com/hunan/应用商品审核/25ff7b83e8d94248ae6e75401c55d3a1.png,https://s-minio.hunandex.com/hunan/应用商品审核/25ff7b83e8d94248ae6e75401c55d3a1.png,企业社保信息查询,2,否,2,交易部,2036-05-16,,,,1056,工业制造,工业制造,,0.05,,,,2,湖南大数据交易所数据产品上架申请表.pdf,https://s-minio.hunandex.com/hunan/合同/d3158fa294ed433fa7ff89d4b9bd3d1e.pdf,,1,2,,,8a69f5538bb74ddc018bfb8f9a84003f,,,20000,1,3,8a69f5698beb110c018bf6203e7b0007,2025-12-05 18:38:11,,1,
<p>作品类型：美术作品；</p><p>数量：1张；</p><p>文件格式：jpg；</p><p>分辨率：3508*2481；</p><p>授权权利：复制权、展览权、信息网络传播权；</p><p>交易方式：授权</p><p>版权证书编号：京作登字-2024-F-00305592</p>,,,1726865546913554433,生态合作,2024-11-18,20241118132717192856,2,27,,,,空文档.docx,https://s-minio.hunandex.com/hunan/合同/c599d2ffd2134eb583236f730d5b72ed.docx,8a69f1e2920cf409019222644eee0012,北京玖扬传媒有限公司,2024-11-18,1,简介：以中国民俗中的梅花为题材进行创作的线图，取梅花不畏严寒，独自傲雪，这正是它独特之处。梅花的寓意，画中的梅花叶子代表着坚韧与不屈的精神，每一片都如诗如画，仿佛在诉说着千年的故事。作品的气氛自然和谐，梅花与叶子相互映衬，构成了一幅美丽的画面。画中的色彩柔和而不失鲜明之意。,1,,,,,,,[],1858381441803407362,简介：以中国民俗中的梅花为题材进行创作的线图，取梅花不畏严寒，独自傲雪，这正是它独特之处。梅花的寓意，画中的梅花叶子代表着坚韧与不屈的精神，每一片都如诗如画，仿佛在诉说着千年的故事。作品的气氛自然和谐，梅花与叶子相互映衬，构成了一幅美丽的画面。画中的色彩柔和而不失鲜明之意。,数字文创,数字文创,,https://s-minio.hunandex.com/hunan/应用商品审核/03a67ac4a9144a51af57c490e1a4aba6.png,https://s-minio.hunandex.com/hunan/应用商品审核/03a67ac4a9144a51af57c490e1a4aba6.png,十大名花-梅花,1,是,2,通过,2039-12-31,,,,1041,文化旅游,文化旅游,,0.05,,本作品是作者独立创作的原创的十大名花-梅花，采用中国传统绘画方法线描绘成，并大幅采用了线条构成，而梅花以其傲骨凌霜、清雅脱俗的特质，象征着高雅纯洁的品质和幸福美好的愿景。作品活泼、和谐统一，充满了浓厚的韵味。根据中国传统文化，也象征着坚韧不拔、不随波逐流的精神。作品不仅表现了作者自身绘画的特点，也体现了广博的中华文化和丰富的文化底蕴。,,2,湖南大数据交易所数据产品上架申请表（玖扬传媒）.pdf,https://s-minio.hunandex.com/hunan/合同/2acddeea8f754e87af95b2f8e0ed924e.pdf,,1,2,,,8a69f1d091c242310192313fc69f00ba,,,面议,,1,8a69f1e2920cf409019222644eee0012,2025-12-05 18:41:04,http://www.cncbox.com/,1,
基于湖南省基础地理信息数据库，依据湖南省行政区划界线标准画法和最新境界、标准地名成果，采用其他自然地理要素和人文专题要素的现势性资料编制而成。,,,,,2024-09-09,20240909155631767356,2,13,2024-09-09,,,,,8a69d8528d3be3a1018e79b4fc720070,长沙数据登记管理中心有限公司,2024-09-09,1,基于湖南省基础地理信息数据库，依据湖南省行政区划界线标准画法和最新境界、标准地名成果，采用其他自然地理要素和人文专题要素的现势性资料编制而成。,1,,,,,,,[],1833051847689711617,基于湖南省基础地理信息数据库，依据湖南省行政区划界线标准画法和最新境界、标准地名成果，采用其他自然地理要素和人文专题要素的现势性资料编制而成。,"数据服务,地图信息","数据服务,地图信息",,https://s-minio.hunandex.com/hunan/商品审核/c0b2d3f45300432ead6718c7772a094a.jpg,https://s-minio.hunandex.com/hunan/商品审核/c0b2d3f45300432ead6718c7772a094a.jpg,2023_安仁县标准地图行政区划示意版32开,1,是,2,同意,2034-09-09,,,,1048,卫星遥感,卫星遥感,,,,新闻宣传用图、书刊报纸插图、广告展示背景图、工艺品设计底图等，也可作为编制公开版地图的参考底图。,,2,,,,1,2,,,8a69d84f8d3f76b6018e79cde07900f3,,,面议,,1,,2025-11-28 09:48:36,,1,
<p>《华中华南部分省份降低市场主体成本情况对比分析报告》选取了华中华南地区广东省、广西壮族自治区、湖北省、湖南省、江西省、河南省六个省份，主要包括市场准入、纳税、工程建设项目审批、政府采购、招标投标、跨境贸易等九大制度性交易成本及物流、水电气讯、用地、用工、金融等五大要素成本等数据。</p>,,,1,超级管理员,2024-06-25,20240624162101317845,1,18,,,,,,8a69d8528d3be3a1018e7d88a10f0072,湖南国脉原道数据科技有限公司,2024-06-24,1,《华中华南部分省份降低市场主体成本情况对比分析报告》选取了华中华南地区广东省、广西壮族自治区、湖北省、湖南省、江西省、河南省六个省份，主要包括市场准入、纳税、工程建设项目审批、政府采购、招标投标、跨境贸易等九大制度性交易成本及物流、水电气讯、用地、用工、金融等五大要素成本等数据。,1,1059,,数据分析服务,,,,[],1805154146136604674,《华中华南部分省份降低市场主体成本情况对比分析报告》选取了华中华南地区广东省、广西壮族自治区、湖北省、湖南省、江西省、河南省六个省份，主要包括市场准入、纳税、工程建设项目审批、政府采购、招标投标、跨境贸易等九大制度性交易成本及物流、水电气讯、用地、用工、金融等五大要素成本等数据。,"市场洞察,决策支持","市场洞察,决策支持",,https://s-minio.hunandex.com/hunan/应用商品审核/467fec4ce8ba450a8e21ddff975896eb.png,https://s-minio.hunandex.com/hunan/应用商品审核/467fec4ce8ba450a8e21ddff975896eb.png,华中华南部分省份降低市场主体成本情况对比分析报告,1,是,2,通过,2064-06-30,,,,1042,城市治理,城市治理,,0.05,,,,2,申请表.pdf,https://s-minio.hunandex.com/hunan/合同/d39ff4ce7ea0497b8f5728a18b2c82df.pdf,,1,2,,,8a69d84f8d3f76b6018e7dbb97290103,,,面议,1,3,8a69d8528d3be3a1018e7d88a10f0072,2025-12-05 18:37:58,,1,
基于湖南省基础地理信息数据库，依据湖南省行政区划界线标准画法和最新境界、标准地名成果，采用其他自然地理要素和人文专题要素的现势性资料编制而成。,,,,,2024-09-09,20240909155454127515,2,14,2024-09-09,,,,,8a69d8528d3be3a1018e79b4fc720070,长沙数据登记管理中心有限公司,2024-09-09,1,基于湖南省基础地理信息数据库，依据湖南省行政区划界线标准画法和最新境界、标准地名成果，采用其他自然地理要素和人文专题要素的现势性资料编制而成。,1,,,,,,,[],1833051440728977410,基于湖南省基础地理信息数据库，依据湖南省行政区划界线标准画法和最新境界、标准地名成果，采用其他自然地理要素和人文专题要素的现势性资料编制而成。,"数据服务,地图信息","数据服务,地图信息",,https://s-minio.hunandex.com/hunan/商品审核/b78872aa79ef4f0fa011b44931103b2a.jpg,https://s-minio.hunandex.com/hunan/商品审核/b78872aa79ef4f0fa011b44931103b2a.jpg,2023_芙蓉区标准地图行政区划示意版32开,1,是,2,同意,2034-09-09,,,,1048,卫星遥感,卫星遥感,,,,新闻宣传用图、书刊报纸插图、广告展示背景图、工艺品设计底图等，也可作为编制公开版地图的参考底图。,,2,,,,1,2,,,8a69d84f8d3f76b6018e79cde07900f3,,,面议,,1,,2025-11-08 00:03:08,,1,
基于湖南省基础地理信息数据库，依据湖南省行政区划界线标准画法和最新境界、标准地名成果，采用其他自然地理要素和人文专题要素的现势性资料编制而成。,,,,,2024-09-09,20240909155516979889,2,11,2024-09-09,,,,,8a69d8528d3be3a1018e79b4fc720070,长沙数据登记管理中心有限公司,2024-09-09,1,基于湖南省基础地理信息数据库，依据湖南省行政区划界线标准画法和最新境界、标准地名成果，采用其他自然地理要素和人文专题要素的现势性资料编制而成。,1,,,,,,,[],1833051532756201473,基于湖南省基础地理信息数据库，依据湖南省行政区划界线标准画法和最新境界、标准地名成果，采用其他自然地理要素和人文专题要素的现势性资料编制而成。,"数据服务,地图信息","数据服务,地图信息",,https://s-minio.hunandex.com/hunan/商品审核/5302a32614e748489668362722927dd6.jpg,https://s-minio.hunandex.com/hunan/商品审核/5302a32614e748489668362722927dd6.jpg,2022_岳塘区标准地图基本要素版8开,1,是,2,同意,2034-09-09,,,,1048,卫星遥感,卫星遥感,,,,新闻宣传用图、书刊报纸插图、广告展示背景图、工艺品设计底图等，也可作为编制公开版地图的参考底图。,,2,,,,1,2,,,8a69d84f8d3f76b6018e79cde07900f3,,,面议,,1,,2025-11-08 00:03:22,,1,
基于湖南省基础地理信息数据库，依据湖南省行政区划界线标准画法和最新境界、标准地名成果，采用其他自然地理要素和人文专题要素的现势性资料编制而成。,,,,,2024-09-09,20240909155555253366,2,7,2024-09-09,,,,,8a69d8528d3be3a1018e79b4fc720070,长沙数据登记管理中心有限公司,2024-09-09,1,基于湖南省基础地理信息数据库，依据湖南省行政区划界线标准画法和最新境界、标准地名成果，采用其他自然地理要素和人文专题要素的现势性资料编制而成。,1,,,,,,,[],1833051697265192962,基于湖南省基础地理信息数据库，依据湖南省行政区划界线标准画法和最新境界、标准地名成果，采用其他自然地理要素和人文专题要素的现势性资料编制而成。,"数据服务,地图信息","数据服务,地图信息",,https://s-minio.hunandex.com/hunan/商品审核/f43eee2780c646a09760d36c724117c9.jpg,https://s-minio.hunandex.com/hunan/商品审核/f43eee2780c646a09760d36c724117c9.jpg,2022_君山区标准地图影像版8开,1,是,2,同意,2034-09-09,,,,1048,卫星遥感,卫星遥感,,,,新闻宣传用图、书刊报纸插图、广告展示背景图、工艺品设计底图等，也可作为编制公开版地图的参考底图。,,2,,,,1,2,,,8a69d84f8d3f76b6018e79cde07900f3,,,面议,,1,,2025-11-08 00:03:25,,1,
"<p><span style=""color: rgb(51, 51, 51);"">2023_长沙市标准地图基本要素版8开下载，</span>可用于新闻宣传用图、书刊报纸插图、广告展示背景图、工艺品设计底图等，也可作为编制公开版地图的参考底图。</p>",,,1,超级管理员,2024-03-27,20240327100255327018,1,12,,,,新建DOCX文档.docx,https://s-minio.hunandex.com/hunan/合同/a69c484c19aa48a79cf882646a586fed.docx,8a69d8528d3be3a1018e79b4fc720070,长沙数据登记管理中心有限公司,2024-03-27,1,2023_长沙市标准地图基本要素版8开下载,1,1060,,数据购买服务,,,,[],1772806473808531458,2023_长沙市标准地图基本要素版8开下载,"数据存储,数据中台,数据系统部署,数据中心,数据仓库","数据存储,数据中台,数据系统部署,数据中心,数据仓库",,https://s-minio.hunandex.com/hunan/应用商品审核/8803fcdc67ce474487dc71cd0cf97c69.png,https://s-minio.hunandex.com/hunan/应用商品审核/8803fcdc67ce474487dc71cd0cf97c69.png,2023_长沙市标准地图基本要素版8开,1,是,1,1,,,,,1051,数据集成,数据集成,,0.05,,,,2,18.png,https://s-minio.hunandex.com/hunan/合同/d5df9631b58b4581b8e7c4fb03b5bacf.png,,1,2,,,8a69d84f8d3f76b6018e79cde07900f3,,,面议,1,3,8a69d8528d3be3a1018e79b4fc720070,2025-11-07 23:55:27,,1,
基于湖南省基础地理信息数据库，依据湖南省行政区划界线标准画法和最新境界、标准地名成果，采用其他自然地理要素和人文专题要素的现势性资料编制而成。,,,,,2024-09-09,20240909155722992224,2,10,2024-09-09,,,,,8a69d8528d3be3a1018e79b4fc720070,长沙数据登记管理中心有限公司,2024-09-09,1,基于湖南省基础地理信息数据库，依据湖南省行政区划界线标准画法和最新境界、标准地名成果，采用其他自然地理要素和人文专题要素的现势性资料编制而成。,1,,,,,,,[],1833052061632770050,基于湖南省基础地理信息数据库，依据湖南省行政区划界线标准画法和最新境界、标准地名成果，采用其他自然地理要素和人文专题要素的现势性资料编制而成。,"数据服务,地图信息","数据服务,地图信息",,https://s-minio.hunandex.com/hunan/商品审核/1f16fec5622545acad34f3958e2e4722.jpg,https://s-minio.hunandex.com/hunan/商品审核/1f16fec5622545acad34f3958e2e4722.jpg,2022_保靖县标准地图基本要素版8开,1,是,2,同意,2034-09-09,,,,1048,卫星遥感,卫星遥感,,,,新闻宣传用图、书刊报纸插图、广告展示背景图、工艺品设计底图等，也可作为编制公开版地图的参考底图。,,2,,,,1,2,,,8a69d84f8d3f76b6018e79cde07900f3,,,面议,,1,,2025-11-08 00:03:17,,1,
基于湖南省基础地理信息数据库，依据湖南省行政区划界线标准画法和最新境界、标准地名成果，采用其他自然地理要素和人文专题要素的现势性资料编制而成。,,,,,2024-09-09,20240909155726959241,2,13,2024-09-09,,,,,8a69d8528d3be3a1018e79b4fc720070,长沙数据登记管理中心有限公司,2024-09-09,1,基于湖南省基础地理信息数据库，依据湖南省行政区划界线标准画法和最新境界、标准地名成果，采用其他自然地理要素和人文专题要素的现势性资料编制而成。,1,,,,,,,[],1833052077684371458,基于湖南省基础地理信息数据库，依据湖南省行政区划界线标准画法和最新境界、标准地名成果，采用其他自然地理要素和人文专题要素的现势性资料编制而成。,"数据服务,地图信息","数据服务,地图信息",,https://s-minio.hunandex.com/hunan/商品审核/15887a80f655484f9a14ba55db19656e.jpg,https://s-minio.hunandex.com/hunan/商品审核/15887a80f655484f9a14ba55db19656e.jpg,2020_古丈县标准地图行政区划示意版32开,1,是,2,同意,2034-09-09,,,,1048,卫星遥感,卫星遥感,,,,新闻宣传用图、书刊报纸插图、广告展示背景图、工艺品设计底图等，也可作为编制公开版地图的参考底图。,,2,,,,1,2,,,8a69d84f8d3f76b6018e79cde07900f3,,,面议,,1,,2025-12-28 09:33:10,,1,
基于湖南省基础地理信息数据库，依据湖南省行政区划界线标准画法和最新境界、标准地名成果，采用其他自然地理要素和人文专题要素的现势性资料编制而成。,,,,,2024-09-09,20240909155538981645,2,9,2024-09-09,,,,,8a69d8528d3be3a1018e79b4fc720070,长沙数据登记管理中心有限公司,2024-09-09,1,基于湖南省基础地理信息数据库，依据湖南省行政区划界线标准画法和最新境界、标准地名成果，采用其他自然地理要素和人文专题要素的现势性资料编制而成。,1,,,,,,,[],1833051625467097090,基于湖南省基础地理信息数据库，依据湖南省行政区划界线标准画法和最新境界、标准地名成果，采用其他自然地理要素和人文专题要素的现势性资料编制而成。,"数据服务,地图信息","数据服务,地图信息",,https://s-minio.hunandex.com/hunan/商品审核/f5dbe9f837ff4d3ebda5686266f4c338.jpg,https://s-minio.hunandex.com/hunan/商品审核/f5dbe9f837ff4d3ebda5686266f4c338.jpg,2023_绥宁县标准地图影像版8开,1,是,2,同意,2034-09-09,,,,1048,卫星遥感,卫星遥感,,,,新闻宣传用图、书刊报纸插图、广告展示背景图、工艺品设计底图等，也可作为编制公开版地图的参考底图。,,2,,,,1,2,,,8a69d84f8d3f76b6018e79cde07900f3,,,面议,,1,,2025-12-28 19:52:18,,1,
基于湖南省基础地理信息数据库，依据湖南省行政区划界线标准画法和最新境界、标准地名成果，采用其他自然地理要素和人文专题要素的现势性资料编制而成。,,,,,2024-09-09,20240909155611990307,2,10,2024-09-09,,,,,8a69d8528d3be3a1018e79b4fc720070,长沙数据登记管理中心有限公司,2024-09-09,1,基于湖南省基础地理信息数据库，依据湖南省行政区划界线标准画法和最新境界、标准地名成果，采用其他自然地理要素和人文专题要素的现势性资料编制而成。,1,,,,,,,[],1833051763606499330,基于湖南省基础地理信息数据库，依据湖南省行政区划界线标准画法和最新境界、标准地名成果，采用其他自然地理要素和人文专题要素的现势性资料编制而成。,"数据服务,地图信息","数据服务,地图信息",,https://s-minio.hunandex.com/hunan/商品审核/35bdfcce2bb345d5a65190479f4cc141.jpg,https://s-minio.hunandex.com/hunan/商品审核/35bdfcce2bb345d5a65190479f4cc141.jpg,2020_鼎城区标准地图行政区划示意版32开,1,是,2,同意,2034-09-09,,,,1048,卫星遥感,卫星遥感,,,,新闻宣传用图、书刊报纸插图、广告展示背景图、工艺品设计底图等，也可作为编制公开版地图的参考底图。,,2,,,,1,2,,,8a69d84f8d3f76b6018e79cde07900f3,,,面议,,1,,2025-11-08 00:03:28,,1,
基于湖南省基础地理信息数据库，依据湖南省行政区划界线标准画法和最新境界、标准地名成果，采用其他自然地理要素和人文专题要素的现势性资料编制而成。,,,,,2024-09-09,20240909155625130236,2,16,2024-09-09,,,,,8a69d8528d3be3a1018e79b4fc720070,长沙数据登记管理中心有限公司,2024-09-09,1,基于湖南省基础地理信息数据库，依据湖南省行政区划界线标准画法和最新境界、标准地名成果，采用其他自然地理要素和人文专题要素的现势性资料编制而成。,1,,,,,,,[],1833051820837777410,基于湖南省基础地理信息数据库，依据湖南省行政区划界线标准画法和最新境界、标准地名成果，采用其他自然地理要素和人文专题要素的现势性资料编制而成。,"数据服务,地图信息","数据服务,地图信息",,https://s-minio.hunandex.com/hunan/商品审核/8e1a0a594ced463795b3e0854ea7ac6b.jpg,https://s-minio.hunandex.com/hunan/商品审核/8e1a0a594ced463795b3e0854ea7ac6b.jpg,2022_沅江市标准地图行政区划示意版32开,1,是,2,同意,2034-09-09,,,,1048,卫星遥感,卫星遥感,,,,新闻宣传用图、书刊报纸插图、广告展示背景图、工艺品设计底图等，也可作为编制公开版地图的参考底图。,,2,,,,1,2,,,8a69d84f8d3f76b6018e79cde07900f3,,,面议,,1,,2025-11-08 00:04:09,,1,
基于湖南省基础地理信息数据库，依据湖南省行政区划界线标准画法和最新境界、标准地名成果，采用其他自然地理要素和人文专题要素的现势性资料编制而成。,,,,,2024-09-09,20240909155522299762,2,15,2024-09-09,,,,,8a69d8528d3be3a1018e79b4fc720070,长沙数据登记管理中心有限公司,2024-09-09,1,基于湖南省基础地理信息数据库，依据湖南省行政区划界线标准画法和最新境界、标准地名成果，采用其他自然地理要素和人文专题要素的现势性资料编制而成。,1,,,,,,,[],1833051556403687425,基于湖南省基础地理信息数据库，依据湖南省行政区划界线标准画法和最新境界、标准地名成果，采用其他自然地理要素和人文专题要素的现势性资料编制而成。,"数据服务,地图信息","数据服务,地图信息",,https://s-minio.hunandex.com/hunan/商品审核/9987d46c761140b49e1df97edfa49c1f.jpg,https://s-minio.hunandex.com/hunan/商品审核/9987d46c761140b49e1df97edfa49c1f.jpg,2023_衡阳县标准地图基本要素版8开,1,是,2,同意,2034-09-09,,,,1048,卫星遥感,卫星遥感,,,,新闻宣传用图、书刊报纸插图、广告展示背景图、工艺品设计底图等，也可作为编制公开版地图的参考底图。,,2,,,,1,2,,,8a69d84f8d3f76b6018e79cde07900f3,,,面议,,1,,2025-11-08 00:04:18,,1,
<p>作品类型：摄影作品；</p><p>数量：1张；</p><p>文件格式：jpg；</p><p>分辨率：5760*3840；</p><p>授权权利：复制权、展览权、信息网络传播权；</p><p>交易方式：授权；</p><p>版权证书编号：京作登字-2024-G-00041957；</p>,,,1726865546913554433,生态合作,2024-11-20,20241113103350332064,2,70,,,,空文档.docx,https://s-minio.hunandex.com/hunan/合同/6714fdffae6147c58a97f3116e6519b0.docx,8a69f1e2920cf409019222644eee0012,北京玖扬传媒有限公司,2024-11-13,1,简介：以海滩、山脉与云朵作为拍摄题材，在中心位置是云和山，上下两边边是海滩和天空，展现了一片宁静而美丽的海滩风光，本作品光线为天光，角度从上至下，拍摄主体突出，环境偏冷色调，将海滩、山脉与云朵通过摄影的方式保存下来。,1,,,,,,,[],1856525850877284353,简介：以海滩、山脉与云朵作为拍摄题材，在中心位置是云和山，上下两边边是海滩和天空，展现了一片宁静而美丽的海滩风光，本作品光线为天光，角度从上至下，拍摄主体突出，环境偏冷色调，将海滩、山脉与云朵通过摄影的方式保存下来。,数字内容,数字内容,,https://s-minio.hunandex.com/hunan/应用商品审核/8711e7050691468d904c37759139393b.png,https://s-minio.hunandex.com/hunan/应用商品审核/8711e7050691468d904c37759139393b.png,云滩,1,是,2,通过,2039-12-31,,,,1041,文化旅游,文化旅游,,0.05,,本作品为作者独立创作的作品，作品以蓝绿色为主色调，表达了一种对大自然的美好和宁静的赞美，同时也传达了一种内心的平静和自由的感觉。通过展现沙滩、大海和白云的景象，图片传达了一种宁静、广阔和自然的氛围，使人感受到大自然的壮丽和美丽。,,2,湖南大数据交易所数据产品上架申请表（玖扬传媒）.pdf,https://s-minio.hunandex.com/hunan/合同/3d9820c97f124f53a26b7eaf1eabc011.pdf,,1,2,0,,8a69f1d091c242310192313fc69f00ba,,,面议,,1,8a69f1e2920cf409019222644eee0012,2025-12-07 10:38:03,http://www.cncbox.com/Home,1,
基于湖南省基础地理信息数据库，依据湖南省行政区划界线标准画法和最新境界、标准地名成果，采用其他自然地理要素和人文专题要素的现势性资料编制而成。,,,,,2024-09-09,20240909155615203655,2,10,2024-09-09,,,,,8a69d8528d3be3a1018e79b4fc720070,长沙数据登记管理中心有限公司,2024-09-09,1,基于湖南省基础地理信息数据库，依据湖南省行政区划界线标准画法和最新境界、标准地名成果，采用其他自然地理要素和人文专题要素的现势性资料编制而成。,1,,,,,,,[],1833051778966040577,基于湖南省基础地理信息数据库，依据湖南省行政区划界线标准画法和最新境界、标准地名成果，采用其他自然地理要素和人文专题要素的现势性资料编制而成。,"数据服务,地图信息","数据服务,地图信息",,https://s-minio.hunandex.com/hunan/商品审核/108943d412f24ca4b61a6ce7e3f49eca.jpg,https://s-minio.hunandex.com/hunan/商品审核/108943d412f24ca4b61a6ce7e3f49eca.jpg,2023_慈利县标准地图影像版8开,1,是,2,同意,2034-09-09,,,,1048,卫星遥感,卫星遥感,,,,新闻宣传用图、书刊报纸插图、广告展示背景图、工艺品设计底图等，也可作为编制公开版地图的参考底图。,,2,,,,1,2,,,8a69d84f8d3f76b6018e79cde07900f3,,,面议,,1,,2025-11-08 00:05:08,,1,
基于湖南省基础地理信息数据库，依据湖南省行政区划界线标准画法和最新境界、标准地名成果，采用其他自然地理要素和人文专题要素的现势性资料编制而成。,,,,,2024-09-09,20240909155522950291,2,13,2024-09-09,,,,,8a69d8528d3be3a1018e79b4fc720070,长沙数据登记管理中心有限公司,2024-09-09,1,基于湖南省基础地理信息数据库，依据湖南省行政区划界线标准画法和最新境界、标准地名成果，采用其他自然地理要素和人文专题要素的现势性资料编制而成。,1,,,,,,,[],1833051558169489409,基于湖南省基础地理信息数据库，依据湖南省行政区划界线标准画法和最新境界、标准地名成果，采用其他自然地理要素和人文专题要素的现势性资料编制而成。,"数据服务,地图信息","数据服务,地图信息",,https://s-minio.hunandex.com/hunan/商品审核/50081fcd68c149a6bc318625a23d3d67.jpg,https://s-minio.hunandex.com/hunan/商品审核/50081fcd68c149a6bc318625a23d3d67.jpg,2023_衡南县标准地图基本要素版8开,1,是,2,同意,2034-09-09,,,,1048,卫星遥感,卫星遥感,,,,新闻宣传用图、书刊报纸插图、广告展示背景图、工艺品设计底图等，也可作为编制公开版地图的参考底图。,,2,,,,1,2,,,8a69d84f8d3f76b6018e79cde07900f3,,,面议,,1,,2025-11-08 00:04:42,,1,
基于湖南省基础地理信息数据库，依据湖南省行政区划界线标准画法和最新境界、标准地名成果，采用其他自然地理要素和人文专题要素的现势性资料编制而成。,,,,,2024-09-09,20240909155609576780,2,15,2024-09-09,,,,,8a69d8528d3be3a1018e79b4fc720070,长沙数据登记管理中心有限公司,2024-09-09,1,基于湖南省基础地理信息数据库，依据湖南省行政区划界线标准画法和最新境界、标准地名成果，采用其他自然地理要素和人文专题要素的现势性资料编制而成。,1,,,,,,,[],1833051756610400257,基于湖南省基础地理信息数据库，依据湖南省行政区划界线标准画法和最新境界、标准地名成果，采用其他自然地理要素和人文专题要素的现势性资料编制而成。,"数据服务,地图信息","数据服务,地图信息",,https://s-minio.hunandex.com/hunan/商品审核/e4a4318d57ac4c749c97df1a13601a09.jpg,https://s-minio.hunandex.com/hunan/商品审核/e4a4318d57ac4c749c97df1a13601a09.jpg,2022_桃源县标准地图影像版8开,1,是,2,同意,2034-09-09,,,,1048,卫星遥感,卫星遥感,,,,新闻宣传用图、书刊报纸插图、广告展示背景图、工艺品设计底图等，也可作为编制公开版地图的参考底图。,,2,,,,1,2,,,8a69d84f8d3f76b6018e79cde07900f3,,,面议,,1,,2025-11-08 00:04:58,,1,
<p>2023年1-3月xx省国家地表水考核断面水环境质量及变化情况排名</p>,,,1726865221964046338,数据交易,2024-12-18,20241213162555744920,2,4,,,,面议.docx,https://s-minio.hunandex.com/hunan/合同/f6e766a366f34696898801a7fecc8f3b.docx,8a69d8528d3be3a1018e79b4fc720070,长沙数据登记管理中心有限公司,2024-12-13,1,2023年1-3月xx省国家地表水考核断面水环境质量及变化情况排名,1,,,,,,,[],1867486091173351425,2023年1-3月xx省国家地表水考核断面水环境质量及变化情况排名,"数据存储,数据仓库,数据中台,数据系统部署,数据中心","数据存储,数据仓库,数据中台,数据系统部署,数据中心",,https://s-minio.hunandex.com/hunan/应用商品审核/e38d814671b34388950d9e8a0b14c1e0.png,https://s-minio.hunandex.com/hunan/应用商品审核/e38d814671b34388950d9e8a0b14c1e0.png,2023年1-3月xx省国家地表水考核断面水环境质量及变化情况排名,1,是,2,交易部,2035-12-01,,,,2008,绿色低碳,绿色低碳,,0.05,,,,2,政务数据上架审批表(1).pdf,https://s-minio.hunandex.com/hunan/合同/621035676aea456cb1b39293b8e3424a.pdf,,1,2,,,8a69d84f8d3f76b6018e79cde07900f3,,,面议,1,3,8a69d8528d3be3a1018e79b4fc720070,2025-12-29 01:54:13,,1,
基于湖南省基础地理信息数据库，依据湖南省行政区划界线标准画法和最新境界、标准地名成果，采用其他自然地理要素和人文专题要素的现势性资料编制而成。,,,,,2024-09-09,20240909155559275030,2,18,2024-09-09,,,,,8a69d8528d3be3a1018e79b4fc720070,长沙数据登记管理中心有限公司,2024-09-09,1,基于湖南省基础地理信息数据库，依据湖南省行政区划界线标准画法和最新境界、标准地名成果，采用其他自然地理要素和人文专题要素的现势性资料编制而成。,1,,,,,,,[],1833051711597129729,基于湖南省基础地理信息数据库，依据湖南省行政区划界线标准画法和最新境界、标准地名成果，采用其他自然地理要素和人文专题要素的现势性资料编制而成。,"数据服务,地图信息","数据服务,地图信息",,https://s-minio.hunandex.com/hunan/商品审核/c36eadaa7cc6401a8e5fea05abdc6756.jpg,https://s-minio.hunandex.com/hunan/商品审核/c36eadaa7cc6401a8e5fea05abdc6756.jpg,2020_岳阳楼区标准地图行政区划示意版32开,1,是,2,同意,2034-09-09,,,,1048,卫星遥感,卫星遥感,,,,新闻宣传用图、书刊报纸插图、广告展示背景图、工艺品设计底图等，也可作为编制公开版地图的参考底图。,,2,,,,1,2,,,8a69d84f8d3f76b6018e79cde07900f3,,,面议,,1,,2025-11-08 00:04:30,,1,
基于湖南省基础地理信息数据库，依据湖南省行政区划界线标准画法和最新境界、标准地名成果，采用其他自然地理要素和人文专题要素的现势性资料编制而成。,,,,,2024-09-09,20240909155524355963,2,25,2024-09-09,,,,,8a69d8528d3be3a1018e79b4fc720070,长沙数据登记管理中心有限公司,2024-09-09,1,基于湖南省基础地理信息数据库，依据湖南省行政区划界线标准画法和最新境界、标准地名成果，采用其他自然地理要素和人文专题要素的现势性资料编制而成。,1,,,,,,,[],1833051564507082753,基于湖南省基础地理信息数据库，依据湖南省行政区划界线标准画法和最新境界、标准地名成果，采用其他自然地理要素和人文专题要素的现势性资料编制而成。,"数据服务,地图信息","数据服务,地图信息",,https://s-minio.hunandex.com/hunan/商品审核/507413342dbe4ec08a33a6b5ec3d89f9.jpg,https://s-minio.hunandex.com/hunan/商品审核/507413342dbe4ec08a33a6b5ec3d89f9.jpg,2023_祁东县标准地图基本要素版8开,1,是,2,同意,2034-09-09,,,,1048,卫星遥感,卫星遥感,,,,新闻宣传用图、书刊报纸插图、广告展示背景图、工艺品设计底图等，也可作为编制公开版地图的参考底图。,,2,,,,1,2,,,8a69d84f8d3f76b6018e79cde07900f3,,,面议,,1,,2025-11-08 00:25:50,,1,
基于湖南省基础地理信息数据库，依据湖南省行政区划界线标准画法和最新境界、标准地名成果，采用其他自然地理要素和人文专题要素的现势性资料编制而成。,,,,,2024-09-09,20240909155505749868,2,13,2024-09-09,,,,,8a69d8528d3be3a1018e79b4fc720070,长沙数据登记管理中心有限公司,2024-09-09,1,基于湖南省基础地理信息数据库，依据湖南省行政区划界线标准画法和最新境界、标准地名成果，采用其他自然地理要素和人文专题要素的现势性资料编制而成。,1,,,,,,,[],1833051485503172610,基于湖南省基础地理信息数据库，依据湖南省行政区划界线标准画法和最新境界、标准地名成果，采用其他自然地理要素和人文专题要素的现势性资料编制而成。,"数据服务,地图信息","数据服务,地图信息",,https://s-minio.hunandex.com/hunan/商品审核/32cc505fd37f4fd3810b5616984ca516.jpg,https://s-minio.hunandex.com/hunan/商品审核/32cc505fd37f4fd3810b5616984ca516.jpg,2023_芦淞区标准地图基本要素版8开,1,是,2,同意,2034-09-09,,,,1048,卫星遥感,卫星遥感,,,,新闻宣传用图、书刊报纸插图、广告展示背景图、工艺品设计底图等，也可作为编制公开版地图的参考底图。,,2,,,,1,2,,,8a69d84f8d3f76b6018e79cde07900f3,,,面议,,1,,2025-11-08 00:35:18,,1,
基于湖南省基础地理信息数据库，依据湖南省行政区划界线标准画法和最新境界、标准地名成果，采用其他自然地理要素和人文专题要素的现势性资料编制而成。,,,,,2024-09-09,20240909155518975119,2,9,2024-09-09,,,,,8a69d8528d3be3a1018e79b4fc720070,长沙数据登记管理中心有限公司,2024-09-09,1,基于湖南省基础地理信息数据库，依据湖南省行政区划界线标准画法和最新境界、标准地名成果，采用其他自然地理要素和人文专题要素的现势性资料编制而成。,1,,,,,,,[],1833051539152515074,基于湖南省基础地理信息数据库，依据湖南省行政区划界线标准画法和最新境界、标准地名成果，采用其他自然地理要素和人文专题要素的现势性资料编制而成。,"数据服务,地图信息","数据服务,地图信息",,https://s-minio.hunandex.com/hunan/商品审核/5c28813a9a554be2b6d77452bb49e717.jpg,https://s-minio.hunandex.com/hunan/商品审核/5c28813a9a554be2b6d77452bb49e717.jpg,2022_韶山市标准地图影像版8开,1,是,2,同意,2034-09-09,,,,1048,卫星遥感,卫星遥感,,,,新闻宣传用图、书刊报纸插图、广告展示背景图、工艺品设计底图等，也可作为编制公开版地图的参考底图。,,2,,,,1,2,,,8a69d84f8d3f76b6018e79cde07900f3,,,面议,,1,,2025-11-10 18:20:53,,1,
基于湖南省基础地理信息数据库，依据湖南省行政区划界线标准画法和最新境界、标准地名成果，采用其他自然地理要素和人文专题要素的现势性资料编制而成。,,,,,2024-09-09,20240909155434581625,2,8,2024-09-09,,,,,8a69d8528d3be3a1018e79b4fc720070,长沙数据登记管理中心有限公司,2024-09-09,1,基于湖南省基础地理信息数据库，依据湖南省行政区划界线标准画法和最新境界、标准地名成果，采用其他自然地理要素和人文专题要素的现势性资料编制而成。,1,,,,,,,[],1833051358348652545,基于湖南省基础地理信息数据库，依据湖南省行政区划界线标准画法和最新境界、标准地名成果，采用其他自然地理要素和人文专题要素的现势性资料编制而成。,"数据服务,地图信息","数据服务,地图信息",,https://s-minio.hunandex.com/hunan/商品审核/92ae48e46a274d838a9231f1c13f7959.jpg,https://s-minio.hunandex.com/hunan/商品审核/92ae48e46a274d838a9231f1c13f7959.jpg,2013_湖南省标准地图河流水系版,1,是,2,同意,2034-09-09,,,,1048,卫星遥感,卫星遥感,,,,新闻宣传用图、书刊报纸插图、广告展示背景图、工艺品设计底图等，也可作为编制公开版地图的参考底图。,,2,,,,1,2,,,8a69d84f8d3f76b6018e79cde07900f3,,,面议,,1,,2025-11-08 00:04:55,,1,
<p>2023年1-3月各县（市、区）地表水考核断面水环境质量及变化情况排名</p>,,,1726865221964046338,数据交易,2024-12-18,20241213162504380469,2,14,,,,面议.docx,https://s-minio.hunandex.com/hunan/合同/a342f67c8aef46a0abc4d20cbed60c93.docx,8a69d8528d3be3a1018e79b4fc720070,长沙数据登记管理中心有限公司,2024-12-13,1,2023年1-3月各县（市、区）地表水考核断面水环境质量及变化情况排名,1,,,,,,,[],1867485878631190529,2023年1-3月各县（市、区）地表水考核断面水环境质量及变化情况排名,"数据仓库,数据存储,数据中台,数据系统部署,数据中心","数据仓库,数据存储,数据中台,数据系统部署,数据中心",,https://s-minio.hunandex.com/hunan/应用商品审核/619ca93e635f48c58556b2e8df392a9f.png,https://s-minio.hunandex.com/hunan/应用商品审核/619ca93e635f48c58556b2e8df392a9f.png,2023年1-3月各县（市、区）地表水考核断面水环境质量及变化情况排名,1,是,2,交易部,2035-12-01,,,,2008,绿色低碳,绿色低碳,,0.05,,,,2,政务数据上架审批表(1).pdf,https://s-minio.hunandex.com/hunan/合同/9a8bab554ef7499399eacbba233d357a.pdf,,1,2,,,8a69d84f8d3f76b6018e79cde07900f3,,,面议,1,3,8a69d8528d3be3a1018e79b4fc720070,2025-12-29 02:07:20,,1,
基于湖南省基础地理信息数据库，依据湖南省行政区划界线标准画法和最新境界、标准地名成果，采用其他自然地理要素和人文专题要素的现势性资料编制而成。,,,,,2024-09-09,20240909155710223435,2,11,2024-09-09,,,,,8a69d8528d3be3a1018e79b4fc720070,长沙数据登记管理中心有限公司,2024-09-09,1,基于湖南省基础地理信息数据库，依据湖南省行政区划界线标准画法和最新境界、标准地名成果，采用其他自然地理要素和人文专题要素的现势性资料编制而成。,1,,,,,,,[],1833052012672659458,基于湖南省基础地理信息数据库，依据湖南省行政区划界线标准画法和最新境界、标准地名成果，采用其他自然地理要素和人文专题要素的现势性资料编制而成。,"数据服务,地图信息","数据服务,地图信息",,https://s-minio.hunandex.com/hunan/商品审核/db5657526d5146d7900ef9d20fe32320.jpg,https://s-minio.hunandex.com/hunan/商品审核/db5657526d5146d7900ef9d20fe32320.jpg,2023_冷水江市标准地图基本要素版8开,1,是,2,同意,2034-09-09,,,,1048,卫星遥感,卫星遥感,,,,新闻宣传用图、书刊报纸插图、广告展示背景图、工艺品设计底图等，也可作为编制公开版地图的参考底图。,,2,,,,1,2,,,8a69d84f8d3f76b6018e79cde07900f3,,,面议,,1,,2025-11-08 00:05:32,,1,
<p>2023年6月全省xx个市州城市环境空气质量状况</p>,,,1726865221964046338,数据交易,2024-12-18,20241213160025648641,2,9,,,,面议.docx,https://s-minio.hunandex.com/hunan/合同/d16157ff06f24b8cb0193970afa0c963.docx,8a69d8528d3be3a1018e79b4fc720070,长沙数据登记管理中心有限公司,2024-12-13,1,2023年6月全省xx个市州城市环境空气质量状况,1,,,,,,,[],1867479676576780289,2023年6月全省xx个市州城市环境空气质量状况,"数据存储,数据仓库,数据中台,数据系统部署,数据中心","数据存储,数据仓库,数据中台,数据系统部署,数据中心",,https://s-minio.hunandex.com/hunan/应用商品审核/e90f93cba0594f8996b2039701e06e6e.png,https://s-minio.hunandex.com/hunan/应用商品审核/e90f93cba0594f8996b2039701e06e6e.png,2023年6月全省xx个市州城市环境空气质量状况,1,是,2,交易部,2035-12-01,,,,2008,绿色低碳,绿色低碳,,0.05,,,,2,政务数据上架审批表(1).pdf,https://s-minio.hunandex.com/hunan/合同/b5dd661ac1b444d2ad50b210d06d06a9.pdf,,1,2,,,8a69d84f8d3f76b6018e79cde07900f3,,,面议,1,3,8a69d8528d3be3a1018e79b4fc720070,2025-12-29 02:17:19,,1,
基于湖南省基础地理信息数据库，依据湖南省行政区划界线标准画法和最新境界、标准地名成果，采用其他自然地理要素和人文专题要素的现势性资料编制而成。,,,,,2024-09-09,20240909155621312635,2,14,2024-09-09,,,,,8a69d8528d3be3a1018e79b4fc720070,长沙数据登记管理中心有限公司,2024-09-09,1,基于湖南省基础地理信息数据库，依据湖南省行政区划界线标准画法和最新境界、标准地名成果，采用其他自然地理要素和人文专题要素的现势性资料编制而成。,1,,,,,,,[],1833051803985063937,基于湖南省基础地理信息数据库，依据湖南省行政区划界线标准画法和最新境界、标准地名成果，采用其他自然地理要素和人文专题要素的现势性资料编制而成。,"数据服务,地图信息","数据服务,地图信息",,https://s-minio.hunandex.com/hunan/商品审核/ccd44ab492454c4da893a16c2dbc04d6.jpg,https://s-minio.hunandex.com/hunan/商品审核/ccd44ab492454c4da893a16c2dbc04d6.jpg,2023_桃江县标准地图行政区划示意版32开,1,是,2,同意,2034-09-09,,,,1048,卫星遥感,卫星遥感,,,,新闻宣传用图、书刊报纸插图、广告展示背景图、工艺品设计底图等，也可作为编制公开版地图的参考底图。,,2,,,,1,2,,,8a69d84f8d3f76b6018e79cde07900f3,,,面议,,1,,2025-11-07 23:58:27,,1,
<p>xx省2021年1月地级以上城市集中式生活饮用水水源水质状况报告</p>,,,1726865221964046338,数据交易,2024-12-18,20241213135330706020,2,6,,,,面议.docx,https://s-minio.hunandex.com/hunan/合同/dda7cb70fac44ed69c65f756f382d830.docx,8a69d8528d3be3a1018e79b4fc720070,长沙数据登记管理中心有限公司,2024-12-13,1,xx省2021年1月地级以上城市集中式生活饮用水水源水质状况报告,1,,,,,,,[],1867447736817602562,xx省2021年1月地级以上城市集中式生活饮用水水源水质状况报告,"数据存储,数据仓库,数据中台,数据系统部署,数据中心","数据存储,数据仓库,数据中台,数据系统部署,数据中心",,https://s-minio.hunandex.com/hunan/应用商品审核/fba8b44ec6d643a5bb469b893a9576a0.png,https://s-minio.hunandex.com/hunan/应用商品审核/fba8b44ec6d643a5bb469b893a9576a0.png,xx省2021年1月地级以上城市集中式生活饮用水水源水质状况报告,1,是,2,交易部,2035-12-01,,,,1042,城市治理,城市治理,,0.05,,,,2,政务数据上架审批表(1).pdf,https://s-minio.hunandex.com/hunan/合同/eb9955e368d442a6a522e9b138a4d65e.pdf,,1,2,,,8a69d84f8d3f76b6018e79cde07900f3,,,面议,1,3,8a69d8528d3be3a1018e79b4fc720070,2025-12-29 02:21:05,,1,
<p>计费方式：面议</p><p>交付形态：资源文件</p>,,,1,超级管理员,2024-04-02,20240328145433195810,1,48,,,,数慧时空-数据服务合同模板.docx,https://s-minio.hunandex.com/hunan/合同/014cf818f5ef45299098177ed64f6fe2.docx,8a69f5778c0eb508018c13a703d00002,北京数慧时空信息技术有限公司,2024-03-28,1,用户指定RGB融合影像或者区域的温室、大棚服务，并提供其监测数据，可用于耕地非农非粮、智慧耕保、区域大棚监测等多领域应用。,1,1060,,数据购买服务,,,,[],1773242253664243714,用户指定RGB融合影像或者区域的温室、大棚服务，并提供其监测数据，可用于耕地非农非粮、智慧耕保、区域大棚监测等多领域应用。,"云基础服务,智能安全","云基础服务,智能安全",,https://s-minio.hunandex.com/hunan/应用商品审核/19d3f66ae63d4f72b2863568815c9c98.png,https://s-minio.hunandex.com/hunan/应用商品审核/19d3f66ae63d4f72b2863568815c9c98.png,温室大棚监测数据,1,是,1,通过,,,,,1056,工业制造,工业制造,,0.05,,,,2,产品上架申请表（已盖章）.pdf,https://s-minio.hunandex.com/hunan/合同/06bacb2e6a72454aabcb561bdf2178d6.pdf,,1,2,,,8a69f5758c0fa970018c18e166060011,,,面议,1,3,8a69f5778c0eb508018c13a703d00002,2025-12-10 14:53:43,,1,
基于湖南省基础地理信息数据库，依据湖南省行政区划界线标准画法和最新境界、标准地名成果，采用其他自然地理要素和人文专题要素的现势性资料编制而成。,,,,,2024-09-09,20240909155526696687,2,10,2024-09-09,,,,,8a69d8528d3be3a1018e79b4fc720070,长沙数据登记管理中心有限公司,2024-09-09,1,基于湖南省基础地理信息数据库，依据湖南省行政区划界线标准画法和最新境界、标准地名成果，采用其他自然地理要素和人文专题要素的现势性资料编制而成。,1,,,,,,,[],1833051575831703553,基于湖南省基础地理信息数据库，依据湖南省行政区划界线标准画法和最新境界、标准地名成果，采用其他自然地理要素和人文专题要素的现势性资料编制而成。,"数据服务,地图信息","数据服务,地图信息",,https://s-minio.hunandex.com/hunan/商品审核/ce2796a991ff45d985a3f1266f16c2b2.jpg,https://s-minio.hunandex.com/hunan/商品审核/ce2796a991ff45d985a3f1266f16c2b2.jpg,2022_石鼓区标准地图行政区划示意版32开,1,是,2,同意,2034-09-09,,,,1048,卫星遥感,卫星遥感,,,,新闻宣传用图、书刊报纸插图、广告展示背景图、工艺品设计底图等，也可作为编制公开版地图的参考底图。,,2,,,,1,2,,,8a69d84f8d3f76b6018e79cde07900f3,,,面议,,1,,2025-11-08 00:06:43,,1,
<p>xx省2021年8月地级以上城市集中式生活饮用水水源水质状况报告</p>,,,1726865221964046338,数据交易,2024-12-18,20241213114512149567,2,8,,,,面议.docx,https://s-minio.hunandex.com/hunan/合同/c1140cae05a9433b83f084d4c2f2d926.docx,8a69d8528d3be3a1018e79b4fc720070,长沙数据登记管理中心有限公司,2024-12-13,1,xx省2021年8月地级以上城市集中式生活饮用水水源水质状况报告,1,,,,,,,[],1867415446544633858,xx省2021年8月地级以上城市集中式生活饮用水水源水质状况报告,"数据存储,数据仓库,数据中台,数据系统部署,数据中心","数据存储,数据仓库,数据中台,数据系统部署,数据中心",,https://s-minio.hunandex.com/hunan/应用商品审核/5a517140effe45cea72857c1638d3e34.png,https://s-minio.hunandex.com/hunan/应用商品审核/5a517140effe45cea72857c1638d3e34.png,xx省2021年8月地级以上城市集中式生活饮用水水源水质状况报告,1,是,2,交易部,2035-12-01,,,,1042,城市治理,城市治理,,0.05,,,,2,政务数据上架审批表(1).pdf,https://s-minio.hunandex.com/hunan/合同/7e043b0d3a3b4fb095b457384ede2ce5.pdf,,1,2,,,8a69d84f8d3f76b6018e79cde07900f3,,,面议,1,3,8a69d8528d3be3a1018e79b4fc720070,2025-12-29 01:52:19,,1,
基于湖南省基础地理信息数据库，依据湖南省行政区划界线标准画法和最新境界、标准地名成果，采用其他自然地理要素和人文专题要素的现势性资料编制而成。,,,,,2024-09-09,20240909155526257041,2,17,2024-09-09,,,,,8a69d8528d3be3a1018e79b4fc720070,长沙数据登记管理中心有限公司,2024-09-09,1,基于湖南省基础地理信息数据库，依据湖南省行政区划界线标准画法和最新境界、标准地名成果，采用其他自然地理要素和人文专题要素的现势性资料编制而成。,1,,,,,,,[],1833051575122866177,基于湖南省基础地理信息数据库，依据湖南省行政区划界线标准画法和最新境界、标准地名成果，采用其他自然地理要素和人文专题要素的现势性资料编制而成。,"数据服务,地图信息","数据服务,地图信息",,https://s-minio.hunandex.com/hunan/商品审核/d4a5bbb34c54441db160ec3f8220a61d.jpg,https://s-minio.hunandex.com/hunan/商品审核/d4a5bbb34c54441db160ec3f8220a61d.jpg,2022_石鼓区标准地图影像版8开,1,是,2,同意,2034-09-09,,,,1048,卫星遥感,卫星遥感,,,,新闻宣传用图、书刊报纸插图、广告展示背景图、工艺品设计底图等，也可作为编制公开版地图的参考底图。,,2,,,,1,2,,,8a69d84f8d3f76b6018e79cde07900f3,,,面议,,1,,2025-11-08 00:05:13,,1,
<p>使用案例：某全国股份银行通过引入数星风控系列产品，为全集团近12家金融子公司贷后风险管理、投后风险管理、供应商监控、宏观研究、合规内控等多场景，构建基于异构数据的智能化预警服务。已成功提前预测多项重大风险事件。</p><p>价格面议。</p>,,,1,超级管理员,2024-05-17,20240516154347286809,2,15,2024-05-16,,,TRS技术数据服务合同模板.docx,https://s-minio.hunandex.com/hunan/合同/25a8fad82e3a4039a9e3b36d4de109f0.docx,8a69f5698beb110c018bf6203e7b0007,拓尔思信息技术股份有限公司,2024-05-16,1,TRS数星智能风控大数据平台是利用人工智能、大数据、自然语言处理、知识图谱等技术构建的在线数据服务平台。围绕海量另类数据，全面监控企业多维风险。提供智能多维标签、预警信号推送、风险事件跟踪、风险传导关联、综合异构图谱等风险管理功能，提升金融机构风控能力。在风控、合规、投研、监管等金融场景得到广泛应用。,1,1060,,数据购买服务,,,,"[{""unit"": ""元/天"", ""total"": 0, ""seqNo"": null, ""price"": 20000.0, ""limitCount"": 100000, ""effectiveTime"": 365, ""priceType"": ""1"", ""id"": 752}]",1791011652073492481,TRS数星智能风控大数据平台是利用人工智能、大数据、自然语言处理、知识图谱等技术构建的在线数据服务平台。围绕海量另类数据，全面监控企业多维风险。提供智能多维标签、预警信号推送、风险事件跟踪、风险传导关联、综合异构图谱等风险管理功能，提升金融机构风控能力。在风控、合规、投研、监管等金融场景得到广泛应用。,云基础服务,云基础服务,,https://s-minio.hunandex.com/hunan/应用商品审核/fbfe223eaa644855873fea8e0b2ecaf9.png,https://s-minio.hunandex.com/hunan/应用商品审核/fbfe223eaa644855873fea8e0b2ecaf9.png,企业基本信息工商库,2,否,2,交易部,2036-05-16,,,,1056,工业制造,工业制造,,0.05,,,,2,湖南大数据交易所数据产品上架申请表.pdf,https://s-minio.hunandex.com/hunan/合同/e91158f5965a4cdb85600879955a3b55.pdf,,1,2,,,8a69f5538bb74ddc018bfb8f9a84003f,,,20000,1,3,8a69f5698beb110c018bf6203e7b0007,2025-11-08 00:05:03,,1,
基于湖南省基础地理信息数据库，依据湖南省行政区划界线标准画法和最新境界、标准地名成果，采用其他自然地理要素和人文专题要素的现势性资料编制而成。,,,,,2024-09-09,20240909155501496911,2,18,2024-09-09,,,,,8a69d8528d3be3a1018e79b4fc720070,长沙数据登记管理中心有限公司,2024-09-09,1,基于湖南省基础地理信息数据库，依据湖南省行政区划界线标准画法和最新境界、标准地名成果，采用其他自然地理要素和人文专题要素的现势性资料编制而成。,1,,,,,,,[],1833051470336569345,基于湖南省基础地理信息数据库，依据湖南省行政区划界线标准画法和最新境界、标准地名成果，采用其他自然地理要素和人文专题要素的现势性资料编制而成。,"数据服务,地图信息","数据服务,地图信息",,https://s-minio.hunandex.com/hunan/商品审核/1c93169b7c98480e80d81b85960ce7af.jpg,https://s-minio.hunandex.com/hunan/商品审核/1c93169b7c98480e80d81b85960ce7af.jpg,2022_宁乡市标准地图影像版8开,1,是,2,同意,2034-09-09,,,,1048,卫星遥感,卫星遥感,,,,新闻宣传用图、书刊报纸插图、广告展示背景图、工艺品设计底图等，也可作为编制公开版地图的参考底图。,,2,,,,1,2,,,8a69d84f8d3f76b6018e79cde07900f3,,,面议,,1,,2025-11-08 00:05:21,,1,
<p>2023年第二季度全省城市功能区声环境质量</p>,,,1726865221964046338,数据交易,2024-12-18,20241213141146809138,2,6,,,,面议.docx,https://s-minio.hunandex.com/hunan/合同/18c14082fb074af18eade3fad3fe4736.docx,8a69d8528d3be3a1018e79b4fc720070,长沙数据登记管理中心有限公司,2024-12-13,1,2023年第二季度全省城市功能区声环境质量,1,,,,,,,[],1867452331530833922,2023年第二季度全省城市功能区声环境质量,"数据仓库,数据存储,数据中台,数据系统部署,数据中心","数据仓库,数据存储,数据中台,数据系统部署,数据中心",,https://s-minio.hunandex.com/hunan/应用商品审核/7a60c38e999c4ba89b3edfbfb19e2d68.png,https://s-minio.hunandex.com/hunan/应用商品审核/7a60c38e999c4ba89b3edfbfb19e2d68.png,2023年第二季度全省城市功能区声环境质量,1,是,2,交易部,2035-12-01,,,,2008,绿色低碳,绿色低碳,,0.05,,,,2,政务数据上架审批表(1).pdf,https://s-minio.hunandex.com/hunan/合同/51852049b9e64caa962c91760e566161.pdf,,1,2,,,8a69d84f8d3f76b6018e79cde07900f3,,,面议,1,3,8a69d8528d3be3a1018e79b4fc720070,2025-12-29 02:01:09,,1,
<p>xx省2022年2月地表水水质状况</p>,,,1726865221964046338,数据交易,2024-12-18,20241213114425395289,2,4,,,,面议.docx,https://s-minio.hunandex.com/hunan/合同/ff1be24368c7474bb6bc8b8699132d23.docx,8a69d8528d3be3a1018e79b4fc720070,长沙数据登记管理中心有限公司,2024-12-13,1,xx省2022年2月地表水水质状况,1,,,,,,,[],1867415251576606721,xx省2022年2月地表水水质状况,"数据存储,数据仓库,数据中台,数据系统部署,数据中心","数据存储,数据仓库,数据中台,数据系统部署,数据中心",,https://s-minio.hunandex.com/hunan/应用商品审核/1920a9fb3d3b4362a735fe224360d401.png,https://s-minio.hunandex.com/hunan/应用商品审核/1920a9fb3d3b4362a735fe224360d401.png,xx省2022年2月地表水水质状况,1,是,2,交易部,2035-12-01,,,,1042,城市治理,城市治理,,0.05,,,,2,政务数据上架审批表(1).pdf,https://s-minio.hunandex.com/hunan/合同/c947e261b20b4758a2468eeb11b2aca0.pdf,,1,2,,,8a69d84f8d3f76b6018e79cde07900f3,,,面议,1,3,8a69d8528d3be3a1018e79b4fc720070,2025-12-29 03:50:05,,1,
基于湖南省基础地理信息数据库，依据湖南省行政区划界线标准画法和最新境界、标准地名成果，采用其他自然地理要素和人文专题要素的现势性资料编制而成。,,,,,2024-09-09,20240909155518541679,2,13,2024-09-09,,,,,8a69d8528d3be3a1018e79b4fc720070,长沙数据登记管理中心有限公司,2024-09-09,1,基于湖南省基础地理信息数据库，依据湖南省行政区划界线标准画法和最新境界、标准地名成果，采用其他自然地理要素和人文专题要素的现势性资料编制而成。,1,,,,,,,[],1833051543015469057,基于湖南省基础地理信息数据库，依据湖南省行政区划界线标准画法和最新境界、标准地名成果，采用其他自然地理要素和人文专题要素的现势性资料编制而成。,"数据服务,地图信息","数据服务,地图信息",,https://s-minio.hunandex.com/hunan/商品审核/4aee1a2c91434fe49fd66739af1c3a40.jpg,https://s-minio.hunandex.com/hunan/商品审核/4aee1a2c91434fe49fd66739af1c3a40.jpg,2020_湘潭县标准地图基本要素版8开,1,是,2,同意,2034-09-09,,,,1048,卫星遥感,卫星遥感,,,,新闻宣传用图、书刊报纸插图、广告展示背景图、工艺品设计底图等，也可作为编制公开版地图的参考底图。,,2,,,,1,2,,,8a69d84f8d3f76b6018e79cde07900f3,,,面议,,1,,2025-11-08 00:00:24,,1,
<p>使用案例：某全国股份银行通过引入数星风控系列产品，为全集团近12家金融子公司贷后风险管理、投后风险管理、供应商监控、宏观研究、合规内控等多场景，构建基于异构数据的智能化预警服务。已成功提前预测多项重大风险事件。</p><p>价格面议。</p>,,,1,超级管理员,2024-05-17,20240516162021249050,2,13,2024-05-16,,,TRS技术数据服务合同模板.docx,https://s-minio.hunandex.com/hunan/合同/62f26ea219454a789a70c04078353355.docx,8a69f5698beb110c018bf6203e7b0007,拓尔思信息技术股份有限公司,2024-05-16,1,TRS数星智能风控大数据平台是利用人工智能、大数据、自然语言处理、知识图谱等技术构建的在线数据服务平台。围绕海量另类数据，全面监控企业多维风险。提供智能多维标签、预警信号推送、风险事件跟踪、风险传导关联、综合异构图谱等风险管理功能，提升金融机构风控能力。在风控、合规、投研、监管等金融场景得到广泛应用。,1,1060,,数据购买服务,,,,"[{""unit"": ""元/天"", ""total"": 0, ""seqNo"": null, ""price"": 10000.0, ""limitCount"": 100000, ""effectiveTime"": 365, ""priceType"": ""1"", ""id"": 795}]",1791020851742445569,TRS数星智能风控大数据平台是利用人工智能、大数据、自然语言处理、知识图谱等技术构建的在线数据服务平台。围绕海量另类数据，全面监控企业多维风险。提供智能多维标签、预警信号推送、风险事件跟踪、风险传导关联、综合异构图谱等风险管理功能，提升金融机构风控能力。在风控、合规、投研、监管等金融场景得到广泛应用。,云基础服务,云基础服务,,https://s-minio.hunandex.com/hunan/应用商品审核/064a21b602f34f0ca4fc178effe2764f.png,https://s-minio.hunandex.com/hunan/应用商品审核/064a21b602f34f0ca4fc178effe2764f.png,企业风险统计,2,否,2,交易部,2036-05-16,,,,1056,工业制造,工业制造,,0.05,,,,2,湖南大数据交易所数据产品上架申请表.pdf,https://s-minio.hunandex.com/hunan/合同/f454939fef04495d88d361bd5cde4529.pdf,,1,2,,,8a69f5538bb74ddc018bfb8f9a84003f,,,10000,1,3,8a69f5698beb110c018bf6203e7b0007,2025-11-08 00:06:20,,1,
基于湖南省基础地理信息数据库，依据湖南省行政区划界线标准画法和最新境界、标准地名成果，采用其他自然地理要素和人文专题要素的现势性资料编制而成。,,,,,2024-09-09,20240909155622632838,2,9,2024-09-09,,,,,8a69d8528d3be3a1018e79b4fc720070,长沙数据登记管理中心有限公司,2024-09-09,1,基于湖南省基础地理信息数据库，依据湖南省行政区划界线标准画法和最新境界、标准地名成果，采用其他自然地理要素和人文专题要素的现势性资料编制而成。,1,,,,,,,[],1833051808573632514,基于湖南省基础地理信息数据库，依据湖南省行政区划界线标准画法和最新境界、标准地名成果，采用其他自然地理要素和人文专题要素的现势性资料编制而成。,"数据服务,地图信息","数据服务,地图信息",,https://s-minio.hunandex.com/hunan/商品审核/6ae619ff3e8347bd9d1716ce4f115f60.jpg,https://s-minio.hunandex.com/hunan/商品审核/6ae619ff3e8347bd9d1716ce4f115f60.jpg,2023_沅江市标准地图行政区划示意版32开,1,是,2,同意,2034-09-09,,,,1048,卫星遥感,卫星遥感,,,,新闻宣传用图、书刊报纸插图、广告展示背景图、工艺品设计底图等，也可作为编制公开版地图的参考底图。,,2,,,,1,2,,,8a69d84f8d3f76b6018e79cde07900f3,,,面议,,1,,2025-11-08 00:05:38,,1,
<p>1.发电企业提供辅助电力交易决策，提升电力交易水平，支撑生产、营销数据应用和分析；</p><p>2.售电公司提供用电负荷预测服务，降低偏差考核风险，促进市场信息共享；</p><p>3.工商业电力用户提供线上零售用户开发，减低企业用能成本。</p>,,,1,超级管理员,2023-11-22,20231122152204868422,2,228,,,,,,8a69f5698beb110c018bf0c097450001,湖南能源大数据中心有限责任公司,2023-11-22,1,依托湖南中前期和现货交易规则，打造的市场主体智慧服务凭条，构建“电力交易决策”和“电力零售”两大板块。,1,,,,,,,[],1727225919606140930,依托湖南中前期和现货交易规则，打造的市场主体智慧服务凭条，构建“电力交易决策”和“电力零售”两大板块。,企业工商,企业工商,,https://s-minio.hunandex.com/hunan/应用商品审核/29cffc95409440f484620d86fb0d390e.png,https://s-minio.hunandex.com/hunan/应用商品审核/29cffc95409440f484620d86fb0d390e.png,市场主体智慧服务平台,1,是,2,通过,,,,,1056,工业制造,工业制造,,0.05,,服务售电公司、发电企业、工商业电力用户，提供业务运营管理、中长期辅助决策、现货服务决策、电力零售商场、售电公司运营等成套解决方案。,,2,,,,1,2,,,8a69f5538bb74ddc018bf0cb357b0022,,,面议,,1,8a69f5698beb110c018bf0c097450001,2025-12-11 16:17:08,https://market.hedi.net.cn/,1,
基于湖南省基础地理信息数据库，依据湖南省行政区划界线标准画法和最新境界、标准地名成果，采用其他自然地理要素和人文专题要素的现势性资料编制而成。,,,,,2024-09-09,20240909155634169266,2,7,2024-09-09,,,,,8a69d8528d3be3a1018e79b4fc720070,长沙数据登记管理中心有限公司,2024-09-09,1,基于湖南省基础地理信息数据库，依据湖南省行政区划界线标准画法和最新境界、标准地名成果，采用其他自然地理要素和人文专题要素的现势性资料编制而成。,1,,,,,,,[],1833051860738191361,基于湖南省基础地理信息数据库，依据湖南省行政区划界线标准画法和最新境界、标准地名成果，采用其他自然地理要素和人文专题要素的现势性资料编制而成。,"数据服务,地图信息","数据服务,地图信息",,https://s-minio.hunandex.com/hunan/商品审核/db47725f062843e4bede1373ca3a260b.jpg,https://s-minio.hunandex.com/hunan/商品审核/db47725f062843e4bede1373ca3a260b.jpg,2022_嘉禾县标准地图行政区划示意版32开,1,是,2,同意,2034-09-09,,,,1048,卫星遥感,卫星遥感,,,,新闻宣传用图、书刊报纸插图、广告展示背景图、工艺品设计底图等，也可作为编制公开版地图的参考底图。,,2,,,,1,2,,,8a69d84f8d3f76b6018e79cde07900f3,,,面议,,1,,2025-11-08 00:07:39,,1,
<p>使用案例：某全国股份银行通过引入数星风控系列产品，为全集团近12家金融子公司贷后风险管理、投后风险管理、供应商监控、宏观研究、合规内控等多场景，构建基于异构数据的智能化预警服务。已成功提前预测多项重大风险事件。</p><p>价格面议。</p>,,,1,超级管理员,2024-05-17,20240516160211755777,2,10,2024-05-16,,,TRS技术数据服务合同模板.docx,https://s-minio.hunandex.com/hunan/合同/ebb9aabe496844a4bc920e817028f03c.docx,8a69f5698beb110c018bf6203e7b0007,拓尔思信息技术股份有限公司,2024-05-16,1,TRS数星智能风控大数据平台是利用人工智能、大数据、自然语言处理、知识图谱等技术构建的在线数据服务平台。围绕海量另类数据，全面监控企业多维风险。提供智能多维标签、预警信号推送、风险事件跟踪、风险传导关联、综合异构图谱等风险管理功能，提升金融机构风控能力。在风控、合规、投研、监管等金融场景得到广泛应用。,1,1060,,数据购买服务,,,,"[{""unit"": ""元/天"", ""total"": 0, ""seqNo"": null, ""price"": 20000.0, ""limitCount"": 100000, ""effectiveTime"": 365, ""priceType"": ""1"", ""id"": 762}]",1791016281284874242,TRS数星智能风控大数据平台是利用人工智能、大数据、自然语言处理、知识图谱等技术构建的在线数据服务平台。围绕海量另类数据，全面监控企业多维风险。提供智能多维标签、预警信号推送、风险事件跟踪、风险传导关联、综合异构图谱等风险管理功能，提升金融机构风控能力。在风控、合规、投研、监管等金融场景得到广泛应用。,云基础服务,云基础服务,,https://s-minio.hunandex.com/hunan/应用商品审核/9a4bb5b57f3c49e0a6e7f1b8a03bcdef.png,https://s-minio.hunandex.com/hunan/应用商品审核/9a4bb5b57f3c49e0a6e7f1b8a03bcdef.png,企业信息高级搜索,2,否,2,交易部,2036-05-16,,,,1056,工业制造,工业制造,,0.05,,,,2,湖南大数据交易所数据产品上架申请表.pdf,https://s-minio.hunandex.com/hunan/合同/e0079e5353b64995a28e0a181944f9b4.pdf,,1,2,,,8a69f5538bb74ddc018bfb8f9a84003f,,,20000,1,3,8a69f5698beb110c018bf6203e7b0007,2025-11-08 00:06:23,,1,
<p>帮助用户全面了解热点的发生、发展及各时期数据变化情况，洞察热点全貌，快速识别重大行业情报，为舆情态势感知、商业决策、运营策划等提供数据支持，价格面议。</p>,,,1,超级管理员,2024-05-15,20240515163956580837,2,8,2024-05-15,,,TRS技术数据服务合同模板.docx,https://s-minio.hunandex.com/hunan/合同/99ceff9a44644ccfb156e73aba749709.docx,8a69f5698beb110c018bf6203e7b0007,拓尔思信息技术股份有限公司,2024-05-15,1,微博资讯热点利用大数据分析技术对海量互联网数据进行语义聚类和热度分析，发现微博的资讯热点，提取热点的基础属性要素，动态监控热点发展态势，并对其进行各种维度的深度分析。,1,1059,,数据分析服务,,,,"[{""unit"": ""元/天"", ""total"": 0, ""seqNo"": null, ""price"": 50000.0, ""limitCount"": 100000, ""effectiveTime"": 365, ""priceType"": ""1"", ""id"": 712}]",1790663395149418498,微博资讯热点利用大数据分析技术对海量互联网数据进行语义聚类和热度分析，发现微博的资讯热点，提取热点的基础属性要素，动态监控热点发展态势，并对其进行各种维度的深度分析。,云基础服务,云基础服务,,https://s-minio.hunandex.com/hunan/应用商品审核/a3ee252fec65487aab8c3e2b002ee1a4.png,https://s-minio.hunandex.com/hunan/应用商品审核/a3ee252fec65487aab8c3e2b002ee1a4.png,数家资讯大数据分析场景数据-微博热点,2,否,2,审核通过,2036-05-15,,,,1056,工业制造,工业制造,,0.05,,,,2,湖南大数据交易所数据产品上架申请表.pdf,https://s-minio.hunandex.com/hunan/合同/8cbce0ecd5354bcdabe190c23e8c7397.pdf,,1,2,,,8a69f5538bb74ddc018bfb8f9a84003f,,,50000,1,3,8a69f5698beb110c018bf6203e7b0007,2025-12-10 19:39:16,,1,
基于湖南省基础地理信息数据库，依据湖南省行政区划界线标准画法和最新境界、标准地名成果，采用其他自然地理要素和人文专题要素的现势性资料编制而成。,,,,,2024-09-09,20240909155634206816,2,13,2024-09-09,,,,,8a69d8528d3be3a1018e79b4fc720070,长沙数据登记管理中心有限公司,2024-09-09,1,基于湖南省基础地理信息数据库，依据湖南省行政区划界线标准画法和最新境界、标准地名成果，采用其他自然地理要素和人文专题要素的现势性资料编制而成。,1,,,,,,,[],1833051860213903361,基于湖南省基础地理信息数据库，依据湖南省行政区划界线标准画法和最新境界、标准地名成果，采用其他自然地理要素和人文专题要素的现势性资料编制而成。,"数据服务,地图信息","数据服务,地图信息",,https://s-minio.hunandex.com/hunan/商品审核/f1d4913d5e9c4b4381286f32ad82aa2f.jpg,https://s-minio.hunandex.com/hunan/商品审核/f1d4913d5e9c4b4381286f32ad82aa2f.jpg,2022_嘉禾县标准地图影像版8开,1,是,2,同意,2034-09-09,,,,1048,卫星遥感,卫星遥感,,,,新闻宣传用图、书刊报纸插图、广告展示背景图、工艺品设计底图等，也可作为编制公开版地图的参考底图。,,2,,,,1,2,,,8a69d84f8d3f76b6018e79cde07900f3,,,面议,,1,,2025-11-08 00:02:18,,1,
<p>2023年8月全省xx个市州城市环境空气质量状况</p>,,,1726865221964046338,数据交易,2024-12-18,20241213160002586436,2,15,,,,面议.docx,https://s-minio.hunandex.com/hunan/合同/da9c28412fc04d3f91c0a4edb58c7892.docx,8a69d8528d3be3a1018e79b4fc720070,长沙数据登记管理中心有限公司,2024-12-13,1,2023年8月全省xx个市州城市环境空气质量状况,1,,,,,,,[],1867479580200062977,2023年8月全省xx个市州城市环境空气质量状况,"数据存储,数据仓库,数据中台,数据系统部署,数据中心","数据存储,数据仓库,数据中台,数据系统部署,数据中心",,https://s-minio.hunandex.com/hunan/应用商品审核/53534929719b43da893f0cf8bc280608.png,https://s-minio.hunandex.com/hunan/应用商品审核/53534929719b43da893f0cf8bc280608.png,2023年8月全省xx个市州城市环境空气质量状况,1,是,2,交易部,2035-12-01,,,,2008,绿色低碳,绿色低碳,,0.05,,,,2,政务数据上架审批表(1).pdf,https://s-minio.hunandex.com/hunan/合同/2ce615afb43c416caa5c6575819c1438.pdf,,1,2,,,8a69d84f8d3f76b6018e79cde07900f3,,,面议,1,3,8a69d8528d3be3a1018e79b4fc720070,2025-11-12 16:17:12,,1,
基于湖南省基础地理信息数据库，依据湖南省行政区划界线标准画法和最新境界、标准地名成果，采用其他自然地理要素和人文专题要素的现势性资料编制而成。,,,,,2024-09-09,20240909155615188151,2,7,2024-09-09,,,,,8a69d8528d3be3a1018e79b4fc720070,长沙数据登记管理中心有限公司,2024-09-09,1,基于湖南省基础地理信息数据库，依据湖南省行政区划界线标准画法和最新境界、标准地名成果，采用其他自然地理要素和人文专题要素的现势性资料编制而成。,1,,,,,,,[],1833051781121912834,基于湖南省基础地理信息数据库，依据湖南省行政区划界线标准画法和最新境界、标准地名成果，采用其他自然地理要素和人文专题要素的现势性资料编制而成。,"数据服务,地图信息","数据服务,地图信息",,https://s-minio.hunandex.com/hunan/商品审核/1bcfdac5f5814c638d4be1c89080ace0.jpg,https://s-minio.hunandex.com/hunan/商品审核/1bcfdac5f5814c638d4be1c89080ace0.jpg,2023_桑植县标准地图影像版8开,1,是,2,同意,2034-09-09,,,,1048,卫星遥感,卫星遥感,,,,新闻宣传用图、书刊报纸插图、广告展示背景图、工艺品设计底图等，也可作为编制公开版地图的参考底图。,,2,,,,1,2,,,8a69d84f8d3f76b6018e79cde07900f3,,,面议,,1,,2025-11-08 00:06:28,,1,
基于湖南省基础地理信息数据库，依据湖南省行政区划界线标准画法和最新境界、标准地名成果，采用其他自然地理要素和人文专题要素的现势性资料编制而成。,,,,,2024-09-09,20240909155449890241,2,10,2024-09-09,,,,,8a69d8528d3be3a1018e79b4fc720070,长沙数据登记管理中心有限公司,2024-09-09,1,基于湖南省基础地理信息数据库，依据湖南省行政区划界线标准画法和最新境界、标准地名成果，采用其他自然地理要素和人文专题要素的现势性资料编制而成。,1,,,,,,,[],1833051417513504770,基于湖南省基础地理信息数据库，依据湖南省行政区划界线标准画法和最新境界、标准地名成果，采用其他自然地理要素和人文专题要素的现势性资料编制而成。,"数据服务,地图信息","数据服务,地图信息",,https://s-minio.hunandex.com/hunan/商品审核/2a31d8783d94440398cc41bc09f06cb9.jpg,https://s-minio.hunandex.com/hunan/商品审核/2a31d8783d94440398cc41bc09f06cb9.jpg,2020_衡阳市标准地图基本要素版8开,1,是,2,同意,2034-09-09,,,,1048,卫星遥感,卫星遥感,,,,新闻宣传用图、书刊报纸插图、广告展示背景图、工艺品设计底图等，也可作为编制公开版地图的参考底图。,,2,,,,1,2,,,8a69d84f8d3f76b6018e79cde07900f3,,,面议,,1,,2025-11-13 11:34:25,,1,
基于湖南省基础地理信息数据库，依据湖南省行政区划界线标准画法和最新境界、标准地名成果，采用其他自然地理要素和人文专题要素的现势性资料编制而成。,,,,,2024-09-09,20240909155433647466,2,16,2024-09-09,,,,,8a69d8528d3be3a1018e79b4fc720070,长沙数据登记管理中心有限公司,2024-09-09,1,基于湖南省基础地理信息数据库，依据湖南省行政区划界线标准画法和最新境界、标准地名成果，采用其他自然地理要素和人文专题要素的现势性资料编制而成。,1,,,,,,,[],1833051352338214913,基于湖南省基础地理信息数据库，依据湖南省行政区划界线标准画法和最新境界、标准地名成果，采用其他自然地理要素和人文专题要素的现势性资料编制而成。,"数据服务,地图信息","数据服务,地图信息",,https://s-minio.hunandex.com/hunan/商品审核/5356c090fff1417e9e33f0e7069466c4.jpg,https://s-minio.hunandex.com/hunan/商品审核/5356c090fff1417e9e33f0e7069466c4.jpg,2018_湖南省标准地图公路交通版,1,是,2,同意,2034-09-09,,,,1048,卫星遥感,卫星遥感,,,,新闻宣传用图、书刊报纸插图、广告展示背景图、工艺品设计底图等，也可作为编制公开版地图的参考底图。,,2,,,,1,2,,,8a69d84f8d3f76b6018e79cde07900f3,,,面议,,1,,2025-11-08 00:09:49,,1,
<p>xx市居民生活水平统计信息</p>,,,1726865221964046338,数据交易,2024-12-18,20241212144545304756,2,18,,,,面议.docx,https://s-minio.hunandex.com/hunan/合同/984498d8f5b64a0392709d334d0fc79f.docx,8a69d8528d3be3a1018e79b4fc720070,长沙数据登记管理中心有限公司,2024-12-12,1,xx市居民生活水平统计信息,1,,,,,,,[],1867098499466579970,xx市居民生活水平统计信息,"数据存储,数据仓库,数据中台,数据系统部署,数据中心","数据存储,数据仓库,数据中台,数据系统部署,数据中心",,https://s-minio.hunandex.com/hunan/应用商品审核/27cf52e2d2844a7fa67110394fad335b.png,https://s-minio.hunandex.com/hunan/应用商品审核/27cf52e2d2844a7fa67110394fad335b.png,xx市居民生活水平统计信息,1,是,2,交易部,2035-12-01,,,,1042,城市治理,城市治理,,0.05,,,,2,政务数据上架审批表(1).pdf,https://s-minio.hunandex.com/hunan/合同/3b109238d91c4305b88b5cf63a3cdaa4.pdf,,1,2,,,8a69d84f8d3f76b6018e79cde07900f3,,,面议,1,3,8a69d8528d3be3a1018e79b4fc720070,2025-12-29 08:08:28,,1,
