auditStatus,auditStatusName,dataProductDescription,dataProductType,dataProductTypeLabel,dataProductTypeName,flag,how,id,industry,industryList,industryListLabel,industryName,industrySectorType,industrySectorTypeLabel,industrySectorTypeList,name,node,productProviderName,productStatus,productStatusName,purchasePrice,rn,sceneCategoryType,sceneCategoryTypeLabel,sceneCategoryTypeList
3,,"针对车辆偏离车道的检测，通过车道线识别算法判断，当车轮外沿接近/越过车道线某个距离（可配置，范围为正负20cm，默认值为-20cm，即越过车道线20cm），启动报警。
",4,数据报告,,0,1,1147245670076399616,3,[3],"[""教育科技""]",,3,青易险,,ADAS车道偏离检测算法,一级审批,青岛海信网络科技股份有限公司,2,,按需可议,,,,
3,,提供典型行业的电商数据分析工作流和API服务，以核心指标的报告和数据包作为交付，以表格和文字的形式呈现，包括销量、销售额、转化率、竞争对比、用户口碑等标签和数据列。,2,数据集,,0,3,1180924863097946112,20,[20],"[""其他""]",,6,青易保,,电商数据分析数据集,一级审批,青岛千瑞数联信息技术有限公司,2,,可面议,,,,
3,,帮助广告主衡量在互联网的整体品牌声量和广告投放效率，比较各平台的热度、评估互动率和健康指数。,2,数据集,,0,3,1180909443456516096,20,[20],"[""其他""]",,6,青易保,,跨媒体视频广告互动营销效果模型,一级审批,青岛南罗岛科技发展有限公司,2,,可面议,,,,
3,," 浩鲸科技围绕数据治理咨询方法、数据资产持续运营，通过“盘一规一融一评”数据治理的四轮驱动法，为客户提供数据治理方法论、平台工具及服务，助力行业客户快速构建体系化、平台化、高效化的数据治理能力，加快行业客户数字化转型进程。
浩鲸数据治理服务，形成了统一平台、统一数据标准体系以及统一指标体系；
1、形成包括数据归集规范、数据开发规范、数据服务规范、数据模型标准规范、数据质量规范、数据安全规范等统一的标准规范体系，指导数据中台、数据治理和数据应用建设。
2、统一平台开始数据治理实施，实现数据统一接入、统一链路，对实时数据、离线数据、iot数据等外部数据进行统一管理，并对外统一提供数据共享服务；
3、统一的指标体系，支撑精准分析和运营；跟踪指标数据质量，确定数据质量规则并配置定期稽核。
4、数据落库管理，对标指标库，提供数据回溯，同时也为后续数据共享与应用提供数据基础。",4,数据报告,,0,1,1174338668637274112,20,[20],"[""其他""]",,,,,数据治理服务,一级审批,浩鲸云计算科技股份有限公司,2,,按需可议,,,,
3,,面对青岛各行业经济景气分析的需求，通过整合各行业日电量核心数据，以标准化数据治理为抓手赋能电力经济态势研判。,4,数据报告,,0,1,1170161252691951616,20,[20],"[""其他""]",,6,青易保,,电力看行业数据产品,一级审批,国网山东省电力公司青岛供电公司,2,,协商议价,,12,其他,
3,,为客户提供短时预报、短期预报、七天预报、预警等信息,1,API,,0,1,1190714698847305728,6,[6],"[""社保就业""]",,6,青易保,,青岛市气象预报预警产品数据集,一级审批,青岛市气象台（青岛市海洋气象台）,2,,面议,,12,其他,
3,,基于本地化强对流、大风、海雾客观方法、多波段雷达组网融合分析产品，精准分5个海区进行每日两次未来72小时预报、分批次靶向早期预警，最大限度提高海上作业、处置效率。,1,API,,0,1,1190713714569986048,6,[6],"[""社保就业""]",,6,青易保,,青岛市海区分区预报预警产品,一级审批,青岛市气象台（青岛市海洋气象台）,2,,面议,,12,其他,
3,,"""本算法面向城市街道、园区、车站等检测区域，通过实时视频监控，对桶口/桶盖朝上的垃圾桶进行检测，对仓满溢出的垃圾桶进行预警，报警结果包括垃圾桶满溢告警图片、告警时间、告警区域。支持有盖无盖、多种颜色、多种款式、多种尺寸的垃圾桶满溢检测。报警结果可联动第三方业务系统平台，辅助改善市容环境，提高城市环境治理效率和效果。
算法精度：准确率≥90%，召回率≥90%""
",4,数据报告,,0,1,1146116875785224192,3,[3],"[""教育科技""]",,3,青易险,,垃圾桶满溢算法,一级审批,青岛海信网络科技股份有限公司,2,,按需可议,,,,
3,,"""本算法可实时检测工地和化工园场景下的佩戴安全帽行为，通过视频监控，对检测区域内的人头和佩戴安全帽的行为进行检测，当检测到未佩戴安全帽的人头且持续时间超过指定时间（支持用户自定义），则告警，报警结果包括未佩戴安全帽告警图片、告警时间、告警点位。算法支持红、黄、蓝色安全帽检测，支持最小检测目标30*30像素、最大检测目标100*100像素（以1920*1080为例）。
算法精度：准确率≥90%，召回率≥90%""
",4,数据报告,,0,1,1146131742378311680,3,[3],"[""教育科技""]",,3,青易险,,安全帽检测算法,一级审批,青岛海信网络科技股份有限公司,2,,按需可议,,,,
3,,"""面向城市道路低洼处、桥洞口、隧道等容易出现积水的区域，城市积水检测算法可检测划定区域内积水的位置、面积，支持同一画面区域多个积水点的检测，支持黄色、浑浊等多种类型积水的检测，当检测到积水范围大于设定积水阈值区域时，则立即告警，报警信息包括积水告警图片、告警时间和告警区域。
算法精度：准确率≥95%，召回率≥90%""
",4,数据报告,,0,1,1146114726896484352,3,[3],"[""教育科技""]",,3,青易险,,城市积水检测算法,一级审批,青岛海信网络科技股份有限公司,2,,按需可议,,,,
3,,青岛范围24小时内、1小时分辨率，温度、风、降水量等6种气象要素0.5*0.5公里（关键区域0.1*0.1公里）网格预报数据集。,1,API,,0,1,1190715631413051392,6,[6],"[""社保就业""]",,6,青易保,,海陆一体快速更新无缝隙智能预报系统,一级审批,青岛市气象台（青岛市海洋气象台）,2,,面议,,12,其他,
3,,基于EC细网格模式预报产品，利用支持向量机技术，将观测数据和数值模式预报结果通过回归分析，得到风速预报偏差订正的一般规律，完成大风客观预报模型，生成青岛近海站点的时间分辨率3h的风速客观预报产品。,1,API,,0,1,1190706784648642560,6,[6],"[""社保就业""]",,6,青易保,,青岛沿海大风客观预报产品,一级审批,青岛市气象台（青岛市海洋气象台）,2,,面议,,12,其他,
3,,基于EC细网格模式预报产品，利用支持向量机技术，将观测数据和数值模式预报结果通过回归分析，得到风速预报偏差订正的一般规律，完成大风客观预报模型，生成青岛近海站点的时间分辨率3h的风速客观预报产品。,1,API,,0,1,1190706784648642560,6,[6],"[""社保就业""]",,6,青易保,,青岛沿海大风客观预报产品,一级审批,青岛市气象台（青岛市海洋气象台）,2,,面议,,12,其他,
3,,"""本算法面向城市街道、园区、车站等检测区域，通过实时视频监控，对桶口/桶盖朝上的垃圾桶进行检测，对仓满溢出的垃圾桶进行预警，报警结果包括垃圾桶满溢告警图片、告警时间、告警区域。支持有盖无盖、多种颜色、多种款式、多种尺寸的垃圾桶满溢检测。报警结果可联动第三方业务系统平台，辅助改善市容环境，提高城市环境治理效率和效果。
算法精度：准确率≥90%，召回率≥90%""
",4,数据报告,,0,1,1146116875785224192,3,[3],"[""教育科技""]",,3,青易险,,垃圾桶满溢算法,一级审批,青岛海信网络科技股份有限公司,2,,按需可议,,,,
3,,基于本地化强对流、大风、海雾客观方法、多波段雷达组网融合分析产品，精准分5个海区进行每日两次未来72小时预报、分批次靶向早期预警，最大限度提高海上作业、处置效率。,1,API,,0,1,1190713714569986048,6,[6],"[""社保就业""]",,6,青易保,,青岛市海区分区预报预警产品,一级审批,青岛市气象台（青岛市海洋气象台）,2,,面议,,12,其他,
3,,"针对车辆偏离车道的检测，通过车道线识别算法判断，当车轮外沿接近/越过车道线某个距离（可配置，范围为正负20cm，默认值为-20cm，即越过车道线20cm），启动报警。
",4,数据报告,,0,1,1147245670076399616,3,[3],"[""教育科技""]",,3,青易险,,ADAS车道偏离检测算法,一级审批,青岛海信网络科技股份有限公司,2,,按需可议,,,,
3,,"""面向城市道路低洼处、桥洞口、隧道等容易出现积水的区域，城市积水检测算法可检测划定区域内积水的位置、面积，支持同一画面区域多个积水点的检测，支持黄色、浑浊等多种类型积水的检测，当检测到积水范围大于设定积水阈值区域时，则立即告警，报警信息包括积水告警图片、告警时间和告警区域。
算法精度：准确率≥95%，召回率≥90%""
",4,数据报告,,0,1,1146114726896484352,3,[3],"[""教育科技""]",,3,青易险,,城市积水检测算法,一级审批,青岛海信网络科技股份有限公司,2,,按需可议,,,,
3,,该产品通过分析社交媒体的公开内容（如：热门话题、评论情绪）以及融合其他数据源，来构建更立体的用户兴趣图谱。,2,数据集,,0,3,1180878499404136448,20,[20],"[""其他""]",,6,青易保,,社媒热门话题标签映射数据,一级审批,青岛南罗岛科技发展有限公司,2,,可面议,,,,
3,,帮助广告主衡量在互联网的整体品牌声量和广告投放效率，比较各平台的热度、评估互动率和健康指数。,2,数据集,,0,3,1180909443456516096,20,[20],"[""其他""]",,6,青易保,,跨媒体视频广告互动营销效果模型,一级审批,青岛南罗岛科技发展有限公司,2,,可面议,,,,
3,,"""本算法可实时检测工地和化工园场景下的佩戴安全帽行为，通过视频监控，对检测区域内的人头和佩戴安全帽的行为进行检测，当检测到未佩戴安全帽的人头且持续时间超过指定时间（支持用户自定义），则告警，报警结果包括未佩戴安全帽告警图片、告警时间、告警点位。算法支持红、黄、蓝色安全帽检测，支持最小检测目标30*30像素、最大检测目标100*100像素（以1920*1080为例）。
算法精度：准确率≥90%，召回率≥90%""
",4,数据报告,,0,1,1146131742378311680,3,[3],"[""教育科技""]",,3,青易险,,安全帽检测算法,一级审批,青岛海信网络科技股份有限公司,2,,按需可议,,,,
3,,面对青岛各行业经济景气分析的需求，通过整合各行业日电量核心数据，以标准化数据治理为抓手赋能电力经济态势研判。,4,数据报告,,0,1,1170161252691951616,20,[20],"[""其他""]",,6,青易保,,电力看行业数据产品,一级审批,国网山东省电力公司青岛供电公司,2,,协商议价,,12,其他,
3,,提供基于公开的基准数据集、商业数据集、定制构建数据集，并提供行业视频内容训练和优化行业专业AI模型（如：行为识别、质量检测、内容分析、品牌调研等）的关键资源。,2,数据集,,0,3,1180923799023992832,20,[20],"[""其他""]",,6,青易保,,行业视频内容数据集,一级审批,青岛千瑞数联信息技术有限公司,2,,可面议,,,,
3,,为客户提供短时预报、短期预报、七天预报、预警等信息,1,API,,0,1,1190714698847305728,6,[6],"[""社保就业""]",,6,青易保,,青岛市气象预报预警产品数据集,一级审批,青岛市气象台（青岛市海洋气象台）,2,,面议,,12,其他,
3,,浩鲸大数据平台围绕企业级数据的采、存、管、通和用等方面数据生产加工利用的全过程，打造以用户为中心的一站式工作台，提供覆盖数据的规划设计、采集汇聚、开发治理、资产管理、服务共享、监控运维和分析应用全流程的一站式数据生产与管理能力，以及多行业大数据建设经验沉淀的标准化行业数据体系模板，帮助客户敏捷构建完整的数据治理体系能力，实现全域数据的归集治理、数据质量改善提升、数据资产持续沉淀、数据资源共享流通，数据价值不断释放，为客户数字化转型注智赋能。,4,数据报告,,0,1,1174345651213910016,20,[20],"[""其他""]",,,,,大数据平台,一级审批,浩鲸云计算科技股份有限公司,2,,一次性,,,,
3,,针对青岛环胶州湾以及城内高速路、快速路等重点路段，精确到路网桩号对应大雾、道路结冰、大风、强降水等交通管控阈值数据，使用无缝隙快速更新一张网对上述灾害性天气要素进行路段预报，提供智能监测和交通管控风险预警服务。实现高影响天气风险识别预警、高速路监测预警气象信息发布等。,1,API,,0,1,1190712953870041088,6,[6],"[""社保就业""]",,6,青易保,,青岛市公路交通气象风险预警产品,一级审批,青岛市气象台（青岛市海洋气象台）,2,,面议,,12,其他,
3,,基于EC细网格模式预报产品，利用支持向量机技术，将观测数据和数值模式预报结果通过回归分析，得到风速预报偏差订正的一般规律，完成大风客观预报模型，生成青岛近海站点的时间分辨率3h的风速客观预报产品。,1,API,,0,1,1190706784648642560,6,[6],"[""社保就业""]",,6,青易保,,青岛沿海大风客观预报产品,一级审批,青岛市气象台（青岛市海洋气象台）,2,,面议,,12,其他,
3,,青岛市区域空间分辨率1至5km，时间分辨率分钟至小时的气温、气压、风速、湿度、降水等要素格点数据。,1,API,,0,1,1190714142992973824,6,[6],"[""社保就业""]",,6,青易保,,青岛市气象格点实况融合分析数据,一级审批,青岛市气象台（青岛市海洋气象台）,2,,面议,,12,其他,
3,,提供典型行业的电商数据分析工作流和API服务，以核心指标的报告和数据包作为交付，以表格和文字的形式呈现，包括销量、销售额、转化率、竞争对比、用户口碑等标签和数据列。,2,数据集,,0,3,1180924863097946112,20,[20],"[""其他""]",,6,青易保,,电商数据分析数据集,一级审批,青岛千瑞数联信息技术有限公司,2,,可面议,,,,
3,,"""本算法面向城市街道、园区、车站等检测区域，通过实时视频监控，对桶口/桶盖朝上的垃圾桶进行检测，对仓满溢出的垃圾桶进行预警，报警结果包括垃圾桶满溢告警图片、告警时间、告警区域。支持有盖无盖、多种颜色、多种款式、多种尺寸的垃圾桶满溢检测。报警结果可联动第三方业务系统平台，辅助改善市容环境，提高城市环境治理效率和效果。
算法精度：准确率≥90%，召回率≥90%""
",4,数据报告,,0,1,1146116875785224192,3,[3],"[""教育科技""]",,3,青易险,,垃圾桶满溢算法,一级审批,青岛海信网络科技股份有限公司,2,,按需可议,,,,
3,,"""本算法可通过高点监控摄像机实时检测森林场景中的火情，支持识别烟火、烟雾、明火三类目标，通过分析视频画面中的像素变化、颜色特征和动态变化特征等信息，识别火情，一旦检测到，立即告警，报警信息包括火情告警图片、告警时间和告警点位等，便于相关人员及时处理，保障人们的生命财产安全。
算法精度：准确率≥95%，召回率≥90%""
",4,数据报告,,0,1,1146114347723014144,3,[3],"[""教育科技""]",,3,青易险,,森林火点检测算法,一级审批,青岛海信网络科技股份有限公司,2,,按需可议,,,,
3,,"""面向城市道路低洼处、桥洞口、隧道等容易出现积水的区域，城市积水检测算法可检测划定区域内积水的位置、面积，支持同一画面区域多个积水点的检测，支持黄色、浑浊等多种类型积水的检测，当检测到积水范围大于设定积水阈值区域时，则立即告警，报警信息包括积水告警图片、告警时间和告警区域。
算法精度：准确率≥95%，召回率≥90%""
",4,数据报告,,0,1,1146114726896484352,3,[3],"[""教育科技""]",,3,青易险,,城市积水检测算法,一级审批,青岛海信网络科技股份有限公司,2,,按需可议,,,,
3,," 浩鲸科技围绕数据治理咨询方法、数据资产持续运营，通过“盘一规一融一评”数据治理的四轮驱动法，为客户提供数据治理方法论、平台工具及服务，助力行业客户快速构建体系化、平台化、高效化的数据治理能力，加快行业客户数字化转型进程。
浩鲸数据治理服务，形成了统一平台、统一数据标准体系以及统一指标体系；
1、形成包括数据归集规范、数据开发规范、数据服务规范、数据模型标准规范、数据质量规范、数据安全规范等统一的标准规范体系，指导数据中台、数据治理和数据应用建设。
2、统一平台开始数据治理实施，实现数据统一接入、统一链路，对实时数据、离线数据、iot数据等外部数据进行统一管理，并对外统一提供数据共享服务；
3、统一的指标体系，支撑精准分析和运营；跟踪指标数据质量，确定数据质量规则并配置定期稽核。
4、数据落库管理，对标指标库，提供数据回溯，同时也为后续数据共享与应用提供数据基础。",4,数据报告,,0,1,1174338668637274112,20,[20],"[""其他""]",,,,,数据治理服务,一级审批,浩鲸云计算科技股份有限公司,2,,按需可议,,,,
3,,"""本算法可实时检测电动车进入楼内的行为，支持识别不同型号、不同角度、部分遮挡情况下的电动车检测，一旦检测到该行为，可联动设备进行快速报警提醒，报警内容包括电动车进入告警图片、告警时间、告警区域等，便于工作人员及时提醒制止，避免潜在的火灾风险。
算法精度：准确率≥90%，召回率≥90%""
",4,数据报告,,0,1,1146135285722136576,6,[6],"[""社保就业""]",,6,青易保,,电动车进入楼内检测算法,一级审批,青岛海信网络科技股份有限公司,2,,按需可议,,,,
3,,面对青岛各行业经济景气分析的需求，通过整合各行业日电量核心数据，以标准化数据治理为抓手赋能电力经济态势研判。,4,数据报告,,0,1,1170161252691951616,20,[20],"[""其他""]",,6,青易保,,电力看行业数据产品,一级审批,国网山东省电力公司青岛供电公司,2,,协商议价,,12,其他,
3,,青岛城运控股集团基于数据资产化成果，以数据要素为核心驱动，深度融合碳普惠机制，展现出多维度的关键价值。通过全链路数据采集网络，涵盖了公交运营数据、能源消耗数据和碳资产核算数据。,1,API,,0,1,1107034311104712704,"2,20","[2, 20]","[""交通出行"", ""其他""]",,3,青易险,,公交智慧运营与碳普惠融合数据,一级审批,青岛城运数字科技有限公司,2,,面议,,,,
3,,青岛市数字一体化电子保函平台，基于市行政审批局、市住建局等部门数据，推出工程投标保函服务。保函由金融机构开具，可替代传统投标保证金，为投标人在工程建设项目的投标环节提供担保。在包含办理过程中，平台自动核验企业与项目信息，供金融机构线上审批，在节省企业资金占用的同时，进一步提升包含办理效率和用户体验。,1,API,,0,1,1104119083786358784,1,[1],"[""地理空间""]",,1,青易核,,工程投标保函服务,一级审批,国函通科技有限公司,2,,线下确认,,3,青易险,
3,,面向保险公司，提供投保人健康状况核验服务。使用方法：传入投保人身份信息与授权材料，返回投保人健康风险等级。健康风险等级，基于投保人在青就医记录，利用健康风险测评模型计算得出。,1,API,,0,5,1003371932190826496,12,[12],"[""卫生健康""]",,2,青易信,,翼方健数智慧核保查询,一级审批,翼方健数（山东）信息科技有限公司,2,,面议,,6,青易保,
3,,借助深度学习技术，实现声音的高精度还原，并能在秒级内完成复刻。适用于配音、声音模拟以及个性化语音服务等多个领域。,1,API,,0,1,1100147228976263168,1,[1],"[""地理空间""]",,1,青易核,,标贝科技大模型声音复刻,一级审批,标贝（青岛）科技有限公司,2,,面议,,,,
3,,船舶实时靠离港数据，管理船舶在港的动态情况。,1,API,,0,2,1103017357100503040,20,[20],"[""其他""]",,,,,船舶在港动态跟踪,一级审批,太一数据科技（山东）有限公司,2,,面议,,,,
3,,获取企业在沪深市场的股票融资数据，返回首发、增发、配股融资中的发行日期、上市日期、融资金额、发行数量等信息。,1,API,,0,3,1127945706846953472,1,[1],"[""地理空间""]",,1,青易核,,企业股票融资数据,一级审批,青岛金企通信息服务有限公司,2,,协商议价,,2,青易信,
3,,基于0.5米遥感影像，生产建筑物、道路、植被、水系等二维框架数据。结合外业调绘地名地址、DEM、DSM赋值底部高程和顶部高程，形成三维框架数据库,2,数据集,,0,1,1137731525830512640,1,[1],"[""地理空间""]",,,,,三维框架数据库,一级审批,青岛市勘察测绘研究院,2,,根据采购范围、精度、数据使用授权方式等确定具体价格,,,,
3,,将建筑物、道路、水系、植被等要素三维化配图，形成城市三维电子地图。具有形象直观、位置精确、真实立体反映城市空间信息的特点。,2,数据集,,0,1,1137784359624118272,1,[1],"[""地理空间""]",,,,,城市框架立体地图,一级审批,青岛市勘察测绘研究院,2,,根据采购范围、精度、数据使用授权方式等确定具体价格。,,,,
3,,"在城市三维电子地图基础上，增加电杆、高压线塔、电力线、风力发电塔等障碍物以及场站、禁飞区等专题信息，为低空航路图规划设计提供底图支撑。
",2,数据集,,0,1,1137784754983407616,1,[1],"[""地理空间""]",,,,,低空航路立体地图,一级审批,青岛市勘察测绘研究院,2,,根据采购范围、精度、数据使用授权方式等确定具体价格。,,,,
3,,全国地址标准化和经纬度匹配服务。,1,API,,0,5,1134577748319408129,6,[6],"[""社保就业""]",,6,青易保,,地址标准化及经纬度匹配服务,一级审批,乾健科技有限公司,2,,每条1元,,12,其他,
3,,标贝易采是一款集语音、图像、视频采集为一体的数据采集工具，任务灵活，可实现多种复杂类型项目的采检验全栈式服务及解决方案。,1,API,,0,1,1100149733617479680,6,[6],"[""社保就业""]",,6,青易保,,标贝易采,一级审批,标贝（青岛）科技有限公司,2,,面议,,12,其他,
3,,区域的一般公共预算收入、一般公共预算支出、转移性收入、转移性支出、税收收入、转移支付收入等财政数据,1,API,,0,4,1134465253869096960,1,[1],"[""地理空间""]",,1,青易核,,区域财政数据,一级审批,青岛金企通信息服务有限公司,2,,/,,1,青易核,
3,,全面掌握货物进入码头后的箱动态信息,1,API,,0,3,1103015048270368768,20,[20],"[""其他""]",,,,,码头货物动态智能跟踪,一级审批,太一数据科技（山东）有限公司,2,,面议,,,,
3,,实时掌握集装箱在场站的发运与使用情况，精准追踪用箱动态，确保物流运输链路的顺畅与高效，为物流运输截点的顺畅衔接提供有力保障。,1,API,,0,3,1103012232210468864,20,[20],"[""其他""]",,,,,集装箱场站用箱动态管理,一级审批,太一数据科技（山东）有限公司,2,,面议,,,,
3,,全面掌握货物进入码头后的箱动态信息,1,API,,0,3,1103015048270368768,20,[20],"[""其他""]",,,,,码头货物动态智能跟踪,一级审批,太一数据科技（山东）有限公司,2,,面议,,,,
3,,《人工智能产业分析指数》基于数据流通基础设施，通过连接器实现跨城市、跨区域、跨企业数据互联互通。该指数聚焦AI战略产业，通过“产业全景、企业热力、政策沙盘、园区对标、科研聚合”五大维度，解析全国近30万家AI企业、6951项政策及80个重点园区数据。,1,API,,0,1,1138551379280302080,6,[6],"[""社保就业""]",,6,青易保,,人工智能产业分析指数,一级审批,青岛兮易信息技术有限公司,2,,线下协商,,12,其他,
3,,"在城市三维电子地图基础上，突出建筑物、宗地、住户之间关系，为“地楼房人”一体化管理提供基础底图支撑。
",2,数据集,,0,1,1137785089621757952,1,[1],"[""地理空间""]",,,,,楼宇空间立体地图,一级审批,青岛市勘察测绘研究院,2,,根据采购范围、精度、数据使用授权方式等确定具体价格。,,,,
3,,《上合示范区多式联运物流行业空间数据》通过上合示范区多式联运综合服务平台业务系统在为用户提供物流追踪服务的过程中采集形成，经加工治理后形成该数据资源集。可应用于跨境货物运输实时监控货物状态等业务场景，有助于企业掌握物流运输各节点，保证货物运输的真实性、连续性。,1,API,,0,3,1074063891579215872,20,[20],"[""其他""]",,,,,上合示范区多式联运物流行业空间数据,一级审批,青岛上合现代物流发展有限公司,2,,线下协商,,,,
3,,集线上投保+事故预防服务，通过连接安责险各方主体，形成集中服务投保企业、保险公司、专门安评机构、监管部门，并同步发挥辅助监管职能。一方面与保险公司核心生产系统对接，推动产品上线；另一方面向投保企业，提供实时在线投保、理赔服务、事故预防服务等。,1,API,,0,1,1104119439001964544,1,[1],"[""地理空间""]",,1,青易核,,安责险数据模型,一级审批,国函通科技有限公司,2,,线下磋商,,,,
3,,基于0.5米遥感影像，生产建筑物、道路、植被、水系等二维框架数据。结合外业调绘地名地址、DEM、DSM赋值底部高程和顶部高程，形成三维框架数据库,2,数据集,,0,1,1137731525830512640,1,[1],"[""地理空间""]",,,,,三维框架数据库,一级审批,青岛市勘察测绘研究院,2,,根据采购范围、精度、数据使用授权方式等确定具体价格,,,,
3,,"根据汇聚的交通数据，基于积累的丰富数据分析模型和算子，通过拖拉拽的方式，快速完成数据分析，辅助决策。
",4,数据报告,,0,1,1147250846652841984,6,[6],"[""社保就业""]",,6,青易保,,大数据可视化建模系统,一级审批,青岛海信网络科技股份有限公司,2,,按需可议,,,,
3,,商业保险客户向保险公司提出投保申请时，根据保险责任和保费缴纳的情况，保险公司在投保人授权的前提下，对保险标的进行必要的核实，通过核保模型对投保人或被保人作出核保评价结论。,1,API,,0,3,1071162453156896768,20,[20],"[""其他""]",,,,,智慧核保-精准授权,一级审批,山大地纬软件股份有限公司,2,,面议,,,,
3,,"根据数据和业务需求，可通过拖拉拽的方式快速构建大数据辅助决策的应用系统，较传统的低代码平台，组件更丰富，支持的应用类型更广。
",4,数据报告,,0,1,1147252185013305344,6,[6],"[""社保就业""]",,6,青易保,,可视化应用快速构建系统,一级审批,青岛海信网络科技股份有限公司,2,,按需可议,,,,
3,,"基于视频实时分析检测车辆左右两侧危险区域内的行人、非机动车（自行车、摩托车、电瓶车、三轮车等人裸露在外的交通参与方），触发报警，具体实现功能如下：
1)	检测危险区域的行人、非机动车位置，进行最多三级区域报警，每级报警返回值不同，上层业务可根据返回值制定不同的报警声；
2)	实现转向信号灯输入，支持用户设置信号灯与BSD的关联报警，同时实现直行和转向的场景判断；
3)	支持直行和转弯情形下，不同的报警区域设置；
4)	实现不同车速下的危险区域检测，车速在最低车速和最高车速之间（含最低、最高车速）时，满足报警条件系统自动发出报警：
5)	直行：默认最低车速1KM/H，最高车速50KM/H；
6)	转向：默认最低车速0KM/H，最高车速50KM/H；
7)	实现对向车道、马路沿上、隔离栏、绿化带的报警限制。",4,数据报告,,0,1,1147244210508939264,3,[3],"[""教育科技""]",,3,青易险,,车辆盲区监测算法,一级审批,青岛海信网络科技股份有限公司,2,,按需可议,,,,
3,,获取企业在公开、非公开市场发行债券融资数据，返回公告日期、债券简码、债券代码、债权类型、债券评级、发行规模、余额、票面利率、债券期次、债券期限、募集方式、担保人、到期日等信息,1,API,,0,3,1127945984769925120,1,[1],"[""地理空间""]",,1,青易核,,企业债券融资数据,一级审批,青岛金企通信息服务有限公司,2,,协商议价,,2,青易信,
3,,"本算法可对公园、街区、广场等检测区域内的人员数量占比进行密度等级划分，人员密度可划定4个等级（非常稀疏、稀疏、密集、非常密集），当密度等级大于指定等级，且持续超过设定时间时（指定等级和设定时间可自定义），则告警，报警结果包括人员密度等级、告警图片、告警时间、告警区域。算法精度：准确率≥95%，召回率≥95%
",4,数据报告,,0,1,1146115247648686080,3,[3],"[""教育科技""]",,3,青易险,,人群密度检测算法,一级审批,青岛海信网络科技股份有限公司,2,,按需可议,,,,
3,,获取企业创投讯息及融资历程数据，返回融资日期、融资轮次、融资金额、投资人、事件描述等信息。,1,API,,0,5,1127940177231749120,"13,19","[13, 19]","[""财税金融"", ""信用服务""]",,1,青易核,,企业创投融资数据,一级审批,青岛金企通信息服务有限公司,2,,协商议价,,,,
3,,"""该算法通过四个（六个）鱼眼摄像头多相机联合标定、图像畸变还原和拼接融合等图像算法处理，最终形成一幅完整的车周全景鸟瞰图，显示在车载机的终端屏幕上，让驾驶员清楚查看车辆周边是否存在行人、移动物体、非机动车、障碍物，帮助驾驶员轻松操控车辆。基本包括：
1）实现常规车型的4路和BRT车型的6路视频流的全景拼接。
2）实现全景图像输出帧率不能低于每秒25FPS，延迟小于200毫秒。""
",4,数据报告,,0,1,1147244927407767552,3,[3],"[""教育科技""]",,3,青易险,,车辆360环视算法,一级审批,青岛海信网络科技股份有限公司,2,,按需可议,,,,
3,,“科技+数据”构建线上+线下调查新模式。基于医疗大数据，构建商保理赔调查大数据平台。在平台上，可开展线上区域排查。通过线上调查，锁定线索，指导线下调查固定证据，有效节约保险公司调查成本。 适用于保险公司的寿险、健康险。解决的痛点：保险公司传统理赔调查时线下模式，靠调查员到医院去排查。此种方式费时费力，调查精准性差，调查成本高。,1,API,,0,3,1071163125268946944,20,[20],"[""其他""]",,,,,保险理赔调查-精准授权,一级审批,山大地纬软件股份有限公司,2,,面议,,,,
3,,"“青益充”平台由青岛真情巴士集团自主架构设计，该平台通过整合公交车运营、充电、实时电价等数据资源，合理利用波峰、波谷的电价差异，在保障公交运营的情况下，精准计算生成公交车最佳充电方案。
“青益充”平台按照“1+1+1”的体系架构进行规划建设，即1个数据治理和汇聚中心、1个智能算法仓、1个大（中心监控）、中（PAD）、小屏（手机）三级联动的统一门户，通过公共数据与特来电等第三方社会数据资源的深度融合，进行平台应用的打造。
核心功能：
1、扫码绑定：平台PDA终端具备快速扫码功能，实现二维码和车辆对应关系绑定、车辆与充电枪对应关系绑定，准确记录充电枪与车辆交互过程。                       
2、远程启停：平台终端功能具备远程控制功能，在验证车辆与充电枪交互逻辑合规情况下，可实现远程一键启停操作，包括多车一键启停。
3、服务通知：平台具备基于微信服务号提供信息通知功能，一是充电计划通知充电工；二是充电即将完成信息通知车辆驾驶员；三是基于充电计划管控算法，就尖峰充电、谷峰不充等操作异常情况通知管理人员。
4、数据分析：平台支持数据智能分析功能，可实时监控平均电费趋势、充电桩异常违规使用、充电工不规范充电等情况。",1,API,,0,6,1015356655695101952,2,[2],"[""交通出行""]",,3,青易险,,青益充,一级审批,青岛真情巴士科技有限公司,2,,面议,,7,青易行,
3,,"通过大数据管理平台构建大数据底座，具备数据存储、计算、治理和管理能力，能根据不同行业的数据标准，快速构建数据中心。
",4,数据报告,,0,1,1147251701070315520,6,[6],"[""社保就业""]",,6,青易保,,大数据管理系统,一级审批,青岛海信网络科技股份有限公司,2,,按需可议,,,,
3,,"本算法可对公园、街区、广场等检测区域内的人员数量占比进行密度等级划分，人员密度可划定4个等级（非常稀疏、稀疏、密集、非常密集），当密度等级大于指定等级，且持续超过设定时间时（指定等级和设定时间可自定义），则告警，报警结果包括人员密度等级、告警图片、告警时间、告警区域。算法精度：准确率≥95%，召回率≥95%
",4,数据报告,,0,1,1146115247648686080,3,[3],"[""教育科技""]",,3,青易险,,人群密度检测算法,一级审批,青岛海信网络科技股份有限公司,2,,按需可议,,,,
3,,商业保险客户向保险公司提出投保申请时，根据保险责任和保费缴纳的情况，保险公司在投保人授权的前提下，对保险标的进行必要的核实，通过核保模型对投保人或被保人作出核保评价结论。,1,API,,0,3,1071162453156896768,20,[20],"[""其他""]",,,,,智慧核保-精准授权,一级审批,山大地纬软件股份有限公司,2,,面议,,,,
3,,获取企业在公开、非公开市场发行债券融资数据，返回公告日期、债券简码、债券代码、债权类型、债券评级、发行规模、余额、票面利率、债券期次、债券期限、募集方式、担保人、到期日等信息,1,API,,0,3,1127945984769925120,1,[1],"[""地理空间""]",,1,青易核,,企业债券融资数据,一级审批,青岛金企通信息服务有限公司,2,,协商议价,,2,青易信,
3,,金融机构根据政府公共数据，无需现场核实即可全面了解客户真实现状，在基于金融机构客户授权的前提下，将公共数据安全、可信地应用到金融机构信贷业务中，直接在线完成评估授信，既提高了金融机构办事效率，又降低了服务成本。完善金融机构普惠金融服务模式，探索数据金融、科技金融和人力资本融合助力实体经济发展。,1,API,,0,3,1069683760253313024,6,[6],"[""社保就业""]",,,,,个人社保数据-精准授权,一级审批,山大地纬软件股份有限公司,2,,面议,,,,
3,,"""本算法可实时检测城市街道、建筑物、室内等高、低空场景中的火情，支持识别烟火、烟雾、明火三类目标，通过分析视频画面中的像素变化、颜色特征和动态变化特征等信息，识别火情，一旦检测到，立即告警，报警信息包括火情告警图片、告警时间和告警点位等，便于相关人员及时处理，保障人们的生命财产安全。
算法精度：准确率≥95%，召回率≥90%""
",4,数据报告,,0,1,1146113881345769472,3,[3],"[""教育科技""]",,3,青易险,,烟火检测算法,一级审批,青岛海信网络科技股份有限公司,2,,按需可议,,,,
3,,基于公有数据，通过企业的电气水等能源系消耗量及原燃料使用量，结合生态环境部等颁布的标准指南进行企业统计碳排放数据的计算，用户可根据企业信用代码进行企业统计排放数据的查询。,1,API,,0,5,1054026902062702592,"8,13,18,19","[8, 13, 18, 19]","[""经贸工商"", ""财税金融"", ""资源环境"", ""信用服务""]",,,,,企业统计碳排放,一级审批,宁波亿衡碳科技有限公司,2,,协商议价,,,,
3,,青岛联通综合运用自身在物联网、移动互联网、云计算、大数据方面的技术优势，整合商企行业多源数据及服务能力，结合各细分领域特点，提供基于人口、位置、消费大数据的洞察和选址解决方案，从而满足不同行业用户的场景需求，为企业实体经营企业提供洞察选址加营销的应用场景指导。,2,数据集,,0,6,917138774291267584,1,[1],"[""地理空间""]",,6,青易保,,极目洞察和选址产品,二级审批,中国联合网络通信有限公司青岛市分公司,2,,按照场景、区域等报价,,12,其他,
3,,“企业行政处罚数据产品”是基于各地公共数据授权运营单位的公共开放数据源，收集、整理、分析和挖掘相关企业行政处罚相关数据形成的数据产品。产品数据覆盖企业各类的行政处罚信息，包括但不限于工商、税务、环保、市场监管、公安、司法、证监会、水利、交通、审计、工信、水、电等领域，基本覆盖全方位的处罚数据内容。能够为银行提供全面的企业行政处罚数据参考。,4,数据报告,,0,2,960230677205815296,"13,19","[13, 19]","[""财税金融"", ""信用服务""]",,1,青易核,,企业处罚报告(PDF格式报告),二级审批,深圳市银之杰科技股份有限公司,2,,协商议价,,2,青易信,
3,,对基于ArcGIS、FME软件的时空大数据进行处理分析。具体价格根据数据量及处理内容等确定。,1,API,,0,1,998649255860670464,"1,18,2,10,15","[1, 2, 10, 15, 18]","[""地理空间"", ""交通出行"", ""城建住房"", ""综合政务"", ""资源环境""]",,6,青易保,,时空大数据处理分析,一级审批,青岛市勘察测绘研究院,2,,面议,,12,其他,
3,,可根据用户需要定制采集任务，进行任务分发、数据采集收集、数据建库与成果交付。,1,API,,0,1,998588165831299072,"1,2,3,9,10,15,17,18","[1, 2, 3, 9, 10, 15, 17, 18]","[""地理空间"", ""交通出行"", ""教育科技"", ""公共安全"", ""城建住房"", ""综合政务"", ""农业农村"", ""资源环境""]",,6,青易保,,地理空间数据采集系统,一级审批,青岛市勘察测绘研究院,2,,面议,,12,其他,
3,,整合工商注册、税务记录、财务报表、公开舆情、行业报告等多种数据资源，运用大数据技术和机器学习算法构建企业多维度信息模型，通过不断迭代优化形成全面而精细的企业画像,2,数据集,,0,3,946812797694664704,13,[13],"[""财税金融""]",,1,青易核,,企业画像分析产品,一级审批,青岛网信信息科技有限公司,2,,按需报价，可联系服务商,,3,青易险,
3,,对各类数据进行检查、校验、一致性处理，形成标准化数据成果。,1,API,,0,1,998589210418515968,"1,3,9,16,17,18","[1, 3, 9, 16, 17, 18]","[""地理空间"", ""教育科技"", ""公共安全"", ""安全监管"", ""农业农村"", ""资源环境""]",,6,青易保,,地理空间数据标准化系统,一级审批,青岛市勘察测绘研究院,2,,面议,,12,其他,
3,,青岛联通综合运用自身在物联网、移动互联网、云计算、大数据方面的技术优势，整合商企行业多源数据及服务能力，结合各细分领域特点，提供基于人口、位置、消费大数据的洞察和选址解决方案，从而满足不同行业用户的场景需求，为企业实体经营企业提供洞察选址加营销的应用场景指导。,2,数据集,,0,6,917138774291267584,1,[1],"[""地理空间""]",,6,青易保,,极目洞察和选址产品,二级审批,中国联合网络通信有限公司青岛市分公司,2,,按照场景、区域等报价,,12,其他,
3,,打分卡模式。从财务实力、企业品质、管理因素、运营能力、外部环境五个方面对企业综合实力进行评价打分。使用方可自主分配权重、分值。,4,数据报告,,0,1,982636338221465600,20,[20],"[""其他""]",,1,青易核,,企业综合实力评分模型,一级审批,建投数据科技（山东）有限公司,2,,按需议价,,1,青易核,
3,,基于高分辨率遥感影像或电子地图，利用专业软件，将各种带有位置描述的台账数据、文本数据、扫描图件等非空间数据进行空间化处理，转换成点、线、面等矢量数据。,2,数据集,,0,1,998581271574122496,"1,10,15,17,18,4,9,12,11,8","[1, 4, 8, 9, 10, 11, 12, 15, 17, 18]","[""地理空间"", ""文化休闲"", ""经贸工商"", ""公共安全"", ""城建住房"", ""社会民生"", ""卫生健康"", ""综合政务"", ""农业农村"", ""资源环境""]",,6,青易保,,数据空间化处理落图,一级审批,青岛市勘察测绘研究院,2,,面议,,12,其他,
3,,智能理赔调查，是商业保险客户出险报案或申请理赔（超过一定金额标准）后，保险公司依据保险合同对出险人身份、保险事故等进行核实。在获得投保人授权的基础上，智能理赔调查可在3～5秒即向保险公司返回调查结果，可降低调查成本60%以上，较传统线下调查可节省大量人力与时间，并降低风控难度。,1,API,,0,3,1000099653260468224,12,[12],"[""卫生健康""]",,2,青易信,,智能理赔调查,一级审批,北京中科江南信息技术股份有限公司,2,,面议,,5,青易查,
3,,采用四象限法，对企业缴纳社保、公积金的缴费情况及其变化趋势，预测企业软实力。,1,API,,0,4,982736228230414336,13,[13],"[""财税金融""]",,1,青易核,,公积金缴存能力模型,一级审批,建投数据科技（山东）有限公司,2,,面议,,1,青易核,
3,,联通“智慧信息” 在保护用户隐私的前提下，利用大数据建模能力和数据能力，实现围栏数据实时过滤，按照预设条件圈定目标用户，帮助客户将政策宣传、应急预警等通知精准有效地触达给目标人群，赋能数字政府和社会治理，提升基层政府治理效能和公共服务体验。,3,加密数据信息表,,0,3,917828629404991488,"5,6,4,3,2,1,7","[1, 2, 3, 4, 5, 6, 7]","[""地理空间"", ""交通出行"", ""教育科技"", ""文化休闲"", ""市场监督"", ""社保就业"", ""机构团体""]",,6,青易保,,联通智慧信息,二级审批,中国联合网络通信有限公司青岛市分公司,2,,面议,,12,其他,
3,,基于公有数据，通过企业的电气水等能源系消耗量及原燃料使用量，结合生态环境部等颁布的标准指南进行企业统计碳排放数据的计算，用户可根据企业信用代码进行企业统计排放数据的查询。,1,API,,0,5,1054026902062702592,"8,13,18,19","[8, 13, 18, 19]","[""经贸工商"", ""财税金融"", ""资源环境"", ""信用服务""]",,,,,企业统计碳排放,一级审批,宁波亿衡碳科技有限公司,2,,协商议价,,,,
3,,企业信用评分产品基于大数据技术对企业公开信息、财务报表、税务记录、司法诉讼、交易历史等多源异构数据进行深度分析和建模，输出量化的企业信用分数,1,API,,0,3,950095056703365120,"13,16,19","[13, 16, 19]","[""财税金融"", ""安全监管"", ""信用服务""]",,1,青易核,,企业信用评分产品,一级审批,青岛网信信息科技有限公司,2,,按需报价，具体可联系服务商,,3,青易险,
3,,用户可以通过安装亿衡碳监测计量设备实现数据从计量采集到碳数据核算乃至报告出具的自动化服务，或通过在线Saas服务输入用户生产活动相关数据，结合公开数据及内部数据资源，实现产品碳足迹结果的计算及报告的出具。,4,数据报告,,0,1,1054023333964095488,"8,13,18,19","[8, 13, 18, 19]","[""经贸工商"", ""财税金融"", ""资源环境"", ""信用服务""]",,,,,产品碳足迹计算服务,一级审批,宁波亿衡碳科技有限公司,2,,协商面议,,,,
3,,省市县电商直播情况分析,4,数据报告,,0,1,54,8,[8],"[""经贸工商""]",,6,青易保,,省市县电商直播分析报告,一级审批,浪潮卓数大数据产业发展有限公司,2,,协商议价,,12,其他,
3,,实时收集和更新企业相关公开信息，并通过内置算法触发潜在风险预警信号,1,API,,0,3,946813540652703744,"13,16","[13, 16]","[""财税金融"", ""安全监管""]",,1,青易核,,动态监控预警系统产品,一级审批,青岛网信信息科技有限公司,2,,按需报价，可联系服务商,,3,青易险,
3,,描述数据商品功能特性,4,数据报告,,0,1,45,12,[12],"[""卫生健康""]",,2,青易信,,患者分层分析与展示应用—PSA,,翼方健数,2,,需要与药企协商,,4,青易药,
3,,标注出企业注册基础信息重叠、注册基础信息相似度高、一人多企、一址多企等异常特征，给出预警提示。,1,API,,0,4,993568088090251264,"13,19","[13, 19]","[""财税金融"", ""信用服务""]",,1,青易核,,企业空壳扫描,一级审批,建投数据科技（山东）有限公司,2,,面议,,1,青易核,
3,,支持空间数据匹配落图展示，支持常用空间可视化分析图表生成。,1,API,,0,1,998593396359073792,"1,2,3,9,10,15,16,17,18","[1, 2, 3, 9, 10, 15, 16, 17, 18]","[""地理空间"", ""交通出行"", ""教育科技"", ""公共安全"", ""城建住房"", ""综合政务"", ""安全监管"", ""农业农村"", ""资源环境""]",,6,青易保,,地理空间数据可视化系统,一级审批,青岛市勘察测绘研究院,2,,面议,,12,其他,
3,,能够对接企业内部及外部多种类型的数据源，包括但不限于业务数据、市场数据、用户行为数据等，并通过先进的机器学习和大数据分析技术构建精细化的企业模型,1,API,,0,3,946815611007295488,13,[13],"[""财税金融""]",,1,青易核,,企业定制模型产品,一级审批,青岛网信信息科技有限公司,2,,按需报价，可联系服务商,,2,青易信,
3,,根据特定客户要求，结合公开数据和内部数据资源，通过专业团队进行深度分析并编制个性化的尽职调查报告或比较分析报告,1,API,,0,3,950096950922354688,"13,9,8,5,16,19,20","[5, 8, 9, 13, 16, 19, 20]","[""市场监督"", ""经贸工商"", ""公共安全"", ""财税金融"", ""安全监管"", ""信用服务"", ""其他""]",,1,青易核,,定制化数据分析产品,一级审批,青岛网信信息科技有限公司,2,,按需报价，具体可联系服务商,,2,青易信,
3,,本产品基于“企业行政处罚数据产品”，根据数据使用方的监控时间需求返回所有企业的行政处罚摘要信息列表。产品数据覆盖企业各类的行政处罚信息，包括但不限于工商、税务、环保、市场监管、公安、司法、证监会、水利、交通、审计、工信、水、电等领域，基本覆盖全方位的处罚数据内容。能够为银行提供全面的企业行政处罚数据参考。,1,API,,0,2,960975438174818304,"13,19","[13, 19]","[""财税金融"", ""信用服务""]",,1,青易核,,时间周期企业行政处罚列表,一级审批,深圳市银之杰科技股份有限公司,2,,协商议价,,2,青易信,
3,,基于公司公有云服务平台，通过采集工业制造业企业中对欧盟有出口贸易业务的企业展开CBAM辅助填报/代填报服务，以用户自有数据为基础，结合测量数据，并用生态环境部排放因子进行补全，指导用户完成CBAM报告填写。,4,数据报告,,0,1,1054028623195348992,"8,13,18","[8, 13, 18]","[""经贸工商"", ""财税金融"", ""资源环境""]",,,,,企业CBAM辅助填报,一级审批,宁波亿衡碳科技有限公司,2,,协商议价,,,,
3,,“企业行政处罚数据产品”是基于各地公共数据授权运营单位的公共开放数据源，收集、整理、分析和挖掘相关企业行政处罚相关数据形成的数据产品。产品数据覆盖企业各类的行政处罚信息，包括但不限于工商、税务、环保、市场监管、公安、司法、证监会、水利、交通、审计、工信、水、电等领域，基本覆盖全方位的处罚数据内容。能够为银行提供全面的企业行政处罚数据参考。,1,API,,0,2,957693247869227008,"13,19","[13, 19]","[""财税金融"", ""信用服务""]",,1,青易核,,企业处罚报告（报文信息）,二级审批,深圳市银之杰科技股份有限公司,2,,协商议价,,2,青易信,
3,,基于欧盟碳关税（CBAM）的要求，结合公开数据及内部数据资源，通过专业团队和合规平台计算得到的企业产品CBAM碳排放结果并辅助填报编制出具CBAM报告。基于用户特定需求可提供排放检测设备及数据采集服务。,4,数据报告,,0,1,1054022869218435072,"18,13,19,8","[8, 13, 18, 19]","[""经贸工商"", ""财税金融"", ""资源环境"", ""信用服务""]",,,,,欧盟碳关税（CBAM）填报及报告出具服务,一级审批,宁波亿衡碳科技有限公司,2,,协商面议,,,,
3,,基于公有数据，通过企业的电气水等能源系消耗量及原燃料使用量，结合生态环境部等颁布的标准指南进行企业统计碳排放数据的计算，并进一步核算企业现有的碳资产，用户可根据企业信用代码进行企业统计碳资产的查询。,1,API,,0,5,1054027663807029248,"8,13,18,19","[8, 13, 18, 19]","[""经贸工商"", ""财税金融"", ""资源环境"", ""信用服务""]",,,,,企业碳资产核算,一级审批,宁波亿衡碳科技有限公司,2,,协商议价,,,,
3,,集成各类监管机构公开的企业处罚信息，实现自动化的合规性核查，并预测未来可能出现的合规风险,4,数据报告,,0,1,946815216814022656,"13,16","[13, 16]","[""财税金融"", ""安全监管""]",,1,青易核,,反欺诈检测模型产品,一级审批,青岛网信信息科技有限公司,2,,按需报价，可联系服务商,,3,青易险,
3,,基于公司公有云服务平台，通过采集工业制造业企业中对欧盟有出口贸易业务的企业展开CBAM辅助填报/代填报服务，以企业自有数据为基础，结合测量数据，并用生态环境部排放因子进行补全，形成包括源流排放、隐含碳排放等结果在内的工业制造业CBAM数据集。,4,数据报告,,0,1,1054028347394695168,"18,13,8","[8, 13, 18]","[""经贸工商"", ""财税金融"", ""资源环境""]",,,,,企业CBAM数据治理辅助服务,一级审批,宁波亿衡碳科技有限公司,2,,协商议价,,,,
3,,理赔主动报案，是商业保险客户出险时（医疗险发生门诊或住院行为），基于保险公司提前获得的客户授权，保险数据与医疗数据融合计算，输出出险结果给保险公司，以便保险公司主动提醒客户及时申请理赔，提高理赔服务和理赔效率，节省客户资金占用。,1,API,,0,3,1000102463247015936,12,[12],"[""卫生健康""]",,2,青易信,,理赔主动报案,一级审批,北京中科江南信息技术股份有限公司,2,,面议,,5,青易查,
3,,集成各类监管机构公开的企业处罚信息，实现自动化的合规性核查，并预测未来可能出现的合规风险,4,数据报告,,0,1,946814732602597376,13,[13],"[""财税金融""]",,1,青易核,,合规性核查及预测产品,一级审批,青岛网信信息科技有限公司,2,,按需报价，可联系服务商,,3,青易险,
3,,基于车辆网大数据和GIS图面数据，通过系列算法矩阵，帮助物流相关企业可视化，自动化管控运单都途中运营情况，提供响应场景的车辆在途运输监控服务，并提供相应的预报警和业务数据汇算处理,2,数据集,,0,1,1003005267200499712,"2,15,16","[2, 15, 16]","[""交通出行"", ""综合政务"", ""安全监管""]",,3,青易险,,灵动在途可视化服务,一级审批,北京中交兴路车联网科技有限公司,2,,5000单/0.5万,,8,青易运,
3,,基于实时计算引擎分析运输全程停车点、途径城市信息，支撑调度人员管理。可追溯近6个月行程，单次最长可追溯72小时行程。能够精确反馈停车及途径城市的情况。输入车牌号，车牌颜色，车辆出发时间和到达时间，始发地，目的地，始发地坐标，目的地坐标，停车时长。返回行程节点，途径城市情况，中途停留点情况。,1,API,,0,4,1003380501279727616,"2,15,16","[2, 15, 16]","[""交通出行"", ""综合政务"", ""安全监管""]",,3,青易险,,货车运输行程服务,一级审批,北京中交兴路车联网科技有限公司,2,,1元/车/日;10元/车/月,,8,青易运,
3,,全行业，多领域，主要应用于个人信息验证。输入人像照片，返回相似度分值。,1,API,,0,4,1049002608964538368,"2,3,4,5,6,9,12,11,15,19","[2, 3, 4, 5, 6, 9, 11, 12, 15, 19]","[""交通出行"", ""教育科技"", ""文化休闲"", ""市场监督"", ""社保就业"", ""公共安全"", ""社会民生"", ""卫生健康"", ""综合政务"", ""信用服务""]",,6,青易保,,人像比对,一级审批,贵州数据宝网络科技有限公司,2,,0.23,,12,其他,
3,,基于实时计算引擎分析多车倒货停车点，分析运输过程中的中转行为。本接口提供根据用户传入的车辆车牌信息和出发/到达时间查询车辆轨迹和车辆交汇，输出车辆轨迹、停靠点和交汇点。输入车辆列表：车牌号，车牌颜色，车辆出发时间和到达时间。返回车牌号，车牌颜色，行程节点，停车情况，交汇停靠情况。,1,API,,0,4,1003384287377285120,"2,15,16","[2, 15, 16]","[""交通出行"", ""综合政务"", ""安全监管""]",,3,青易险,,货车运输中转服务,一级审批,北京中交兴路车联网科技有限公司,2,,1元/车/日;10元/车/月,,8,青易运,
3,,提供倾斜摄影数据处理生成实景三维模型的高性能运算能力。优于5cm分辨率80%/70%重叠度倾斜照片。,1,API,,0,1,998646313736769536,"1,10,15,18","[1, 10, 15, 18]","[""地理空间"", ""城建住房"", ""综合政务"", ""资源环境""]",,6,青易保,,实景三维建模运算,一级审批,青岛市勘察测绘研究院,2,,2500元/平方千米,,12,其他,
3,,全行业，多领域， 主要应用于个人信息验证，通过输入姓名、身份证号，返回信息是否一致,1,API,,0,4,1048942544404746240,"2,3,4,5,6,9,11,12,13,19","[2, 3, 4, 5, 6, 9, 11, 12, 13, 19]","[""交通出行"", ""教育科技"", ""文化休闲"", ""市场监督"", ""社保就业"", ""公共安全"", ""社会民生"", ""卫生健康"", ""财税金融"", ""信用服务""]",,6,青易保,,身份证二要素核验,一级审批,贵州数据宝网络科技有限公司,2,,0.08,,12,其他,
3,,用于平台用户注册过程身份信息验证,1,API,,0,4,1049003993982439424,"2,3,4,6,9,11,12,13,15,19","[2, 3, 4, 6, 9, 11, 12, 13, 15, 19]","[""交通出行"", ""教育科技"", ""文化休闲"", ""社保就业"", ""公共安全"", ""社会民生"", ""卫生健康"", ""财税金融"", ""综合政务"", ""信用服务""]",,6,青易保,,全网手机三要素验证,一级审批,贵州数据宝网络科技有限公司,2,,0.26,,12,其他,
3,,根据企业红黑名单、违法事件、诉讼情况、纳税等外部评价类数据，对企业进行综合打分。根据分值划分为7个等级。等级越高，综合评价越好。使用方可自主分配权重、分值。,1,API,,0,4,957662493894316032,13,[13],"[""财税金融""]",,1,青易核,,企业客户外部风评等级模型,二级审批,建投数据科技（山东）有限公司,2,,1,,1,青易核,
3,,基于地下管线数据提供横断面分析、纵断面分析、垂直净距分析、水平净距分析、爆管分析等各种分析服务；为管线设计、施工、应急抢险、风险评估等提供辅助决策。,4,数据报告,,0,1,1000014336373350400,"1,9,11,15","[1, 9, 11, 15]","[""地理空间"", ""公共安全"", ""社会民生"", ""综合政务""]",,6,青易保,,管线数据分析服务,一级审批,青岛市勘察测绘研究院,2,,10000以上，面议,,12,其他,
3,,货车运输运输节点服务，基于实时计算引擎，批量分析目的地相同的运输行为的剩余时间及距离。根据输入的车牌号，车牌颜色，始发地坐标，目的地坐标或者始发地行政区划编码，目的地行政区划编码，返回计算后的预计到达时间，已行驶距离，剩余运距等信息。,2,数据集,,0,4,1003298416594575360,"2,16,15","[2, 15, 16]","[""交通出行"", ""综合政务"", ""安全监管""]",,3,青易险,,货车运输节点服务,一级审批,北京中交兴路车联网科技有限公司,2,,0.5元/车/次;1元/车/日;10元/车/月,,8,青易运,
3,,用户采用租用的方式，安装相应的系统软件及应用软件以实现用户独享专用高性能服务器。单台云桌面/8核*32G*8G显存。,1,API,,0,6,998278174561832960,"1,10,15,18","[1, 10, 15, 18]","[""地理空间"", ""城建住房"", ""综合政务"", ""资源环境""]",,6,青易保,,GPU算力租用,一级审批,青岛市勘察测绘研究院,2,,3000元/月,,12,其他,
3,,对倾斜摄影模型进行基础轻量化处理。,1,API,,0,1,998647538301571072,"1,2,10,15,18","[1, 2, 10, 15, 18]","[""地理空间"", ""交通出行"", ""城建住房"", ""综合政务"", ""资源环境""]",,6,青易保,,实景三维数据轻量化,一级审批,青岛市勘察测绘研究院,2,,200元/平方千米,,12,其他,
3,,将企业生命周期划分为三个阶段，通过分析频度内企业社保缴费情况变化，推演一段时间内企业成长周期内的活跃程度。,1,API,,0,4,957663933698215936,13,[13],"[""财税金融""]",,1,青易核,,企业活跃度模型,二级审批,建投数据科技（山东）有限公司,2,,1,,1,青易核,
3,,"日照港库场堆存管理数据资源集承载着港口货物存储与流动的详细信息。这些数据资源集不仅为港口管理者提供了实时了解货物动态变化的窗口，更是港口优化库场布局、提高作业效率的关键所在。通过深入挖掘和分析这些堆存数据，能发挥其更大的市场价值。
日照港库场堆存管理数据资源集数据包括日期、货主、存放位置、货类-大类、货类-中类、货名（货类-小类）、昨日库存等关键信息。通过堆存数据，港口管理者可以实时了解货物的动态变化，从而优化库场布局，提高作业效率。同时，这些数据也有助于港口进行物流规划，预测货物吞吐量，为港口的发展提供有力支持。在现代港口管理中，堆存数据的准确性和实时性对于保障港口运营顺畅至关重要。",2,数据集,,0,6,980553463476576256,2,[2],"[""交通出行""]",,6,青易保,,日照港库场堆存管理数据资源集,一级审批,日照港集装箱发展有限公司,2,,500000,,12,其他,
3,,基于实时计算引擎分析运输过程中任一时点起始的最佳路线规划。根据输入的车牌号，车牌颜色，起始时间，预计到达时间，始发地坐标，目的地坐标或者始发地行政区划编码，目的地行政区划编码，返回计算后的已行驶运输线路情况，和从车辆当前到目的地的线路规划。,1,API,,0,4,1003385005681205248,"2,15,16","[2, 15, 16]","[""交通出行"", ""综合政务"", ""安全监管""]",,3,青易险,,货车运输规划服务,一级审批,北京中交兴路车联网科技有限公司,2,,1元/车/日;10元/车/月,,8,青易运,
3,,利用机器学习和人工智能技术开发出的小微企业的信贷风险评估模型，以数据对接形式对外提供，允许接入方直接调用获取评估结果,1,API,,0,3,950096534604128256,"13,16,5","[5, 13, 16]","[""市场监督"", ""财税金融"", ""安全监管""]",,1,青易核,,小微企业智能风控模型产品,一级审批,青岛网信信息科技有限公司,2,,按需报价，具体可联系服务商,,2,青易信,
3,,产品通过收集和整理宏观经济数据、行业发展趋势、政策法规变化以及行业内企业的经营状况等信息，生成具有前瞻性和深度的行业研究报告,4,数据报告,,0,1,950095582660698112,"13,16","[13, 16]","[""财税金融"", ""安全监管""]",,1,青易核,,行业风险分析报告产品,一级审批,青岛网信信息科技有限公司,2,,按需报价，具体可联系服务商,,3,青易险,
3,,联通智慧信息-企信版是聚合联通、移动、电信三网运营商通道，向各类大中小型企事业、党政提供向用户发送验证码、通知短信、会员关怀、政务信息等短消息服务能力。通过SAAS方式/API提供服务，将指定信息发送至存量用户手机号。,3,加密数据信息表,,0,2,917847687068270592,"1,2,3,4,5,6,7","[1, 2, 3, 4, 5, 6, 7]","[""地理空间"", ""交通出行"", ""教育科技"", ""文化休闲"", ""市场监督"", ""社保就业"", ""机构团体""]",,6,青易保,,联通智慧信息-企信版,二级审批,中国联合网络通信有限公司青岛市分公司,2,,面议,,12,其他,
3,,"依托中国联通的海量数据以及大数据处理能力，在确保数据隐私安全的前提下，帮助合作伙伴核实用户联系方式变更情况、找到已经失联的存量用户最新的联系方式,通过外呼方式触达用户。",3,加密数据信息表,,0,3,917847016856240128,5,[5],"[""市场监督""]",,6,青易保,,联通智能客户寻回,二级审批,中国联合网络通信有限公司青岛市分公司,2,,面议,,12,其他,
3,,联通数睿广告致力于打造联通数科互联网广告品牌，是依托中国联通强大的大数据能力和丰富的数据资产向客户提供的线上广告投放服务。产品融合互联网数据及最优质的媒体资源，辅以专业广告策略，提供互联网广告全案产品服务。,4,数据报告,,0,1,917845989323063296,"1,2,3,4,5,6,7","[1, 2, 3, 4, 5, 6, 7]","[""地理空间"", ""交通出行"", ""教育科技"", ""文化休闲"", ""市场监督"", ""社保就业"", ""机构团体""]",,6,青易保,,联通数睿广告,一级审批,中国联合网络通信有限公司青岛市分公司,2,,面议,,12,其他,
3,,联通传媒大数据是以大数据、人工智能技术为核心的智能应用产品服务，通过互联网全量媒体信息、智能知识库，面向政府、企事业单位提供媒体检测、智能巡查、智能校对、智能检测、自动分析报告等应用软件产品及服务，赋能企业和政府的办公场景数字化、智能化转型升级；目前，传媒大数据体系包含：数言舆情及皓媒检测产品模块，后续将会有更多产品模块。,2,数据集,,0,2,917845068052578304,"1,2,3,4,5,6,7","[1, 2, 3, 4, 5, 6, 7]","[""地理空间"", ""交通出行"", ""教育科技"", ""文化休闲"", ""市场监督"", ""社保就业"", ""机构团体""]",,6,青易保,,联通传媒大数据,二级审批,中国联合网络通信有限公司青岛市分公司,2,,面议,,12,其他,
3,,联通“智游”文旅大数据报告，深度剖析文旅行业需求，依托中国联通的海量数据以及成熟的行业大数据分析处理能力，融合12301权威机构数据、旅游行业OTA数据、消费数据以及互联网数据，为文旅管理、文旅营销以及文旅服务提供数据依据以及决策支撑。,4,数据报告,,0,6,917827326964547584,"4,1","[1, 4]","[""地理空间"", ""文化休闲""]",,6,青易保,,联通“智游”文旅大数据报告,一级审批,中国联合网络通信有限公司青岛市分公司,2,,面议,,12,其他,
3,,青岛联通基于自有数据和合作数据，开发的“数盾风控”产品，面向金融机构提供贷前、贷中、贷后服务。,1,API,,0,4,917136854549938176,13,[13],"[""财税金融""]",,6,青易保,,运营商数盾风控产品,一级审批,中国联合网络通信有限公司青岛市分公司,2,,根据实际场景提供价格,,12,其他,
3,,省市县网络零售发展情况分析,4,数据报告,,0,1,911244273101737984,8,[8],"[""经贸工商""]",,6,青易保,,省市县网络零售数据分析报告,一级审批,浪潮卓数大数据产业发展有限公司,2,,协商议价,,12,其他,
3,,按月度查询地区实物行业一级类目网络零售信息，返回日期、地区名称、行业名称、当月网络零售额、累计网络零售额、及同比、环比、占本地区实物比例等信息。,1,API,,0,1,50,8,[8],"[""经贸工商""]",,6,青易保,,网络零售分实物商品大类情况,一级审批,浪潮卓数大数据产业发展有限公司,2,,协商议价,,12,其他,
3,,按月度查询地区网零TOP企业信息，返回日期、地区名称、平台名称、榜单类型、企业名称、当月网络零售额、累计网络零售额、统一社会信用代码、所在省份、所在城市、所在区县信息。,1,API,,0,1,51,8,[8],"[""经贸工商""]",,6,青易保,,网零企业排行榜数据,二级审批,浪潮卓数大数据产业发展有限公司,2,,协商议价,,12,其他,
3,,按月度查询地区农产品网零信息，返回日期、地区名称、指标类型、当月/累计农产品网络零售额、及同比、占上级地区农产品网零比例等信息。,1,API,,0,1,52,8,[8],"[""经贸工商""]",,6,青易保,,农产品网络零售整体情况,二级审批,浪潮卓数大数据产业发展有限公司,2,,协商议价,,12,其他,
3,,分析产业和消费的趋势、热力、规模变化，分析区域产业和消费水土变化,2,数据集,,0,,42,"11,13","[11, 13]","[""社会民生"", ""财税金融""]",,1,青易核,,消费和产业经济分析,,青岛融英供应链科技有限公司,2,,,,1,青易核,
3,,"可补全用户给定的在青登记注册企业的基本信息。
用户输入待补全对象的统一社会信用代码（uniscid）。
若待补全对象的统一社会信用代码（uniscid）存在，则is_exist为True，并返回企业名称（entname）、法定代表人（lerep）、成立日期（estdate）、经营状态（entstatus）、企业类型（enttype）、行业门类代码（industry）、注册资本（regcap）、经营范围（busscope）、官网（website），缺失的信息，返回为空。
若待补全对象的统一社会信用代码（uniscid）不存在，则is_exist为False，其余各项信息的返回均为空。",1,API,,0,4,47,"11,13","[11, 13]","[""社会民生"", ""财税金融""]",,1,青易核,,青岛市注册企业基本信息补全,一级审批,青岛华通智能科技研究院,2,,2,,1,青易核,
3,,从企业规模、税务评级、科创能力、经营风险四个维度，对在青注册的在营企业进行综合评分。系统根据对象企业得分在全市企业得分中的相对位次，对其赋予相应等级。,1,API,,0,4,48,"11,13","[11, 13]","[""社会民生"", ""财税金融""]",,1,青易核,,青岛市企业综合评价评级,一级审批,青岛华通智能科技研究院,2,,5,,1,青易核,
3,,"可查询在青登记注册的在营市场主体数量、异常经营企业数量、在青企业的分支机构数量。
用户输入待查询指标的代码（enttype，代码字典见请求参数说明）。
根据用户设定，返回所选范围的指标数值（num）。",1,API,,0,4,46,"11,13","[11, 13]","[""社会民生"", ""财税金融""]",,1,青易核,,青岛市市场主体总量查询,一级审批,青岛华通智能科技研究院,2,,1,,1,青易核,
3,,提供高速公路LINKID、路况状态、平均车速、LINK通行时间。更新频率2分钟。,1,API,,0,6,29,1,[1],"[""地理空间""]",,3,青易险,,高速公路-路况实时,,高德地图,2,,30000~1000000/年,,7,青易行,
3,,交通指数-历史-区域：使用拥堵延时指数评估城市、行政区、高德商圈、特定区域的拥堵程度。接口针对指定区间拥堵指数，从高到低进行排名，支持时段选择（全天、仅早高峰、仅晚高峰、仅平峰）、日期选择（所有日期、仅工作日、仅节假日）。支持top200数据和全量数据两种规格。,1,API,,0,6,6,1,[1],"[""地理空间""]",,3,青易险,,实时交通指数服务-道路区域,,高德地图,2,,70000~290000/年,,7,青易行,
3,,交通指数-实时-道路：使用拥堵延时指数评估城市主要道路拥堵程度。接口依据实时拥堵指数，从高到低进行动态排名，每10分钟更新。支持top200数据和全量数据两种规格。10分钟更新频率。,1,API,,0,6,5,1,[1],"[""地理空间""]",,3,青易险,,实时交通指数服务-道路,,高德地图,2,,70000~290000/年,,7,青易行,
3,,收费站为维度，提供收费站拥堵、流量、事件的运行监测。全量收费站的监测，包括收费站基础信息、流量、事件、拥堵指数。实时支持5分钟。,1,API,,0,6,37,1,[1],"[""地理空间""]",,3,青易险,,高速公路-收费站拥堵监测实时,,高德地图,2,,30000~300000/年,,7,青易行,
3,,主要用于城市规律性出行，剖析城市规律性客流特征，重点针对早晚高峰通勤规律，为解决早晚高峰拥堵，优化城市刚性出行服务，提供数据支持，规律性数据半年。 提供职住表、OD表、OD明细表。更新频率半年更新，每月数据变化不大。,1,API,,0,6,28,1,[1],"[""地理空间""]",,3,青易险,,人地数据-通勤职住OD,,高德地图,2,,300000~500000/年,,7,青易行,
3,,支持整路、路段，获取历史指标包括断面流量、饱和度、在途量等。支持历史1年数据。,1,API,,0,6,36,1,[1],"[""地理空间""]",,3,青易险,,高速公路-流量历史,,高德地图,2,,60000~600000/年,,7,青易行,
3,,实时高速交通事件：LINK/起止桩号/经纬度、事件类型、事件标题、事件描述、发布来源等。包括事件影响人次、范围配套接口。事件2分钟更新，影响人数T+8小时。,1,API,,0,6,31,1,[1],"[""地理空间""]",,3,青易险,,高速公路-事件实时,,高德地图,2,,30000~1000000/年,,7,青易行,
3,,包括高速、国道、省道，获取实时拥堵指数和对应堵点预警服务。预警2分钟更新，拥堵10分钟更新。,1,API,,0,6,33,1,[1],"[""地理空间""]",,3,青易险,,高速公路-拥堵实时,,高德地图,2,,50000~600000/年,,7,青易行,
3,,城市历史每天驾车活力指数。1天更新频率。,1,API,,0,6,17,1,[1],"[""地理空间""]",,3,青易险,,评价类服务-驾车活力指数,,高德地图,2,,130000/年,,7,青易行,
3,,指定路口各进口道转向的历史月均小时级/月均时段级延误指数、服务水平、溢出失衡状态、排队长度、停车次数、进口道名称及方位角等。月更新频率。,1,API,,0,6,21,1,[1],"[""地理空间""]",,3,青易险,,评价类服务-指定信控路口分转向评价-历史天维度,,高德地图,2,,130000/年,,7,青易行,
3,,城市历史天级/汇总交通健康指数及六宫格指标。天级更新。,1,API,,0,6,14,1,[1],"[""地理空间""]",,3,青易险,,评诊治-交通健康指数-城市历史,,高德地图,2,,65000/年,,7,青易行,
3,,提供1年内打包历史路况数据。支持历史1年数据。,1,API,,0,6,30,1,[1],"[""地理空间""]",,3,青易险,,高速公路-路况历史,,高德地图,2,,50000~1000000/年,,7,青易行,
3,,城市/行政区县下所有信控路口历史月日均小时级/月日均时段级延误指数、服务水平、溢出失衡状态、排队长度、停车次数等。月更新频率。,1,API,,0,6,19,1,[1],"[""地理空间""]",,3,青易险,,评诊治-区域信控路口整体评价-城市及行政区月维度,,高德地图,2,,130000/年,,7,青易行,
3,,行政区县实时交通健康指数及六宫格指标。10分钟更新频率。,1,API,,0,6,13,1,[1],"[""地理空间""]",,3,青易险,,评诊治-交通健康指数-行政区县实时,,高德地图,2,,65000/年,,7,青易行,
3,,行政区县历史天级/汇总交通健康指数及六宫格指标。天级更新。,1,API,,0,6,16,1,[1],"[""地理空间""]",,3,青易险,,评诊治-交通健康指数-行政区县历史,,高德地图,2,,65000/年,,7,青易行,
3,,评诊治-通勤-通勤方式分担率。城市/行政区县不同出行方式驾车/公交/地铁/骑步行的通勤人数。月更新频率。,1,API,,0,6,26,1,[1],"[""地理空间""]",,3,青易险,,评价类服务-通勤方式分担率-历史,,高德地图,2,,145000~290000/年,,7,青易行,
3,,省下所有城市历史天级/汇总交通健康指数及六宫格指标。天级更新。,1,API,,0,6,15,1,[1],"[""地理空间""]",,3,青易险,,评诊治-交通健康指数-同省份城市历史,,高德地图,2,,65000/年,,7,青易行,
3,,堵点预警-历史：获取对应城市或区域的历史预警数据。城市历史堵点(主干道以上+200米+4分钟)，支持拥堵长度、时间、概率。,1,API,,0,6,9,1,[1],"[""地理空间""]",,3,青易险,,拥堵预警接口服务-历史研判,,高德地图,2,,100000~200000/年,,7,青易行,
3,,城市/行政区县下所有信控路口历史天小时级/天时段级延误指数、服务水平、溢出失衡状态、排队长度、停车次数等。天更新频率。,1,API,,0,6,18,1,[1],"[""地理空间""]",,3,青易险,,评诊治-区域信控路口整体评价-城市及行政区天维度,,高德地图,2,,130000/年,,7,青易行,
3,,监控指定自定义区域内部当前实时人数，实时人数分布（可以精确到100*100网格），以及画像和热力数据。数据更新频率：区域每个网格的15/60min级达的人数热力。,1,API,,0,6,27,1,[1],"[""地理空间""]",,3,青易险,,人地数据-实时客流,,高德地图,2,,15000~150000/点位/年,,7,青易行,
3,,提供1年内打包历史事件数据。支持历史1年数据。,1,API,,0,6,32,1,[1],"[""地理空间""]",,3,青易险,,高速公路-事件历史,,高德地图,2,,50000~500000/年,,7,青易行,
3,,交通指数-历史-道路：使用拥堵延时指数评估城市主要道路拥堵程度。接口针对指定区间拥堵指数，从高到低进行排名，支持时段选择（全天、仅早高峰、仅晚高峰、仅平峰）、日期选择（所有日期、仅工作日、仅节假日）、道路类型选择（例如高速、国道、环线等）。支持top200数据和全量数据两种规格。,1,API,,0,6,7,1,[1],"[""地理空间""]",,3,青易险,,实时交通指数服务-道路历史,,高德地图,2,,70000~290000/年,,7,青易行,
3,,收费站为维度，提供收费站拥堵、流量、事件的运行监测。全量收费站的监测，包括收费站基础信息、流量、事件、拥堵指数。历史支持3个月查询。,1,API,,0,6,38,1,[1],"[""地理空间""]",,3,青易险,,高速公路-收费站拥堵监测历史,,高德地图,2,,30000~300000/年,,7,青易行,
3,,城市/行政区县下天时段级/月时段级路口转向失衡的直行左转方向的延误指数、排队长度、停车次数等。天更新频率。,1,API,,0,6,23,1,[1],"[""地理空间""]",,3,青易险,,评价类服务-路口单进口道问题诊断-历史--转向失衡,,高德地图,2,,45000/年,,7,青易行,
3,,省下所有城市实时交通健康指数及六宫格指标。10分钟更新频率。,1,API,,0,6,12,1,[1],"[""地理空间""]",,3,青易险,,评诊治-交通健康指数-同省份城市实时,,高德地图,2,,65000/年,,7,青易行,
3,,城市/行政区县下天时段级/月时段级路口转向潮汐的直行左转方向的延误指数、排队长度、停车次数等。天更新频率。,1,API,,0,6,24,1,[1],"[""地理空间""]",,3,青易险,,评价类服务-路口单进口道问题诊断-历史--转向潮汐,,高德地图,2,,45000/年,,7,青易行,
3,,城市实时交通健康指数及六宫格指标。10分钟更新频率。,1,API,,0,6,11,1,[1],"[""地理空间""]",,3,青易险,,评诊治-交通健康指数-城市实时,,高德地图,2,,65000/年,,7,青易行,
3,,评诊治-通勤-区域职住比。行政区县下职人数、住人数。月更新频率。,1,API,,0,6,25,1,[1],"[""地理空间""]",,3,青易险,,评价类服务-通勤职住比与自足性诊断-历史,,高德地图,2,,145000~290000/年,,7,青易行,
3,,城市/行政区县下天时段级/月时段级路口进口道右转低效的右转向延误指数、排队长度、停车次数等。天更新频率。,1,API,,0,6,22,1,[1],"[""地理空间""]",,3,青易险,,评价类服务-路口单进口道问题诊断-历史--右转低效,,高德地图,2,,45000/年,,7,青易行,
3,,堵点预警-详情：获取一个预警对应的详情回放。堵点具体每2分钟拥堵详情，用于回放。,1,API,,0,6,10,1,[1],"[""地理空间""]",,3,青易险,,拥堵预警接口服务-拥堵详情,,高德地图,2,,0配套服务,,7,青易行,
3,,支持整路、路段，获取实时指标包括断面流量、饱和度、在途量等。流量更新频率10分钟。,1,API,,0,6,35,1,[1],"[""地理空间""]",,3,青易险,,高速公路-流量实时,,高德地图,2,,60000~600000/年,,7,青易行,
3,,指定路口各进口道转向的历史天小时级/天时段级延误指数、服务水平、溢出失衡状态、排队长度、停车次数、进口道名称及方位角等。天更新频率。,1,API,,0,6,20,1,[1],"[""地理空间""]",,3,青易险,,评价类服务-指定信控路口分转向评价-历史天维度,,高德地图,2,,130000/年,,7,青易行,
3,,包括高速、国道、省道，获取历史拥堵指数和对应堵点预警服务。支持历史6个月数据。,1,API,,0,6,34,1,[1],"[""地理空间""]",,3,青易险,,高速公路-拥堵历史,,高德地图,2,,10000~300000/年,,7,青易行,
